# WaveFront *.obj file (generated by Autodesk ATF)

mtllib Low_angle_camera_mount.mtl

g Body8

v 242.549725 165.000014 304.248326
v 242.549725 165.000003 304.248326
v 242.546950 165.000003 304.246076
v 240.774472 164.992370 302.809031
v 240.590917 159.654961 302.776665
v 244.029234 159.519792 305.567570
v 244.217947 165.007198 305.600845
v 264.209706 143.694259 318.024454
v 255.522167 144.011922 315.695126
v 253.711587 144.075635 322.456616
v 262.399126 143.757971 324.785943
v 242.549954 165.000003 304.247023
v 243.450527 164.925195 295.921887
v 238.319848 164.957511 298.023637
v 239.955590 164.994003 302.738853
v 243.267553 159.604673 295.889624
v 276.520314 140.239285 329.574358
v 275.021330 140.294851 326.976290
v 277.617691 140.200669 325.476277
v 279.116675 140.145103 328.074345
v 278.200874 156.190037 325.481775
v 279.699858 156.134471 328.079843
v 260.530810 156.829819 339.154506
v 257.552772 156.940212 333.992912
v 257.552247 151.936799 334.306155
v 258.849581 151.888708 336.554719
v 258.448642 140.896018 336.550939
v 240.158400 141.574022 304.849930
v 240.158039 141.564709 304.849889
v 239.143671 141.611637 303.091181
v 239.142871 141.591028 303.091090
v 238.439256 141.622623 301.871224
v 238.439636 141.637735 301.870934
v 235.963885 141.729509 297.579912
v 235.818089 137.732168 297.578538
v 259.801830 136.843110 339.147633
v 276.374518 136.241943 329.572984
v 252.390776 137.131001 288.003888
v 252.536572 141.128343 288.005262
v 266.581128 151.608983 329.954931
v 266.581652 156.612396 329.641689
v 267.686363 156.571446 331.556394
v 267.504118 151.574768 331.554676
v 258.460727 151.903777 333.975610
v 258.490280 151.902704 333.963021
v 258.518313 151.901687 333.947333
v 258.544503 151.900738 333.928726
v 260.943246 151.813903 332.022641
v 260.969435 151.812955 332.004034
v 260.997468 151.811938 331.988346
v 261.027021 151.810864 331.975757
v 258.457566 156.907325 333.663709
v 258.541342 156.904285 333.616825
v 260.940085 156.817451 331.710740
v 261.023860 156.814411 331.663855
v 260.966274 156.816502 331.692133
v 260.994307 156.815485 331.676445
v 260.980712 155.815216 331.746297
v 260.981344 154.814434 331.808682
v 260.981977 153.813652 331.871067
v 260.982609 152.812870 331.933451
v 258.487119 156.906251 333.651119
v 258.515152 156.905234 333.635431
v 258.501978 155.905319 333.706014
v 258.502611 154.904537 333.768399
v 258.503243 153.903755 333.830784
v 258.503875 152.902972 333.893169
v 237.330745 141.679228 298.823115
v 244.054835 141.433137 301.271680
v 244.059885 141.432943 301.299976
v 244.743645 141.407358 303.179312
v 264.100359 140.696252 318.023423
v 262.289779 140.759965 324.784912
v 253.602240 141.077628 322.455585
v 255.412820 141.013916 315.694095
v 242.256704 145.541322 294.030727
v 242.124654 141.543482 294.021410
v 236.719858 141.710423 297.143337
v 237.317408 159.801442 297.185495
v 244.101068 159.591911 293.267107
v 243.635567 145.498732 293.234266
v 244.880797 145.395456 303.203496
v 244.553653 145.405984 303.322664
v 241.294216 145.510877 304.509977
v 239.734216 145.561080 305.078236
v 239.596739 141.563516 305.053995
v 239.826311 141.556128 304.970369
v 239.827112 141.576738 304.970461
v 244.197357 145.430355 301.324216
v 239.556588 145.577910 303.310130
v 239.145645 145.591135 303.459823
v 239.921513 145.564855 303.393360
v 239.878819 145.566512 303.362325
v 239.833513 145.568227 303.336482
v 239.786458 145.569967 303.316324
v 239.738553 145.571700 303.302236
v 239.690712 145.573392 303.294487
v 239.643847 145.575012 303.293224
v 239.598853 145.576527 303.298472
v 243.375351 141.479615 297.460494
v 243.512828 145.477179 297.484735
v 239.772961 159.683515 302.706651
v 239.112374 145.752356 303.354242
v 239.106235 145.787766 303.334263
v 239.101894 145.825697 303.318993
v 239.099430 145.865435 303.308720
v 239.098892 145.906235 303.303637
v 239.108477 146.821957 303.249051
v 239.550922 159.687389 303.327066
v 238.141387 159.768214 297.992169
v 245.056107 145.371615 306.140897
v 245.066207 145.370854 306.209141
v 245.072264 145.370228 306.277860
v 245.074465 145.369735 306.346781
v 245.072988 145.369661 306.367414
v 245.068758 145.369683 306.387642
v 245.062072 145.369794 306.407298
v 245.053254 145.369983 306.426176
v 245.042602 145.370240 306.444157
v 245.030393 145.370557 306.461170
v 245.002263 145.371336 306.492167
v 244.970127 145.372277 306.519346
v 244.935176 145.373337 306.542671
v 244.897974 145.374497 306.562381
v 244.859102 145.375736 306.578526
v 244.312683 145.393320 306.777570
v 244.263054 145.394946 306.790947
v 244.211875 145.396678 306.795625
v 244.160650 145.398465 306.791467
v 244.110884 145.400254 306.778594
v 244.064039 145.401994 306.757385
v 244.021491 145.403632 306.728462
v 244.117226 159.576294 295.750906
v 244.532439 159.562396 295.688052
v 244.958122 159.548146 295.623778
v 240.177373 159.667229 303.098869
v 240.227057 159.665601 303.085470
v 240.278297 159.663868 303.080764
v 240.329583 159.662079 303.084890
v 240.379407 159.660288 303.097726
v 240.426300 159.658547 303.118894
v 240.468884 159.656907 303.147771
v 244.235634 159.508827 306.205268
v 244.259727 159.507887 306.223745
v 244.328590 159.505259 306.266542
v 244.399560 159.502634 306.296893
v 244.434544 159.501371 306.306819
v 244.468511 159.500165 306.313034
v 244.500965 159.499034 306.315447
v 244.531432 159.497995 306.314025
v 244.555109 159.497210 306.309283
v 244.577656 159.496487 306.300635
v 244.598435 159.495847 306.288326
v 244.616857 159.495308 306.272705
v 244.632401 159.494886 306.254214
v 244.644626 159.494591 306.233377
v 244.653185 159.494434 306.210785
v 244.657836 159.494418 306.187077
v 244.658448 159.494543 306.162926
v 244.657872 159.494606 306.155934
v 243.617984 159.589798 296.355274
v 243.616109 159.590176 296.303619
v 243.620979 159.590344 296.248174
v 243.632514 159.590301 296.189885
v 243.650515 159.590047 296.129743
v 243.667695 159.589694 296.090492
v 243.690731 159.589121 296.054368
v 243.719070 159.588341 296.022240
v 243.814929 159.585575 295.934836
v 243.908033 159.582819 295.861215
v 243.996075 159.580143 295.803202
v 244.076869 159.577613 295.762237
v 244.089996 159.577191 295.757357
v 244.103479 159.576750 295.753572
v 243.648181 159.560606 296.103783
v 243.650299 159.529504 296.079818
v 243.656832 159.497275 296.058259
v 243.667670 159.464473 296.039477
v 243.679718 159.507069 296.029319
v 243.696983 159.548676 296.023529
v 243.677934 159.549555 296.046595
v 243.669592 159.507507 296.042219
v 243.654065 159.551113 296.084830
v 243.894567 159.328319 295.737649
v 243.906955 159.371888 295.727307
v 243.924795 159.414399 295.721542
v 243.947658 159.454832 295.720490
v 243.974997 159.492218 295.724177
v 244.006156 159.525659 295.732515
v 244.040387 159.554353 295.745304
v 243.925723 159.326677 295.702397
v 243.962014 159.325061 295.672456
v 244.002545 159.323513 295.648562
v 244.046320 159.322069 295.631305
v 244.092259 159.320766 295.621110
v 244.093957 159.370607 295.623895
v 244.096772 159.419262 295.634835
v 244.100626 159.465380 295.653626
v 244.105412 159.507683 295.679749
v 244.110997 159.545000 295.712478
v 244.080151 159.545996 295.719454
v 244.069339 159.508820 295.687841
v 244.060329 159.466617 295.662620
v 244.053370 159.420560 295.644489
v 244.048657 159.371928 295.633954
v 244.050739 159.546966 295.731049
v 244.034952 159.509954 295.701397
v 244.021922 159.467884 295.677761
v 244.012009 159.421925 295.660795
v 244.005490 159.373351 295.650971
v 244.003113 159.511170 295.720167
v 243.986360 159.469243 295.698724
v 243.973712 159.423388 295.683371
v 243.965521 159.374878 295.674533
v 243.939422 159.424914 295.711661
v 243.929734 159.376471 295.704059
v 244.907349 159.299408 295.506369
v 244.909782 159.347482 295.508802
v 244.914864 159.394453 295.518604
v 244.922465 159.439110 295.535525
v 244.932388 159.480300 295.559126
v 244.944376 159.516961 295.588799
v 244.874833 157.850164 295.545141
v 244.038639 156.930856 295.685046
v 244.041172 156.959929 295.684002
v 244.046306 156.988134 295.682611
v 244.054024 157.015377 295.680878
v 244.064300 157.041567 295.678807
v 244.077099 157.066615 295.676407
v 244.092379 157.090438 295.673685
v 244.110089 157.112957 295.670650
v 244.130169 157.134094 295.667312
v 244.884350 157.647416 295.589179
v 244.879303 157.693162 295.571280
v 244.876001 157.742777 295.557834
v 244.874503 157.795411 295.549071
v 244.166445 157.096431 295.667676
v 244.202895 157.060126 295.677051
v 244.238411 157.026280 295.695154
v 245.010416 156.716129 296.017533
v 245.017703 156.589912 296.048688
v 245.017760 156.620943 296.046101
v 245.016555 156.652518 296.040004
v 245.014099 156.684345 296.030451
v 244.224527 157.017231 295.695229
v 244.212892 157.007085 295.695589
v 244.203539 156.995872 295.696234
v 244.199727 156.989875 295.696663
v 244.196495 156.983624 295.697162
v 244.193846 156.977123 295.697731
v 244.191781 156.970377 295.698369
v 244.189411 156.956168 295.699854
v 244.189390 156.941039 295.701610
v 244.191720 156.925033 295.703634
v 244.192584 156.921401 295.704129
v 244.609917 156.795166 295.874256
v 244.625291 156.830313 295.871254
v 244.856844 149.420246 296.240496
v 244.017285 149.108130 295.913155
v 244.843870 149.292998 296.216122
v 244.848989 149.325230 296.227327
v 244.852880 149.357379 296.235168
v 244.855506 149.389150 296.239571
v 244.016258 149.104520 295.912854
v 244.013209 149.088553 295.911686
v 244.012548 149.073370 295.910740
v 244.014277 149.059012 295.910020
v 244.016036 149.052156 295.909746
v 244.018390 149.045522 295.909528
v 244.021338 149.039114 295.909368
v 244.024877 149.032938 295.909265
v 244.033718 149.021297 295.909231
v 244.044887 149.010632 295.909427
v 244.058354 149.000974 295.909852
v 244.453839 149.188535 296.075692
v 244.440059 149.224446 296.076794
v 244.675679 148.346738 295.837997
v 244.657032 148.142556 295.804845
v 244.659161 148.197401 295.805844
v 244.663027 148.250308 295.811784
v 244.668565 148.300372 295.822563
v 244.021335 148.967835 295.893542
v 243.983284 148.932750 295.886076
v 243.945355 148.896785 295.887683
v 244.620186 146.500319 295.848780
v 243.926243 148.918961 295.889862
v 243.909561 148.942388 295.891668
v 243.895365 148.966988 295.893095
v 243.883703 148.992678 295.894138
v 243.874614 149.019374 295.894794
v 243.868129 149.046984 295.895060
v 243.864269 149.075418 295.894935
v 243.863047 149.104578 295.894420
v 243.805097 146.521676 295.963520
v 244.277330 159.480286 306.231655
v 244.297769 159.453700 306.234759
v 244.320465 159.428882 306.232970
v 244.344773 159.406536 306.226339
v 244.370004 159.387295 306.215053
v 244.395443 159.371704 306.199432
v 244.420369 159.360207 306.179919
v 244.444074 159.353129 306.157068
v 244.465887 159.350670 306.131527
v 244.485190 159.352901 306.104020
v 244.501433 159.359757 306.075326
v 244.514159 159.371046 306.046259
v 244.656850 159.493599 306.156325
v 244.645635 159.483293 306.182340
v 244.631566 159.476515 306.208126
v 244.614963 159.473420 306.233096
v 244.596204 159.474078 306.256684
v 244.575714 159.478473 306.278354
v 244.553958 159.486506 306.297613
v 243.840947 156.938409 295.801585
v 243.872103 156.936767 295.766333
v 243.908393 156.935152 295.736392
v 243.948925 156.933604 295.712499
v 243.992699 156.932160 295.695242
v 244.028446 158.525433 295.652618
v 244.010573 157.728796 295.673930
v 243.984672 158.526876 295.669875
v 243.966798 157.730240 295.691187
v 243.944140 158.528425 295.693768
v 243.926267 157.731789 295.715080
v 243.907850 158.530040 295.723709
v 243.889976 157.733404 295.745021
v 239.773547 146.804706 303.161971
v 243.799136 146.801618 306.422597
v 244.076631 159.169817 306.091715
v 244.080425 159.217976 306.092624
v 244.089649 159.266370 306.097921
v 244.104285 159.314286 306.107623
v 244.124317 159.361009 306.121748
v 244.146776 159.401323 306.138128
v 244.173091 159.439647 306.157719
v 244.202848 159.475607 306.180205
v 239.481762 146.809945 303.113075
v 244.122919 146.789453 306.239405
v 242.849533 146.577079 297.233074
v 243.127028 158.945278 296.902191
v 244.400414 159.157652 305.908522
v 243.218765 159.155002 296.884275
v 243.184319 158.938047 296.679961
v 242.906824 146.569848 297.010844
v 243.607405 146.529229 296.080059
v 243.665355 149.112131 296.010959
v 243.665481 149.118636 296.010811
v 243.840781 156.931907 295.801785
v 243.131736 158.992084 296.900422
v 243.143641 159.037546 296.897666
v 243.162450 159.080544 296.893993
v 243.187698 159.120020 296.889492
v 244.489720 159.349239 306.015313
v 244.467796 159.325280 305.987797
v 244.448589 159.299550 305.963959
v 244.432302 159.272429 305.944043
v 244.419138 159.244298 305.928296
v 244.409300 159.215538 305.916963
v 244.405692 159.201040 305.913028
v 244.402991 159.186529 305.910290
v 244.401223 159.172050 305.908777
v 243.261276 159.013688 297.816620
v 243.390815 159.035293 298.732818
v 243.520354 159.056897 299.649017
v 243.649894 159.078502 300.565215
v 243.779433 159.100106 301.481414
v 243.908972 159.121711 302.397612
v 244.038512 159.143315 303.313811
v 244.168051 159.164919 304.230009
v 244.297590 159.186524 305.146208
v 243.273181 159.059150 297.813865
v 243.402720 159.080755 298.730063
v 243.532259 159.102359 299.646262
v 243.661799 159.123964 300.562460
v 243.791338 159.145568 301.478659
v 243.920877 159.167172 302.394857
v 244.050417 159.188777 303.311055
v 244.179956 159.210381 304.227254
v 244.309495 159.231986 305.143452
v 243.291989 159.102149 297.810192
v 243.421528 159.123753 298.726390
v 243.551068 159.145357 299.642588
v 243.680607 159.166962 300.558787
v 243.810146 159.188566 301.474985
v 243.939686 159.210171 302.391184
v 244.069225 159.231775 303.307382
v 244.198764 159.253380 304.223581
v 244.328304 159.274984 305.139779
v 243.317238 159.141625 297.805691
v 243.446777 159.163229 298.721889
v 243.576316 159.184833 299.638088
v 243.705856 159.206438 300.554286
v 243.835395 159.228042 301.470485
v 243.964934 159.249647 302.386683
v 244.094474 159.271251 303.302882
v 244.224013 159.292856 304.219080
v 244.353552 159.314460 305.135278
v 242.849522 146.577077 297.232999
v 242.846622 146.575886 297.186058
v 242.851096 146.574534 297.139246
v 242.862834 146.573052 297.093712
v 242.881549 146.571478 297.050578
v 242.906779 146.569851 297.010904
v 243.159065 158.939676 296.719656
v 243.140334 158.941251 296.762815
v 243.128588 158.942733 296.808378
v 243.124116 158.944087 296.855221
v 242.867967 147.527286 297.160609
v 242.889313 148.478686 297.135160
v 242.910659 149.430086 297.109711
v 242.932005 150.381487 297.084262
v 242.953350 151.332887 297.058813
v 242.974696 152.284287 297.033364
v 242.996042 153.235687 297.007915
v 243.017387 154.187087 296.982466
v 243.038733 155.138487 296.957017
v 243.060079 156.089887 296.931568
v 243.081424 157.041287 296.906119
v 243.102770 157.992687 296.880670
v 242.872441 147.525934 297.113794
v 242.893787 148.477334 297.088343
v 242.915132 149.428734 297.062892
v 242.936478 150.380134 297.037440
v 242.957823 151.331534 297.011989
v 242.979169 152.282933 296.986537
v 243.000515 153.234333 296.961086
v 243.021860 154.185733 296.935635
v 243.043206 155.137133 296.910183
v 243.064551 156.088533 296.884732
v 243.085897 157.039933 296.859281
v 243.107242 157.991333 296.833829
v 242.884180 147.524452 297.068259
v 242.905526 148.475852 297.042805
v 242.926873 149.427252 297.017352
v 242.948219 150.378652 296.991898
v 242.969565 151.330052 296.966444
v 242.990911 152.281452 296.940991
v 243.012257 153.232851 296.915537
v 243.033603 154.184251 296.890083
v 243.054949 155.135651 296.864630
v 243.076296 156.087051 296.839176
v 243.097642 157.038451 296.813723
v 243.118988 157.989851 296.788269
v 242.902896 147.522878 297.025123
v 242.924243 148.474278 296.999667
v 242.945591 149.425678 296.974212
v 242.966938 150.377078 296.948756
v 242.988286 151.328477 296.923300
v 243.009633 152.279877 296.897845
v 243.030980 153.231277 296.872389
v 243.052328 154.182677 296.846934
v 243.073675 155.134077 296.821478
v 243.095023 156.085477 296.796022
v 243.116370 157.036876 296.770567
v 243.137717 157.988276 296.745111
v 243.170838 158.981596 296.705581
v 243.165049 159.023805 296.735904
v 243.167128 159.063391 296.770010
v 243.177012 159.099152 296.806862
v 243.194400 159.130002 296.845340
v 243.128860 158.990907 296.854030
v 243.140872 159.036413 296.852995
v 243.159855 159.079483 296.852142
v 243.185342 159.119056 296.851493
v 243.133277 158.989571 296.807763
v 243.145125 159.035126 296.808445
v 243.163840 159.078277 296.810405
v 243.144879 158.988106 296.762762
v 243.156296 159.033716 296.765112
v 243.163379 158.986551 296.720133
v 243.607450 146.529226 296.079999
v 243.638593 146.527585 296.044776
v 243.674864 146.525971 296.014857
v 243.715369 146.524423 295.990979
v 243.759114 146.522980 295.973729
v 243.805022 146.521678 295.963530
v 243.817108 149.105882 295.904616
v 243.773333 149.107325 295.921873
v 243.732802 149.108874 295.945766
v 243.696511 149.110489 295.975708
v 243.657899 147.388553 296.021753
v 243.677205 148.249521 295.998730
v 243.694176 147.386939 295.991827
v 243.713489 148.247906 295.968797
v 243.734691 147.385391 295.967944
v 243.754012 148.246358 295.944908
v 243.778445 147.383948 295.950691
v 243.797777 148.244915 295.927654
v 239.481962 146.809938 303.113002
v 239.531577 146.808468 303.099653
v 239.582755 146.807194 303.094969
v 239.633995 146.806155 303.099085
v 239.683792 146.805380 303.111882
v 239.730686 146.804892 303.132984
v 239.773301 146.804706 303.161772
v 240.368326 158.587289 303.120068
v 240.310317 157.515402 303.121243
v 240.252309 156.443514 303.122418
v 240.194301 155.371626 303.123593
v 240.136292 154.299738 303.124768
v 240.078284 153.227850 303.125943
v 240.020275 152.155963 303.127118
v 239.962267 151.084075 303.128293
v 239.904258 150.012187 303.129468
v 239.846250 148.940299 303.130643
v 239.788241 147.868412 303.131818
v 240.321480 158.589801 303.098904
v 240.263477 157.517913 303.100085
v 240.205474 156.446024 303.101265
v 240.147471 155.374136 303.102446
v 240.089468 154.302248 303.103626
v 240.031465 153.230360 303.104807
v 239.973462 152.158472 303.105987
v 239.915460 151.086584 303.107167
v 239.857457 150.014696 303.108348
v 239.799454 148.942808 303.109528
v 239.741451 147.870920 303.110709
v 240.271711 158.592479 303.086071
v 240.213715 157.520591 303.087254
v 240.155719 156.448702 303.088438
v 240.097723 155.376814 303.089621
v 240.039727 154.304925 303.090805
v 239.981730 153.233037 303.091989
v 239.923734 152.161148 303.093172
v 239.865738 151.089260 303.094356
v 239.807742 150.017371 303.095539
v 239.749746 148.945483 303.096723
v 239.691750 147.873594 303.097906
v 240.220485 158.595246 303.081945
v 240.162496 157.523357 303.083129
v 240.104507 156.451468 303.084313
v 240.046518 155.379579 303.085497
v 239.988530 154.307691 303.086682
v 239.930541 153.235802 303.087866
v 239.872552 152.163913 303.089050
v 239.814563 151.092024 303.090235
v 239.756574 150.020135 303.091419
v 239.698586 148.948246 303.092603
v 239.640597 147.876357 303.093787
v 240.169309 158.598020 303.086648
v 240.111327 157.526131 303.087830
v 240.053346 156.454241 303.089013
v 239.995364 155.382352 303.090195
v 239.937382 154.310463 303.091378
v 239.879401 153.238574 303.092560
v 239.821419 152.166684 303.093743
v 239.763437 151.094795 303.094925
v 239.705456 150.022906 303.096107
v 239.647474 148.951017 303.097290
v 239.589493 147.879127 303.098472
v 243.827389 146.801496 306.441737
v 243.858482 146.801175 306.455798
v 243.891511 146.800663 306.464369
v 243.925512 146.799976 306.467203
v 243.959497 146.799134 306.464215
v 243.992475 146.798160 306.455494
v 244.023487 146.797085 306.441292
v 244.051630 146.795938 306.422025
v 244.076084 146.794753 306.398251
v 244.096138 146.793565 306.370664
v 244.111207 146.792408 306.340068
v 244.120854 146.791317 306.307351
v 244.124796 146.790322 306.273468
v 244.402291 159.158521 305.942586
v 244.398348 159.159516 305.976469
v 244.388702 159.160608 306.009185
v 244.373633 159.161764 306.039782
v 244.353579 159.162952 306.067368
v 244.329125 159.164137 306.091142
v 244.300982 159.165284 306.110410
v 244.269970 159.166360 306.124611
v 244.236991 159.167333 306.133332
v 244.203007 159.168175 306.136320
v 244.169005 159.168862 306.133487
v 244.135977 159.169374 306.124915
v 244.104884 159.169695 306.110855
v 243.843712 147.529037 306.422274
v 243.860036 148.256578 306.402810
v 243.876359 148.984120 306.383346
v 243.892682 149.711661 306.363883
v 243.909005 150.439202 306.344419
v 243.925329 151.166743 306.324955
v 243.941652 151.894284 306.305491
v 243.957975 152.621825 306.286028
v 243.974298 153.349366 306.266564
v 243.990622 154.076907 306.247100
v 244.006945 154.804449 306.227637
v 244.023268 155.531990 306.208173
v 244.039591 156.259531 306.188709
v 244.055914 156.987072 306.169246
v 244.072238 157.714613 306.149782
v 244.088561 158.442154 306.130318
v 243.874806 147.528716 306.436334
v 243.891129 148.256257 306.416870
v 243.907452 148.983798 306.397407
v 243.923775 149.711339 306.377943
v 243.940099 150.438880 306.358479
v 243.956422 151.166421 306.339016
v 243.972745 151.893963 306.319552
v 243.989068 152.621504 306.300088
v 244.005392 153.349045 306.280625
v 244.021715 154.076586 306.261161
v 244.038038 154.804127 306.241697
v 244.054361 155.531668 306.222233
v 244.070684 156.259209 306.202770
v 244.087008 156.986751 306.183306
v 244.103331 157.714292 306.163842
v 244.119654 158.441833 306.144379
v 243.907834 147.528204 306.444906
v 243.924157 148.255745 306.425442
v 243.940480 148.983286 306.405978
v 243.956803 149.710828 306.386515
v 243.973127 150.438369 306.367051
v 243.989450 151.165910 306.347587
v 244.005773 151.893451 306.328124
v 244.022096 152.620992 306.308660
v 244.038420 153.348533 306.289196
v 244.054743 154.076074 306.269733
v 244.071066 154.803615 306.250269
v 244.087389 155.531157 306.230805
v 244.103713 156.258698 306.211341
v 244.120036 156.986239 306.191878
v 244.136359 157.713780 306.172414
v 244.152682 158.441321 306.152950
v 243.941835 147.527517 306.447739
v 243.958158 148.255058 306.428275
v 243.974482 148.982599 306.408812
v 243.990805 149.710140 306.389348
v 244.007128 150.437682 306.369884
v 244.023451 151.165223 306.350421
v 244.039775 151.892764 306.330957
v 244.056098 152.620305 306.311493
v 244.072421 153.347846 306.292030
v 244.088744 154.075387 306.272566
v 244.105067 154.802928 306.253102
v 244.121391 155.530470 306.233638
v 244.137714 156.258011 306.214175
v 244.154037 156.985552 306.194711
v 244.170360 157.713093 306.175247
v 244.186684 158.440634 306.155784
v 243.975820 147.526675 306.444752
v 243.992143 148.254216 306.425288
v 244.008466 148.981757 306.405824
v 244.024789 149.709298 306.386360
v 244.041113 150.436839 306.366897
v 244.057436 151.164380 306.347433
v 244.073759 151.891921 306.327969
v 244.090082 152.619463 306.308506
v 244.106406 153.347004 306.289042
v 244.122729 154.074545 306.269578
v 244.139052 154.802086 306.250115
v 244.155375 155.529627 306.230651
v 244.171699 156.257168 306.211187
v 244.188022 156.984709 306.191724
v 244.204345 157.712251 306.172260
v 244.220668 158.439792 306.152796
v 244.008798 147.525701 306.436030
v 244.025121 148.253243 306.416566
v 244.041445 148.980784 306.397103
v 244.057768 149.708325 306.377639
v 244.074091 150.435866 306.358175
v 244.090414 151.163407 306.338712
v 244.106738 151.890948 306.319248
v 244.123061 152.618489 306.299784
v 244.139384 153.346030 306.280321
v 244.155707 154.073572 306.260857
v 244.172031 154.801113 306.241393
v 244.188354 155.528654 306.221929
v 244.204677 156.256195 306.202466
v 244.221000 156.983736 306.183002
v 244.237323 157.711277 306.163538
v 244.253647 158.438818 306.144075
v 244.039810 147.524626 306.421829
v 244.056134 148.252167 306.402365
v 244.072457 148.979708 306.382901
v 244.088780 149.707249 306.363438
v 244.105103 150.434790 306.343974
v 244.121427 151.162331 306.324510
v 244.137750 151.889872 306.305047
v 244.154073 152.617414 306.285583
v 244.170396 153.344955 306.266119
v 244.186719 154.072496 306.246655
v 244.203043 154.800037 306.227192
v 244.219366 155.527578 306.207728
v 244.235689 156.255119 306.188264
v 244.252012 156.982660 306.168801
v 244.268336 157.710202 306.149337
v 244.284659 158.437743 306.129873
v 244.067953 147.523479 306.402561
v 244.084277 148.251020 306.383097
v 244.100600 148.978561 306.363633
v 244.116923 149.706102 306.344170
v 244.133246 150.433643 306.324706
v 244.149569 151.161184 306.305242
v 244.165893 151.888726 306.285779
v 244.182216 152.616267 306.266315
v 244.198539 153.343808 306.246851
v 244.214862 154.071349 306.227388
v 244.231186 154.798890 306.207924
v 244.247509 155.526431 306.188460
v 244.263832 156.253972 306.168997
v 244.280155 156.981514 306.149533
v 244.296479 157.709055 306.130069
v 244.312802 158.436596 306.110605
v 244.092408 147.522294 306.378788
v 244.108731 148.249835 306.359324
v 244.125054 148.977376 306.339860
v 244.141377 149.704918 306.320396
v 244.157701 150.432459 306.300933
v 244.174024 151.160000 306.281469
v 244.190347 151.887541 306.262005
v 244.206670 152.615082 306.242542
v 244.222993 153.342623 306.223078
v 244.239317 154.070164 306.203614
v 244.255640 154.797705 306.184151
v 244.271963 155.525247 306.164687
v 244.288286 156.252788 306.145223
v 244.304610 156.980329 306.125760
v 244.320933 157.707870 306.106296
v 244.337256 158.435411 306.086832
v 244.112461 147.521106 306.351201
v 244.128785 148.248647 306.331737
v 244.145108 148.976188 306.312273
v 244.161431 149.703730 306.292810
v 244.177754 150.431271 306.273346
v 244.194078 151.158812 306.253882
v 244.210401 151.886353 306.234419
v 244.226724 152.613894 306.214955
v 244.243047 153.341435 306.195491
v 244.259370 154.068976 306.176028
v 244.275694 154.796518 306.156564
v 244.292017 155.524059 306.137100
v 244.308340 156.251600 306.117636
v 244.324663 156.979141 306.098173
v 244.340987 157.706682 306.078709
v 244.357310 158.434223 306.059245
v 244.127531 147.519950 306.320604
v 244.143854 148.247491 306.301140
v 244.160177 148.975032 306.281677
v 244.176500 149.702573 306.262213
v 244.192824 150.430114 306.242749
v 244.209147 151.157655 306.223285
v 244.225470 151.885196 306.203822
v 244.241793 152.612737 306.184358
v 244.258117 153.340279 306.164894
v 244.274440 154.067820 306.145431
v 244.290763 154.795361 306.125967
v 244.307086 155.522902 306.106503
v 244.323409 156.250443 306.087040
v 244.339733 156.977984 306.067576
v 244.356056 157.705525 306.048112
v 244.372379 158.433067 306.028649
v 244.137177 147.518858 306.287888
v 244.153500 148.246399 306.268424
v 244.169823 148.973940 306.248960
v 244.186146 149.701481 306.229497
v 244.202470 150.429022 306.210033
v 244.218793 151.156564 306.190569
v 244.235116 151.884105 306.171106
v 244.251439 152.611646 306.151642
v 244.267763 153.339187 306.132178
v 244.284086 154.066728 306.112714
v 244.300409 154.794269 306.093251
v 244.316732 155.521810 306.073787
v 244.333056 156.249351 306.054323
v 244.349379 156.976893 306.034860
v 244.365702 157.704434 306.015396
v 244.382025 158.431975 305.995932
v 244.141119 147.517863 306.254005
v 244.157442 148.245404 306.234541
v 244.173765 148.972945 306.215077
v 244.190089 149.700486 306.195614
v 244.206412 150.428028 306.176150
v 244.222735 151.155569 306.156686
v 244.239058 151.883110 306.137223
v 244.255381 152.610651 306.117759
v 244.271705 153.338192 306.098295
v 244.288028 154.065733 306.078831
v 244.304351 154.793274 306.059368
v 244.320674 155.520815 306.039904
v 244.336998 156.248357 306.020440
v 244.353321 156.975898 306.000977
v 244.369644 157.703439 305.981513
v 244.385967 158.430980 305.962049
v 244.239158 159.450413 306.203560
v 244.342045 159.359677 306.192698
v 244.461768 159.328570 306.078271
v 244.482551 159.340527 306.034686
v 244.098556 159.203784 306.106054
v 244.103565 159.237730 306.108593
v 244.111391 159.271423 306.113431
v 244.122017 159.304701 306.120559
v 244.140721 159.348607 306.133765
v 244.164187 159.390745 306.150916
v 244.192347 159.431030 306.171960
v 244.224954 159.469045 306.196713
v 244.121369 159.200809 306.118418
v 244.125905 159.232091 306.120723
v 244.133036 159.263277 306.125158
v 244.142777 159.294238 306.131738
v 244.160039 159.335390 306.144015
v 244.181881 159.375278 306.160094
v 244.208317 159.413770 306.179987
v 244.147377 159.197602 306.128218
v 244.151404 159.226131 306.130295
v 244.157782 159.254730 306.134334
v 244.166561 159.283307 306.140378
v 244.182255 159.321634 306.151749
v 244.202331 159.359228 306.166790
v 244.226888 159.395905 306.185582
v 244.255803 159.431174 306.208034
v 244.176248 159.194237 306.134519
v 244.179743 159.220013 306.136391
v 244.185330 159.246024 306.140073
v 244.193097 159.272219 306.145632
v 244.207139 159.307732 306.156186
v 244.225348 159.343042 306.170298
v 244.247915 159.377920 306.188113
v 244.274785 159.411832 306.209585
v 244.207321 159.190824 306.136421
v 244.210286 159.213955 306.138132
v 244.215079 159.237480 306.141528
v 244.221826 159.261385 306.146697
v 244.234199 159.294187 306.156597
v 244.250513 159.327289 306.169971
v 244.271051 159.360418 306.187019
v 244.295827 159.393005 306.207735
v 244.239603 159.187500 306.133194
v 244.242070 159.208223 306.134809
v 244.246113 159.229476 306.138023
v 244.251891 159.251280 306.142940
v 244.262669 159.281577 306.152417
v 244.277162 159.312615 306.165320
v 244.295731 159.344084 306.181891
v 244.318460 159.375385 306.202147
v 244.271822 159.184420 306.124430
v 244.273860 159.203097 306.126027
v 244.277252 159.222407 306.129187
v 244.282181 159.242397 306.134023
v 244.291551 159.270501 306.143361
v 244.304414 159.299684 306.156116
v 244.321199 159.329615 306.172551
v 244.302567 159.181733 306.110153
v 244.304283 159.198838 306.111817
v 244.307176 159.216632 306.115061
v 244.311448 159.235183 306.120000
v 244.319707 159.261494 306.129503
v 244.331258 159.289092 306.142454
v 244.346568 159.317639 306.159116
v 244.365819 159.346519 306.179517
v 244.330295 159.179577 306.091022
v 244.331822 159.195663 306.092830
v 244.334416 159.212446 306.096286
v 244.338280 159.229997 306.101497
v 244.345824 159.254991 306.111448
v 244.356489 159.281329 306.124912
v 244.370751 159.308685 306.142133
v 244.388815 159.336461 306.163119
v 244.373345 159.177062 306.041861
v 244.374935 159.192806 306.044119
v 244.377587 159.209112 306.048275
v 244.381469 159.226030 306.054400
v 244.388921 159.249885 306.065862
v 244.399275 159.274753 306.081047
v 244.412940 159.300373 306.100109
v 244.430086 159.326239 306.122990
v 244.410461 159.329679 306.144014
v 244.393125 159.302914 306.122158
v 244.379435 159.276540 306.104092
v 244.369190 159.251117 306.089838
v 244.361932 159.226942 306.079192
v 244.358210 159.209933 306.073556
v 244.355707 159.193644 306.069770
v 244.354232 159.178005 306.067744
v 244.387654 159.176706 306.014296
v 244.389479 159.193052 306.016814
v 244.392466 159.209834 306.021385
v 244.396751 159.227075 306.028055
v 244.404799 159.251083 306.040423
v 244.415717 159.275749 306.056641
v 244.429835 159.300863 306.076804
v 244.447277 159.325977 306.100812
v 244.397165 159.176879 305.986374
v 244.399328 159.194239 305.989147
v 244.402811 159.211884 305.994128
v 244.407707 159.229804 306.001341
v 244.416696 159.254383 306.014616
v 244.428576 159.279181 306.031867
v 244.443581 159.304039 306.053133
v 244.402295 159.177494 305.959103
v 244.404871 159.196183 305.962110
v 244.408962 159.214992 305.967472
v 244.414621 159.233877 305.975193
v 244.424808 159.259376 305.989318
v 244.437956 159.284602 306.007542
v 244.454193 159.309447 306.029845
v 244.473495 159.333583 306.056048
v 244.403651 159.178454 305.933236
v 244.406683 159.198691 305.936447
v 244.411452 159.218879 305.942147
v 244.417966 159.238940 305.950318
v 244.429518 159.265632 305.965202
v 244.444142 159.291539 305.984296
v 244.461856 159.316596 306.007528
v 243.966516 149.104322 295.897842
v 243.914930 149.104341 295.891636
v 244.020691 149.009912 295.903041
v 243.995520 149.067270 295.904727
v 243.974536 148.979897 295.891045
v 243.941867 149.056530 295.893683
v 243.943204 148.959096 295.888870
v 243.905314 149.049182 295.892060
v 243.920829 148.998520 295.891010
v 243.954645 149.013183 295.892694
v 244.005540 149.000144 295.897909
v 243.988060 149.027497 295.898891
v 243.977931 149.063756 295.899926
v 243.960013 149.060169 295.896235
v 243.971450 149.020404 295.895235
v 243.990125 148.990119 295.893899
v 244.004381 149.034424 295.903631
v 243.979192 149.104902 295.900772
v 243.940875 149.105397 295.893598
v 243.901952 149.105997 295.891453
v 243.863081 149.106691 295.894373
v 243.834172 149.107270 295.899906
v 243.805945 149.107891 295.908246
v 243.778672 149.108547 295.919312
v 243.752617 149.109232 295.932999
v 243.728029 149.109940 295.949174
v 243.705145 149.110664 295.967681
v 243.684187 149.111397 295.988343
v 243.970473 149.108791 295.898580
v 243.921917 149.109699 295.891822
v 243.872913 149.110832 295.893063
v 243.824771 149.112159 295.902269
v 243.778776 149.113643 295.919194
v 243.736157 149.115247 295.943387
v 243.698053 149.116926 295.974200
v 244.145773 156.922062 295.689554
v 244.097217 156.922970 295.682796
v 244.048213 156.924103 295.684037
v 244.000070 156.925429 295.693243
v 243.954075 156.926914 295.710168
v 243.911457 156.928517 295.734361
v 243.873353 156.930197 295.765174
v 243.719965 150.093585 295.948072
v 243.741878 151.070244 295.921944
v 243.763790 152.046902 295.895815
v 243.785703 153.023561 295.869687
v 243.807615 154.000220 295.843559
v 243.829528 154.976879 295.817431
v 243.851440 155.953538 295.791302
v 243.758069 150.091906 295.917259
v 243.779982 151.068564 295.891130
v 243.801894 152.045223 295.865002
v 243.823807 153.021882 295.838874
v 243.845719 153.998541 295.812746
v 243.867632 154.975200 295.786617
v 243.889544 155.951859 295.760489
v 243.800688 150.090302 295.893066
v 243.822601 151.066961 295.866938
v 243.844513 152.043620 295.840810
v 243.866426 153.020279 295.814681
v 243.888338 153.996938 295.788553
v 243.910251 154.973596 295.762425
v 243.932163 155.950255 295.736297
v 243.846683 150.088817 295.876141
v 243.868596 151.065476 295.850013
v 243.890508 152.042135 295.823884
v 243.912420 153.018794 295.797756
v 243.934333 153.995453 295.771628
v 243.956245 154.972112 295.745500
v 243.978158 155.948770 295.719371
v 243.894825 150.087491 295.866935
v 243.916738 151.064150 295.840807
v 243.938650 152.040809 295.814678
v 243.960563 153.017468 295.788550
v 243.982475 153.994126 295.762422
v 244.004388 154.970785 295.736294
v 244.026300 155.947444 295.710165
v 243.943829 150.086358 295.865694
v 243.965742 151.063017 295.839566
v 243.987654 152.039676 295.813438
v 244.009567 153.016335 295.787309
v 244.031479 153.992994 295.761181
v 244.053392 154.969653 295.735053
v 244.075304 155.946311 295.708925
v 243.992386 150.085450 295.872452
v 244.014298 151.062109 295.846323
v 244.036210 152.038767 295.820195
v 244.058123 153.015426 295.794067
v 244.080035 153.992085 295.767939
v 244.101948 154.968744 295.741810
v 244.123860 155.945403 295.715682
v 244.154660 156.925667 295.691545
v 244.116351 156.926507 295.684362
v 244.077437 156.927539 295.682205
v 244.038578 156.928745 295.685112
v 244.009678 156.929758 295.690633
v 243.981462 156.930850 295.698961
v 243.954201 156.932009 295.710014
v 243.928157 156.933224 295.723686
v 243.903581 156.934484 295.739846
v 243.880711 156.935777 295.758338
v 243.859765 156.937090 295.778984
v 244.142019 156.926658 295.688573
v 244.090477 156.928618 295.682315
v 244.172000 156.956565 295.694067
v 244.196150 157.014107 295.689130
v 244.118141 156.967273 295.682330
v 244.150539 157.043744 295.675891
v 244.081437 156.974889 295.680293
v 244.119589 157.064557 295.672771
v 244.093863 157.017738 295.677446
v 244.128041 157.004081 295.679739
v 244.154347 156.960011 295.689028
v 244.161805 156.990951 295.686522
v 244.181173 157.023698 295.683610
v 244.165941 157.033595 295.679185
v 244.145023 156.997431 295.682577
v 244.136360 156.963587 295.685104
v 244.203517 157.009443 295.692287
v 244.186402 156.981626 295.694442
v 244.180670 156.954896 295.696992
v 244.178295 156.984677 295.691542
v 244.657933 159.494210 306.160724
v 244.657401 159.493895 306.158524
v 239.531592 146.808467 303.099614
v 239.582785 146.807192 303.094905
v 239.634034 146.806152 303.099015
v 239.683833 146.805377 303.111821
v 239.730715 146.804891 303.132947
v 243.638588 146.527585 296.044767
v 243.674856 146.525971 296.014844
v 243.715361 146.524423 295.990966
v 243.759109 146.522980 295.973720
v 244.611940 145.691849 295.897566
v 244.612902 145.642185 295.904595
v 244.616780 145.594351 295.919466
v 244.623465 145.549683 295.941764
v 244.632770 145.509431 295.970865
v 244.644435 145.474718 296.005955
v 244.658135 145.446515 296.046055
v 243.768010 145.476386 296.168217
v 243.783510 145.475893 296.161635
v 243.799636 145.475368 296.156787
v 243.816195 145.474817 296.153730
v 243.811506 145.503138 296.115153
v 243.807668 145.537300 296.081531
v 243.804780 145.576427 296.053727
v 243.802914 145.619513 296.032458
v 243.802121 145.665451 296.018268
v 243.802418 145.713060 296.011522
v 243.756503 145.713815 296.021744
v 243.712755 145.714980 296.039007
v 243.672249 145.716528 296.062885
v 243.635983 145.718420 296.092791
v 243.604846 145.720609 296.127990
v 243.617592 145.671063 296.121143
v 243.637058 145.623278 296.119827
v 243.662668 145.578667 296.124083
v 243.693663 145.538551 296.133783
v 243.729127 145.504118 296.148641
v 243.797850 145.504395 296.116508
v 243.753910 145.504394 296.132988
v 243.785161 145.540755 296.083407
v 243.741339 145.540415 296.100196
v 243.700044 145.544727 296.122070
v 243.774328 145.582562 296.056695
v 243.730607 145.581832 296.073732
v 243.689676 145.584741 296.096504
v 243.765662 145.628617 296.037135
v 243.722022 145.627458 296.054356
v 243.681382 145.628820 296.077783
v 243.644736 145.632671 296.106845
v 243.759411 145.677600 296.025290
v 243.715829 145.675984 296.042621
v 243.675399 145.675702 296.066446
v 243.639110 145.676762 296.096183
v 243.451762 145.485800 296.409368
v 243.538278 145.483307 296.329790
v 243.620736 145.480880 296.262352
v 243.697746 145.478560 296.208190
v 243.394415 145.627031 296.413393
v 243.407070 145.577757 296.406568
v 243.426375 145.530216 296.405213
v 243.381357 145.487476 296.532288
v 243.392260 145.487308 296.498126
v 243.407849 145.486968 296.465835
v 243.427815 145.486462 296.436052
v 243.381880 145.589557 296.438194
v 243.375447 145.553229 296.466750
v 243.375271 145.518925 296.498369
v 243.391074 145.529843 296.454046
v 243.379955 145.578215 296.445378
v 243.412871 145.528451 296.422401
v 243.402731 145.576759 296.412299
v 243.372338 145.486789 296.696730
v 243.368054 145.487164 296.659081
v 243.368138 145.487405 296.618830
v 243.372588 145.487510 296.576413
v 242.912121 146.192836 297.024548
v 242.898559 146.151223 297.052371
v 242.892568 146.111150 297.084743
v 242.894327 146.073814 297.120697
v 242.903784 146.040331 297.159157
v 242.920655 146.011703 297.198975
v 242.944436 145.988784 297.238961
v 244.217070 146.201032 306.239968
v 244.220036 146.202296 306.289688
v 244.214956 146.203735 306.339232
v 244.201963 146.205313 306.387306
v 244.181396 146.206987 306.432656
v 244.153791 146.208715 306.474098
v 244.119869 146.210452 306.510550
v 244.080517 146.212151 306.541060
v 244.036760 146.213769 306.564833
v 243.989741 146.215263 306.581248
v 243.940688 146.216594 306.589876
v 243.985205 146.174432 306.629724
v 244.042180 146.115163 306.681201
v 244.088693 146.070177 306.715849
v 244.141902 146.027892 306.741061
v 244.216642 146.013503 306.710069
v 244.288651 145.990674 306.677971
v 244.424128 145.923910 306.613960
v 244.457308 145.903250 306.598292
v 244.611410 145.791281 306.528458
v 244.847272 145.585921 306.431368
v 244.186502 145.991632 306.753364
v 244.234333 145.943316 306.759196
v 244.281947 145.884152 306.757580
v 244.324175 145.821132 306.749499
v 244.325075 145.819504 306.749262
v 244.440818 145.741726 306.711231
v 244.550297 145.654533 306.676018
v 244.760664 145.467996 306.609415
v 244.233344 145.996424 306.718932
v 244.232146 145.965674 306.746988
v 244.300750 145.902562 306.742098
v 244.811016 145.458875 306.589233
v 244.657597 145.596621 306.637927
v 244.579160 145.663499 306.663048
v 244.415196 145.788338 306.716462
v 244.352770 145.828510 306.737232
v 244.826931 145.480568 306.575072
v 244.672206 145.617786 306.624982
v 244.592881 145.684333 306.650896
v 244.426047 145.808392 306.706553
v 244.361990 145.848273 306.728443
v 244.294531 145.883453 306.751854
v 244.840792 145.501515 306.556649
v 244.685015 145.638286 306.608207
v 244.604954 145.704558 306.635191
v 244.435629 145.827971 306.693782
v 244.370115 145.867610 306.717092
v 245.003729 145.380517 306.483840
v 244.851963 145.520890 306.534414
v 244.695507 145.657406 306.587971
v 244.614931 145.723521 306.616250
v 244.443661 145.846578 306.678357
v 244.376934 145.886087 306.703339
v 244.305906 145.920922 306.730199
v 245.011778 145.397570 306.456949
v 244.859988 145.537966 306.509079
v 244.703304 145.674513 306.564846
v 244.622483 145.740650 306.594566
v 244.449937 145.863777 306.660588
v 244.382292 145.903320 306.687430
v 244.309898 145.938204 306.716340
v 245.016082 145.411437 306.427976
v 244.864608 145.552126 306.481664
v 244.708175 145.689046 306.539666
v 244.627399 145.755420 306.570866
v 244.454313 145.879138 306.640956
v 244.386077 145.918923 306.669749
v 244.312652 145.954062 306.700818
v 244.233217 145.981787 306.733612
v 245.016689 145.421770 306.398152
v 244.865840 145.563021 306.453256
v 244.710105 145.700665 306.513334
v 244.629651 145.767499 306.545938
v 244.456751 145.892363 306.619989
v 244.388259 145.932617 306.650725
v 244.314151 145.968240 306.683966
v 243.896901 146.262321 306.550299
v 243.855586 146.314573 306.512137
v 243.782400 146.425277 306.442903
v 239.746691 145.889531 303.222559
v 239.713729 145.861597 303.203196
v 239.676897 145.834879 303.190108
v 239.637111 145.810044 303.183621
v 239.595363 145.787710 303.183897
v 239.552693 145.768433 303.190928
v 239.510163 145.752694 303.204541
v 239.468834 145.740885 303.224394
v 239.462696 145.776295 303.204415
v 239.458354 145.814226 303.189146
v 239.455891 145.853964 303.178873
v 239.455352 145.894763 303.173789
v 242.846611 146.575887 297.186057
v 242.851080 146.574534 297.139243
v 242.862819 146.573052 297.093708
v 242.881539 146.571478 297.050574
v 244.127498 146.412311 306.247651
v 243.812514 146.425147 306.463303
v 243.845654 146.424804 306.478289
v 243.880856 146.424259 306.487425
v 243.917096 146.423527 306.490445
v 243.953318 146.422629 306.487260
v 243.988467 146.421592 306.477965
v 244.021521 146.420445 306.462829
v 244.051516 146.419223 306.442292
v 244.077581 146.417960 306.416954
v 244.098954 146.416694 306.387551
v 244.115016 146.415461 306.354940
v 244.125297 146.414298 306.320070
v 244.129499 146.413237 306.283957
v 242.854865 146.200062 297.246643
v 242.851962 146.198323 297.199720
v 242.856435 146.196693 297.152916
v 242.868173 146.195211 297.107383
v 242.886889 146.193915 297.064240
v 239.504961 145.892435 303.160459
v 239.556137 145.890637 303.155785
v 239.607379 145.889421 303.159905
v 239.657179 145.888822 303.172699
v 239.704076 145.888860 303.193790
v 244.186365 146.236543 306.243472
v 244.161525 146.276449 306.246043
v 244.143161 146.319766 306.247618
v 244.131725 146.365428 306.248159
v 243.875797 146.332718 306.507538
v 243.878917 146.377675 306.493927
v 243.842834 146.378234 306.484563
v 243.913371 146.251096 306.558494
v 243.914177 146.289635 306.531471
v 243.915081 146.331925 306.510811
v 243.916062 146.376925 306.497022
v 243.960368 146.249931 306.554363
v 243.956759 146.288579 306.527728
v 243.954346 146.330951 306.507359
v 243.953190 146.376004 306.493759
v 244.005974 146.248585 306.542302
v 243.998081 146.287360 306.516800
v 243.992449 146.329827 306.497283
v 243.989218 146.374941 306.484231
v 244.048861 146.247098 306.522663
v 244.036938 146.286012 306.499006
v 244.028280 146.328584 306.480875
v 244.023098 146.373766 306.468716
v 244.087780 146.245512 306.496017
v 244.072201 146.284575 306.474863
v 244.060795 146.327259 306.458613
v 244.053843 146.372513 306.447666
v 244.121598 146.243873 306.463141
v 244.102842 146.283090 306.445076
v 244.089049 146.325890 306.431146
v 244.080559 146.371219 306.421694
v 244.149330 146.242231 306.424991
v 244.127969 146.281602 306.410510
v 244.112219 146.324518 306.399273
v 244.102467 146.369921 306.391557
v 244.170170 146.240631 306.382679
v 244.146851 146.280153 306.372172
v 244.129630 146.323181 306.363922
v 244.118930 146.368657 306.358130
v 244.183509 146.239121 306.337435
v 244.158937 146.278785 306.331179
v 244.140775 146.321920 306.326122
v 244.129468 146.367465 306.322389
v 244.188961 146.237745 306.290579
v 244.163877 146.277538 306.288724
v 244.145329 146.320770 306.286975
v 244.133775 146.366378 306.285372
v 242.913732 146.024295 297.242465
v 242.888892 146.064201 297.245036
v 242.870528 146.107518 297.246611
v 242.859091 146.153180 297.247151
v 243.990321 146.341845 305.248047
v 243.848917 146.318262 304.247935
v 243.707514 146.294679 303.247823
v 243.566110 146.271096 302.247711
v 243.424706 146.247512 301.247599
v 243.283303 146.223929 300.247487
v 243.141899 146.200346 299.247375
v 243.000495 146.176763 298.247263
v 244.001757 146.296183 305.247507
v 243.860354 146.272600 304.247395
v 243.718950 146.249017 303.247283
v 243.577546 146.225434 302.247171
v 243.436142 146.201850 301.247059
v 243.294739 146.178267 300.246947
v 243.153335 146.154684 299.246835
v 243.011931 146.131101 298.246723
v 244.020122 146.252866 305.245931
v 243.878718 146.229283 304.245819
v 243.737314 146.205700 303.245708
v 243.595910 146.182116 302.245596
v 243.454507 146.158533 301.245484
v 243.313103 146.134950 300.245372
v 243.171699 146.111367 299.245260
v 243.030296 146.087784 298.245148
v 244.044962 146.212960 305.243360
v 243.903558 146.189377 304.243248
v 243.762154 146.165794 303.243136
v 243.620751 146.142211 302.243024
v 243.479347 146.118628 301.242912
v 243.337943 146.095045 300.242800
v 243.196539 146.071461 299.242689
v 243.055136 146.047878 298.242577
v 242.856040 146.155987 297.221505
v 242.856712 146.162784 297.168906
v 242.866612 146.170824 297.117421
v 242.885431 146.179851 297.068660
v 242.866277 146.111554 297.214993
v 242.866447 146.120476 297.162708
v 242.875544 146.131959 297.111730
v 242.893285 146.145638 297.063652
v 242.883085 146.069566 297.207011
v 242.882443 146.080477 297.155109
v 242.890230 146.095197 297.104750
v 242.905910 146.031146 297.197802
v 244.244774 145.460411 296.098788
v 239.505495 145.853245 303.165407
v 239.556652 145.854206 303.160447
v 239.607857 145.856819 303.164139
v 239.657609 145.861006 303.176374
v 239.704446 145.866646 303.196794
v 239.507923 145.814090 303.175529
v 239.558971 145.816784 303.170121
v 239.610001 145.822229 303.173081
v 239.659515 145.830263 303.184322
v 239.512200 145.776717 303.190574
v 239.563060 145.781065 303.184500
v 242.683527 165.000003 303.489493
v 242.685377 166.219212 303.479005
v 242.417183 166.219212 305.000005
v 242.417183 169.758455 305.000005
v 242.329020 169.756916 305.500005
v 242.329020 169.773833 305.500005
v 242.267782 169.773833 305.847301
v 242.267782 165.000003 305.847301
v 239.957408 169.715519 302.729752
v 240.759367 169.729518 302.587170
v 240.764650 169.729610 302.589525
v 239.959504 169.715556 302.732846
v 237.298167 169.669102 298.925806
v 236.997720 169.663858 299.250838
v 237.009458 170.000003 299.250838
v 237.298167 170.000003 298.938315
v 237.285980 169.669102 299.547883
v 237.298167 169.669350 299.560441
v 237.298167 170.000003 299.548535
v 237.287758 170.000003 299.537801
v 237.285979 169.668890 299.547890
v 243.298167 169.773833 305.500005
v 243.298167 174.000003 305.500005
v 236.236460 174.000003 305.500005
v 236.236460 169.669102 305.500005
v 237.298167 169.669102 305.500005
v 240.298167 169.721467 305.500005
v 240.298167 169.738923 305.500005
v 240.771818 169.729735 295.178134
v 243.298167 169.773833 299.639172
v 243.298167 170.000003 299.639172
v 240.771818 170.000003 295.178134
v 240.765964 169.729633 295.184470
v 243.298167 170.288250 297.524074
v 243.298167 174.000003 300.500004
v 259.798167 174.000003 300.500004
v 259.798167 170.219212 297.468722
v 250.014187 170.219212 297.468722
v 245.275142 170.219212 297.468722
v 243.298167 174.000003 302.000005
v 243.298167 170.288250 304.945224
v 245.275142 170.219212 305.000005
v 250.014187 170.219212 305.000005
v 259.798167 170.219212 305.000005
v 259.798167 174.000003 302.000005
v 243.298167 169.773833 295.000004
v 237.298167 169.669102 295.000004
v 237.298167 174.000003 295.000004
v 243.298167 174.000003 295.000004
v 237.298167 174.000003 299.478768
v 243.298167 169.773833 305.000005
v 237.298167 169.669102 304.971024
v 237.500533 169.669102 298.331090
v 238.182242 169.669102 294.464930
v 238.182242 165.000003 294.464930
v 237.531182 165.000003 298.157274
v 240.694337 165.000003 302.602041
v 239.959504 165.000003 302.732846
v 239.922663 165.000003 302.678476
v 236.358936 165.000003 304.805412
v 237.361134 165.000003 299.121663
v 236.987818 165.000003 298.570731
v 244.091088 165.000003 295.506819
v 243.285505 165.000003 300.075508
v 241.572188 165.000003 295.243547
v 241.445239 165.000003 295.340145
v 244.645147 165.000003 304.364645
v 240.596718 165.000003 302.558490
v 244.687076 166.219212 304.372038
v 241.565324 169.729633 295.248770
v 243.251271 169.773014 299.999597
v 243.283081 169.773569 300.089258
v 243.245022 166.219212 300.305102
v 241.572188 169.729735 295.243547
v 244.091088 169.773833 295.506819
v 243.258823 169.773146 300.000258
v 243.298167 169.773833 300.003700
v 243.745152 169.773833 297.468722
v 237.148210 169.663858 298.599012
v 237.390329 169.669102 298.956092
v 237.298167 169.669102 299.478768
v 237.298167 169.685749 304.971024
v 236.358936 169.669102 304.805412
v 243.285505 169.773612 300.075508
v 243.285505 166.219212 300.075508
v 264.798167 174.425427 300.873726
v 264.798167 170.061841 297.132939
v 259.798167 169.974566 296.943165
v 259.798167 174.512703 300.833589
v 264.798167 174.425427 301.710004
v 259.798167 174.512703 301.750141
v 264.798167 170.061841 305.450790
v 259.798167 169.974566 305.640565
v 237.298167 170.000003 299.478768
v 237.285865 170.000003 299.548535
v 237.283766 169.669350 299.560441
v 236.329734 169.685749 304.971024
v 236.329734 169.669102 304.971024
v 250.014187 166.219212 297.468722
v 250.014187 166.219212 305.000005
v 243.745152 166.219212 297.468722
v 243.298167 170.219212 305.000005
v 243.745152 170.219212 297.468722
v 243.345313 169.774656 299.736319
v 243.347182 170.000003 299.725723
v 243.298167 170.000003 300.003700
v 243.298167 170.219212 300.003700
v 241.247138 169.746298 302.551335
v 241.252401 169.746392 302.552651
v 241.255998 170.000003 302.551335
v 240.481705 169.733988 302.831185
v 240.484137 170.000003 302.833693
v 240.484137 169.734038 302.833693
vt 0.228411 0.541804 0.000000
vt 0.228411 0.541803 0.000000
vt 0.443051 0.549075 0.000000
vt 0.443051 0.000000 0.000000
vt 0.228054 0.541792 0.000000
vt -0.000000 0.000000 0.000000
vt 0.000000 0.534066 0.000000
vt -0.454545 -0.344077 0.000000
vt 0.221602 -0.525255 0.000000
vt -0.221602 0.525255 0.000000
vt 0.454545 0.344077 0.000000
vt -0.525077 -1.691841 0.000000
vt -0.437577 -1.495711 0.000000
vt -0.525209 -1.691853 0.000000
vt -1.352718 -1.820202 0.000000
vt -0.618192 -1.900554 0.000000
vt -1.016968 -2.261444 0.000000
vt -0.603788 -1.981471 0.000000
vt -0.525223 -1.692167 0.000000
vt 0.000000 0.549075 0.000000
vt 0.000000 0.000000 0.000000
vt 0.970824 0.532377 0.000000
vt 0.970824 0.000000 0.000000
vt 0.000000 0.500000 0.000000
vt 0.300000 0.500000 0.000000
vt 0.000000 0.800000 0.000000
vt 0.300000 0.800000 0.000000
vt 0.304846 -0.192533 0.000000
vt 0.265349 1.406979 0.000000
vt 0.004937 -0.199939 0.000000
vt -0.034559 1.399573 0.000000
vt 2.010079 4.700000 0.000000
vt 0.010079 4.700000 0.000000
vt 0.510079 4.400000 0.000000
vt 0.010079 4.103989 0.000000
vt 0.510079 4.140357 0.000000
vt 1.610079 4.400000 0.000000
vt 1.611011 0.739467 0.000000
vt 2.010079 -0.100000 0.000000
vt 1.612142 0.536379 0.000000
vt 1.611591 0.395520 0.000000
vt 1.610079 0.739472 0.000000
vt 1.610079 0.536388 0.000000
vt 1.610079 0.395486 0.000000
vt 1.610079 -0.100000 0.000000
vt 4.700000 -0.000000 0.000000
vt 4.700000 0.400000 0.000000
vt 4.400000 -0.000000 0.000000
vt -0.100000 0.400000 0.000000
vt -0.100000 -0.000000 0.000000
vt -1.758542 1.470256 0.000000
vt 1.326839 -2.206757 0.000000
vt -0.291633 2.701139 0.000000
vt 2.793747 -0.975875 0.000000
vt -0.000000 0.221092 0.000000
vt -0.000000 0.000000 0.000000
vt 0.500000 0.184723 0.000000
vt 0.500000 0.000000 0.000000
vt 1.000000 0.259643 0.000000
vt 0.904744 0.242814 0.000000
vt 1.000000 -0.000000 0.000000
vt 0.901554 0.242426 0.000000
vt 0.898340 0.242382 0.000000
vt 0.895140 0.242683 0.000000
vt 0.000000 0.184723 0.000000
vt -0.000000 -0.000000 0.000000
vt 0.582358 0.287606 0.000000
vt 0.591962 0.287737 0.000000
vt 0.585549 0.287995 0.000000
vt 0.588762 0.288038 0.000000
vt 0.416740 25.415316 0.000000
vt 0.417485 25.318981 0.000000
vt 0.918054 25.412870 0.000000
vt 0.918803 25.316142 0.000000
vt 35.665288 -0.416197 0.000000
vt 35.668128 -0.917515 0.000000
vt 35.971793 -0.417502 0.000000
vt 35.974632 -0.918820 0.000000
vt 0.416214 25.009257 0.000000
vt 0.420795 24.417506 0.000000
vt 0.917532 25.006418 0.000000
vt 0.922110 24.415060 0.000000
vt 0.274536 0.006431 0.000000
vt 0.374808 0.004823 0.000000
vt 0.274555 0.009647 0.000000
vt 0.475081 0.004823 0.000000
vt 0.575353 0.004823 0.000000
vt 0.775898 -0.000000 0.000000
vt 0.675626 0.004823 0.000000
vt 0.775867 0.003216 0.000000
vt 0.775862 0.006431 0.000000
vt 0.274541 0.003216 0.000000
vt 0.274572 -0.000000 0.000000
vt 0.775881 0.009647 0.000000
vt 0.621229 -0.003216 0.000000
vt 0.721471 -0.004823 0.000000
vt 0.621198 -0.000000 0.000000
vt 0.821743 -0.004823 0.000000
vt 0.922016 -0.004823 0.000000
vt 1.122541 -0.009647 0.000000
vt 1.022288 -0.004823 0.000000
vt 1.122561 -0.006431 0.000000
vt 1.122555 -0.003216 0.000000
vt 0.621235 -0.006431 0.000000
vt 0.621215 -0.009647 0.000000
vt 1.122524 -0.000000 0.000000
vt -2.471325 0.098797 0.000000
vt -1.199202 0.328604 0.000000
vt -1.240443 1.565706 0.000000
vt -0.302627 0.407044 0.000000
vt 1.563684 -0.787237 0.000000
vt -0.241618 -0.290293 0.000000
vt 1.189665 -1.101150 0.000000
vt 0.975875 -2.793747 0.000000
vt 1.319681 -1.256834 0.000000
vt 2.035708 -1.256796 0.000000
vt 2.206757 -1.326839 0.000000
vt 1.827193 -1.008346 0.000000
vt -1.138193 -0.368733 0.000000
vt 1.318239 -1.254348 0.000000
vt 0.000000 0.000000 0.000000
vt 0.700000 0.000000 0.000000
vt -0.000000 0.300000 0.000000
vt 0.700000 0.300000 0.000000
vt 0.000000 0.000000 0.000000
vt 0.900000 -0.000000 0.000000
vt -0.000000 0.300000 0.000000
vt 0.900000 0.300000 0.000000
vt -0.214467 -0.911466 0.000000
vt 0.409797 -0.898962 0.000000
vt -0.222753 -0.511549 0.000000
vt 0.372300 0.910743 0.000000
vt -0.411225 0.895049 0.000000
vt -0.382014 -0.514739 0.000000
vt -0.497974 -0.385900 0.000000
vt -0.497946 -0.384969 0.000000
vt -0.533200 -0.384893 0.000000
vt -0.547824 0.013527 0.000000
vt -0.557698 -0.386351 0.000000
vt -0.381771 0.009427 0.000000
vt -0.009851 -0.398931 0.000000
vt -0.034823 0.000860 0.000000
vt -0.000000 -0.000000 0.000000
vt -0.533261 -0.386954 0.000000
vt 0.000000 0.000000 0.000000
vt 0.399985 0.000000 0.000000
vt 0.000932 0.200000 0.000000
vt 0.399985 0.200000 0.000000
vt -0.000000 -0.000000 0.000000
vt 0.034833 0.200000 0.000000
vt 0.000000 0.200000 0.000000
vt 0.547991 0.027762 0.000000
vt 0.547991 0.200000 0.000000
vt 0.504235 0.027762 0.000000
vt 0.472770 0.048076 0.000000
vt 0.475723 0.043698 0.000000
vt 0.381887 0.200000 0.000000
vt 0.479099 0.039719 0.000000
vt 0.482834 0.036213 0.000000
vt 0.486856 0.033250 0.000000
vt 0.491090 0.030884 0.000000
vt 0.495453 0.029161 0.000000
vt 0.499862 0.028114 0.000000
vt 0.000000 0.000000 0.000000
vt 0.035241 0.200000 0.000000
vt 0.000000 0.200000 0.000000
vt -0.000000 -0.000000 0.000000
vt 0.002063 -0.000000 0.000000
vt -0.000000 0.200000 0.000000
vt 0.002063 0.200000 0.000000
vt 0.408118 -0.895238 0.000000
vt -1.506212 -0.942508 0.000000
vt 0.417992 -1.295116 0.000000
vt -1.496338 -1.342386 0.000000
vt 0.390031 0.399985 0.000000
vt 0.387156 0.400000 0.000000
vt 0.390031 0.000000 0.000000
vt -0.000000 0.000000 0.000000
vt -0.000000 0.400000 0.000000
vt 0.900429 -1.421626 0.000000
vt 0.838061 -2.134931 0.000000
vt 1.217102 -1.644354 0.000000
vt 0.964469 -2.261339 0.000000
vt 1.475904 -1.903155 0.000000
vt 0.082144 0.534066 0.000000
vt 0.000000 0.531373 0.000000
vt 0.082144 -0.000000 0.000000
vt 0.000000 0.000000 0.000000
vt 0.608681 -1.905552 0.000000
vt 0.527874 -1.790176 0.000000
vt 0.369168 -1.666039 0.000000
vt 0.386453 -1.648754 0.000000
vt 1.610079 0.456738 0.000000
vt 1.610079 0.795460 0.000000
vt 1.608568 0.456697 0.000000
vt 1.210079 0.623223 0.000000
vt 1.194145 0.611884 0.000000
vt 1.210079 0.795460 0.000000
vt 1.190640 0.609735 0.000000
vt 1.186873 0.608086 0.000000
vt 1.182916 0.606967 0.000000
vt 1.178844 0.606399 0.000000
vt 1.087327 0.600000 0.000000
vt 1.610079 0.132347 0.000000
vt -0.200000 -0.053609 0.000000
vt 1.610079 -0.046422 0.000000
vt -0.200000 0.600000 0.000000
vt 0.498954 0.531373 0.000000
vt -0.000000 0.519246 0.000000
vt 0.498954 -0.000000 0.000000
vt 0.000000 0.000000 0.000000
vt -0.000000 0.532377 0.000000
vt 0.000000 0.000000 0.000000
vt 0.554302 0.519246 0.000000
vt 0.554302 -0.000000 0.000000
vt -0.367589 -0.200000 0.000000
vt 0.000000 -0.200000 0.000000
vt -0.366000 0.200000 0.000000
vt -0.000000 0.200000 0.000000
vt 0.166104 0.795460 0.000000
vt 0.513158 0.795460 0.000000
vt 0.346669 1.097302 0.000000
vt 0.464035 1.077503 0.000000
vt 0.372368 1.111885 0.000000
vt 0.430549 1.111885 0.000000
vt 0.462652 1.084262 0.000000
vt 0.460871 1.090927 0.000000
vt 0.458722 1.097479 0.000000
vt 0.443011 1.110124 0.000000
vt 0.438928 1.111119 0.000000
vt 0.434756 1.111698 0.000000
vt 0.457877 1.099367 0.000000
vt 0.456788 1.101123 0.000000
vt 0.455487 1.102742 0.000000
vt 0.454013 1.104214 0.000000
vt 0.452396 1.105539 0.000000
vt 0.450667 1.106720 0.000000
vt 0.446962 1.108670 0.000000
vt 0.367245 1.111443 0.000000
vt 0.362273 1.110131 0.000000
vt 0.357599 1.107986 0.000000
vt 0.353360 1.105073 0.000000
vt 0.349681 1.101476 0.000000
vt 0.084793 0.044127 0.000000
vt 0.083409 0.044348 0.000000
vt 0.000000 -0.189619 0.000000
vt 0.042221 0.052655 0.000000
vt 0.000000 0.061186 0.000000
vt 0.771789 -0.053609 0.000000
vt 0.168039 0.028297 0.000000
vt 0.096588 0.045115 0.000000
vt 0.087591 0.044031 0.000000
vt 0.721900 0.050404 0.000000
vt 0.771789 0.600000 0.000000
vt 0.729699 0.549298 0.000000
vt 0.705087 0.600000 0.000000
vt 0.699957 0.600442 0.000000
vt 0.694979 0.601753 0.000000
vt 0.655188 0.583877 0.000000
vt 0.690298 0.603897 0.000000
vt 0.686052 0.606809 0.000000
vt 0.682367 0.610403 0.000000
vt 0.679351 0.614575 0.000000
vt 0.427342 0.963852 0.000000
vt 0.429740 1.030845 0.000000
vt 0.428107 1.033406 0.000000
vt 0.423096 1.039785 0.000000
vt 0.388354 1.040663 0.000000
vt 0.151013 0.084053 0.000000
vt 0.417461 1.045067 0.000000
vt 0.414511 1.047197 0.000000
vt 0.411530 1.048944 0.000000
vt 0.408561 1.050282 0.000000
vt 0.405648 1.051191 0.000000
vt 0.403260 1.051556 0.000000
vt 0.400844 1.051515 0.000000
vt 0.398469 1.051070 0.000000
vt 0.396203 1.050232 0.000000
vt 0.394110 1.049027 0.000000
vt 0.392248 1.047487 0.000000
vt 0.390670 1.045657 0.000000
vt 0.389423 1.043588 0.000000
vt 0.388539 1.041340 0.000000
vt 0.149423 0.079134 0.000000
vt 0.147070 0.074091 0.000000
vt 0.143992 0.069008 0.000000
vt 0.140243 0.063972 0.000000
vt 0.137286 0.060872 0.000000
vt 0.133885 0.058266 0.000000
vt 0.130122 0.056216 0.000000
vt 0.118120 0.051284 0.000000
vt 0.106849 0.047553 0.000000
vt 0.086190 0.044022 0.000000
vt 0.012938 -0.079540 0.000000
vt 0.012859 -0.074932 0.000000
vt 0.008643 -0.077984 0.000000
vt 0.008625 -0.074934 0.000000
vt 0.004326 -0.076556 0.000000
vt 0.004313 -0.074936 0.000000
vt 0.000000 -0.075187 0.000000
vt 0.003210 -0.072959 0.000000
vt 0.006401 -0.070679 0.000000
vt 0.008625 -0.070335 0.000000
vt 0.012759 -0.070330 0.000000
vt 0.009552 -0.068293 0.000000
vt 0.012641 -0.065736 0.000000
vt 0.345653 0.032556 0.000000
vt 0.337920 0.027826 0.000000
vt 0.345653 0.027905 0.000000
vt 0.345653 0.023254 0.000000
vt 0.328490 0.023097 0.000000
vt 0.345653 0.018603 0.000000
vt 0.317598 0.018368 0.000000
vt 0.345653 0.013952 0.000000
vt 0.305514 0.013638 0.000000
vt 0.345653 0.009302 0.000000
vt 0.305514 0.009092 0.000000
vt 0.345653 0.004651 0.000000
vt 0.305514 0.004546 0.000000
vt 0.345653 0.000000 0.000000
vt 0.305514 -0.000000 0.000000
vt 0.030004 0.077179 0.000000
vt 0.030018 0.079456 0.000000
vt 0.025003 0.077179 0.000000
vt 0.025021 0.081313 0.000000
vt 0.020017 0.081313 0.000000
vt 0.020017 0.085448 0.000000
vt 0.015012 0.085448 0.000000
vt 0.015012 0.089582 0.000000
vt 0.010008 0.089582 0.000000
vt 0.013234 0.093838 0.000000
vt 0.010008 0.093717 0.000000
vt 0.008841 0.095277 0.000000
vt 0.005004 0.093717 0.000000
vt 0.004426 0.096593 0.000000
vt -0.000000 0.093717 0.000000
vt 0.000000 0.097852 0.000000
vt 0.030025 0.081734 0.000000
vt 0.030024 0.084013 0.000000
vt 0.025021 0.085448 0.000000
vt 0.026048 0.087593 0.000000
vt 0.021873 0.090180 0.000000
vt 0.017586 0.092185 0.000000
vt 0.020017 0.089582 0.000000
vt 0.005004 0.089582 0.000000
vt 0.000000 0.089582 0.000000
vt 0.005004 0.085448 0.000000
vt 0.000000 0.085448 0.000000
vt 0.005004 0.081313 0.000000
vt 0.000000 0.081313 0.000000
vt 0.005001 0.077179 0.000000
vt 0.000000 0.077179 0.000000
vt 0.010001 0.077179 0.000000
vt 0.010008 0.081313 0.000000
vt 0.010008 0.085448 0.000000
vt 0.015002 0.077179 0.000000
vt 0.015012 0.081313 0.000000
vt 0.020003 0.077179 0.000000
vt 17.619602 0.065303 0.000000
vt 17.662673 0.064773 0.000000
vt 17.620394 0.070127 0.000000
vt 17.704687 0.069245 0.000000
vt 17.704687 0.074245 0.000000
vt 17.704687 0.064244 0.000000
vt 17.621072 0.074951 0.000000
vt 17.704687 0.079246 0.000000
vt 17.621619 0.079775 0.000000
vt 17.704687 0.084246 0.000000
vt 17.622020 0.084599 0.000000
vt 17.704687 0.089247 0.000000
vt 17.622264 0.089424 0.000000
vt 17.704687 0.094248 0.000000
vt 17.622347 0.094248 0.000000
vt -17.622347 19.280689 0.000000
vt -17.704687 19.280689 0.000000
vt -17.622347 19.135676 0.000000
vt -17.695906 19.062116 0.000000
vt -17.697886 19.059950 0.000000
vt -17.699623 19.057652 0.000000
vt -17.701111 19.055229 0.000000
vt -17.702347 19.052691 0.000000
vt -17.703325 19.050045 0.000000
vt -17.704042 19.047300 0.000000
vt -17.704497 19.044466 0.000000
vt -17.704687 19.041552 0.000000
vt -0.099334 -0.026940 0.000000
vt -0.102332 -0.030867 0.000000
vt -0.009097 -0.026940 0.000000
vt -0.009097 -0.032176 0.000000
vt -0.105669 -0.034794 0.000000
vt -0.009097 -0.037412 0.000000
vt -0.109287 -0.038721 0.000000
vt -0.009097 -0.042648 0.000000
vt -0.113126 -0.042648 0.000000
vt 0.095241 -0.030593 0.000000
vt 0.071106 0.069827 0.000000
vt 0.012032 0.001614 0.000000
vt -0.010643 -0.094248 0.000000
vt -0.106007 -0.094248 0.000000
vt -0.057287 -0.098098 0.000000
vt -0.104839 -0.097136 0.000000
vt -0.103417 -0.100024 0.000000
vt -0.057287 -0.101949 0.000000
vt -0.101753 -0.102912 0.000000
vt -0.010638 -0.105800 0.000000
vt -0.099863 -0.105800 0.000000
vt -0.009754 -0.104398 0.000000
vt -0.009113 -0.102993 0.000000
vt -0.008717 -0.101586 0.000000
vt -0.008611 -0.100882 0.000000
vt -0.008567 -0.100177 0.000000
vt -0.008584 -0.099473 0.000000
vt -0.008663 -0.098769 0.000000
vt -0.009005 -0.097362 0.000000
vt -0.009593 -0.095957 0.000000
vt -0.010424 -0.094554 0.000000
vt 0.097806 0.041298 0.000000
vt 0.097806 0.758702 0.000000
vt 0.008043 0.009098 0.000000
vt 0.008043 0.790902 0.000000
vt -0.101753 -0.085584 0.000000
vt -0.057287 -0.086547 0.000000
vt -0.099863 -0.082696 0.000000
vt -0.009754 -0.084099 0.000000
vt -0.010638 -0.082696 0.000000
vt -0.103417 -0.088472 0.000000
vt -0.057287 -0.090397 0.000000
vt -0.008567 -0.088319 0.000000
vt -0.008584 -0.089023 0.000000
vt -0.008663 -0.089727 0.000000
vt -0.009005 -0.091134 0.000000
vt -0.009593 -0.092539 0.000000
vt -0.010643 -0.094248 0.000000
vt -0.010424 -0.093941 0.000000
vt -0.104839 -0.091360 0.000000
vt -0.106007 -0.094248 0.000000
vt -0.008611 -0.087615 0.000000
vt -0.008717 -0.086911 0.000000
vt -0.009113 -0.085504 0.000000
vt 0.071106 -0.069827 0.000000
vt 0.095241 0.030593 0.000000
vt 0.012032 -0.001614 0.000000
vt 0.113126 -0.042648 0.000000
vt 0.109287 -0.038721 0.000000
vt 0.009097 -0.042648 0.000000
vt 0.009097 -0.037412 0.000000
vt 0.105669 -0.034794 0.000000
vt 0.009097 -0.032176 0.000000
vt 0.102332 -0.030867 0.000000
vt 0.009097 -0.026940 0.000000
vt 0.099334 -0.026940 0.000000
vt -17.622346 18.000000 0.000000
vt -17.622346 18.164324 0.000000
vt -17.704687 18.000000 0.000000
vt -17.695906 18.237884 0.000000
vt -17.697886 18.240051 0.000000
vt -17.699623 18.242350 0.000000
vt -17.701112 18.244773 0.000000
vt -17.702348 18.247312 0.000000
vt -17.703326 18.249957 0.000000
vt -17.704043 18.252701 0.000000
vt -17.704497 18.255535 0.000000
vt -17.704687 18.258448 0.000000
vt -0.672842 0.006145 0.000000
vt -0.692771 0.006208 0.000000
vt -0.670978 0.003727 0.000000
vt -0.692771 0.002836 0.000000
vt -0.670978 0.000710 0.000000
vt -0.692771 -0.000536 0.000000
vt -0.670978 -0.002307 0.000000
vt -0.692771 -0.003907 0.000000
vt -0.670978 -0.005325 0.000000
vt -0.692771 -0.007279 0.000000
vt -0.670978 -0.008342 0.000000
vt -0.692771 -0.010651 0.000000
vt -0.670978 -0.011360 0.000000
vt -0.692771 -0.014023 0.000000
vt -0.670978 -0.014377 0.000000
vt -0.692771 -0.017395 0.000000
vt -0.670978 -0.017395 0.000000
vt -0.675026 0.008562 0.000000
vt -0.692771 0.009580 0.000000
vt -0.677496 0.010980 0.000000
vt -0.692771 0.012952 0.000000
vt -0.680217 0.013397 0.000000
vt -0.692771 0.016323 0.000000
vt -0.686249 0.018232 0.000000
vt -0.692771 0.019695 0.000000
vt -0.692771 0.023067 0.000000
vt 19.041552 -0.048695 0.000000
vt 19.041552 -0.053407 0.000000
vt 19.121265 -0.048695 0.000000
vt 19.280689 -0.053407 0.000000
vt 19.200977 -0.048695 0.000000
vt 19.280689 -0.048695 0.000000
vt 19.200977 -0.043982 0.000000
vt 19.280689 -0.043982 0.000000
vt 19.200977 -0.039270 0.000000
vt 19.280689 -0.039270 0.000000
vt 19.200977 -0.034558 0.000000
vt 19.280689 -0.034558 0.000000
vt 19.280689 -0.029845 0.000000
vt 19.041552 -0.029845 0.000000
vt 19.121265 -0.034558 0.000000
vt 19.121265 -0.039270 0.000000
vt 19.121265 -0.043982 0.000000
vt 19.041552 -0.034558 0.000000
vt 19.041552 -0.039270 0.000000
vt 19.041552 -0.043982 0.000000
vt -0.031337 -0.228493 0.000000
vt -0.516492 -0.213966 0.000000
vt -0.035461 -0.231820 0.000000
vt -0.039186 -0.235420 0.000000
vt -0.042462 -0.239257 0.000000
vt -0.045236 -0.243292 0.000000
vt -0.047678 -0.247969 0.000000
vt -0.049424 -0.252764 0.000000
vt -0.050471 -0.257607 0.000000
vt -0.050820 -0.262426 0.000000
vt -0.050820 -1.500000 0.000000
vt -0.568865 -1.500000 0.000000
vt -0.213587 25.937874 0.000000
vt -0.213587 26.004576 0.000000
vt -1.500914 25.964830 0.000000
vt -1.500914 26.004576 0.000000
vt 1.177735 -1.450000 0.000000
vt 2.087574 -1.450000 0.000000
vt 1.177735 -0.212426 0.000000
vt 2.087574 -0.212426 0.000000
vt 2.133336 0.077145 0.000000
vt 1.148854 0.029931 0.000000
vt 2.087574 0.012426 0.000000
vt 1.148832 0.029784 0.000000
vt 1.162011 0.012426 0.000000
vt 0.169311 0.128995 0.000000
vt 0.157020 0.090783 0.000000
vt 0.408448 0.128995 0.000000
vt 0.409098 0.128992 0.000000
vt 1.190902 0.128992 0.000000
vt 1.450000 0.012426 0.000000
vt 1.191552 0.128995 0.000000
vt 1.450000 0.128995 0.000000
vt 0.212426 0.012426 0.000000
vt 1.177735 0.000000 0.000000
vt 2.087574 -0.000000 0.000000
vt 1.177665 0.001441 0.000000
vt 1.177457 0.002893 0.000000
vt 1.532236 0.004712 0.000000
vt 1.439680 0.004712 0.000000
vt 1.439680 0.009425 0.000000
vt 1.347123 0.009425 0.000000
vt 1.347123 0.014137 0.000000
vt 1.254567 0.014137 0.000000
vt 1.254567 0.018850 0.000000
vt 1.168553 0.017734 0.000000
vt 1.165467 0.020669 0.000000
vt 1.162011 0.023562 0.000000
vt 1.347123 0.018850 0.000000
vt 1.439680 0.018850 0.000000
vt 1.439680 0.014137 0.000000
vt 1.532236 0.014137 0.000000
vt 1.532236 0.009425 0.000000
vt 1.624792 0.009425 0.000000
vt 1.624792 0.004712 0.000000
vt 1.717348 0.004712 0.000000
vt 1.809905 0.004712 0.000000
vt 1.902461 0.004712 0.000000
vt 1.809905 0.009425 0.000000
vt 1.902461 0.009425 0.000000
vt 1.809905 0.014137 0.000000
vt 1.902461 0.014137 0.000000
vt 1.809905 0.018850 0.000000
vt 1.902461 0.018850 0.000000
vt 2.087574 0.023562 0.000000
vt 1.995017 0.018850 0.000000
vt 2.087574 0.018850 0.000000
vt 2.087574 0.014137 0.000000
vt 1.995017 0.014137 0.000000
vt 2.087574 0.009425 0.000000
vt 1.995017 0.009425 0.000000
vt 2.087574 0.004712 0.000000
vt 1.995017 0.004712 0.000000
vt 1.624792 0.018850 0.000000
vt 1.717348 0.018850 0.000000
vt 1.171242 0.014766 0.000000
vt 1.173505 0.011781 0.000000
vt 1.254567 0.009425 0.000000
vt 1.175313 0.008796 0.000000
vt 1.176640 0.005828 0.000000
vt 1.254567 0.004712 0.000000
vt 1.177114 0.004356 0.000000
vt 1.347123 0.004712 0.000000
vt 1.717348 0.009425 0.000000
vt 1.717348 0.014137 0.000000
vt 1.624792 0.014137 0.000000
vt 1.532236 0.018850 0.000000
vt -1.450000 -0.006291 0.000000
vt -1.354802 -0.011000 0.000000
vt -1.450000 -0.006283 0.000000
vt -1.259604 -0.010999 0.000000
vt -1.164406 -0.010999 0.000000
vt -1.164406 -0.015709 0.000000
vt -1.069208 -0.015709 0.000000
vt -1.164406 -0.020419 0.000000
vt -1.069208 -0.020419 0.000000
vt -1.164406 -0.025129 0.000000
vt -1.069208 -0.025130 0.000000
vt -1.450000 -0.029838 0.000000
vt -0.974010 -0.025130 0.000000
vt -0.878812 -0.025130 0.000000
vt -0.878812 -0.020420 0.000000
vt -0.783614 -0.020420 0.000000
vt -0.783614 -0.015709 0.000000
vt -0.688416 -0.015709 0.000000
vt -0.783614 -0.010998 0.000000
vt -0.688416 -0.010997 0.000000
vt -0.212426 -0.006283 0.000000
vt -0.593218 -0.010997 0.000000
vt -0.498020 -0.010997 0.000000
vt -0.498020 -0.015708 0.000000
vt -0.402822 -0.015708 0.000000
vt -0.498020 -0.020420 0.000000
vt -0.402822 -0.020420 0.000000
vt -0.498020 -0.025132 0.000000
vt -0.402822 -0.025132 0.000000
vt -0.212426 -0.029845 0.000000
vt -0.307624 -0.025132 0.000000
vt -0.212426 -0.025133 0.000000
vt -0.212426 -0.020420 0.000000
vt -1.450000 -0.011000 0.000000
vt -1.354802 -0.015709 0.000000
vt -1.259604 -0.015709 0.000000
vt -1.354802 -0.020419 0.000000
vt -1.259604 -0.020419 0.000000
vt -1.354802 -0.025129 0.000000
vt -1.259604 -0.025129 0.000000
vt -1.450000 -0.015709 0.000000
vt -1.450000 -0.020419 0.000000
vt -1.450000 -0.025128 0.000000
vt -1.450000 -0.029845 0.000000
vt -0.307624 -0.020420 0.000000
vt -0.212426 -0.015708 0.000000
vt -0.307624 -0.015708 0.000000
vt -0.307624 -0.010996 0.000000
vt -0.402822 -0.010996 0.000000
vt -0.212426 -0.010996 0.000000
vt -0.878812 -0.010998 0.000000
vt -0.878812 -0.015709 0.000000
vt -0.974010 -0.020419 0.000000
vt -1.069208 -0.010999 0.000000
vt -0.974010 -0.010998 0.000000
vt -0.974010 -0.015709 0.000000
vt -0.593218 -0.015708 0.000000
vt -0.688416 -0.020420 0.000000
vt -0.783614 -0.025131 0.000000
vt -0.593218 -0.020420 0.000000
vt -0.593218 -0.025131 0.000000
vt -0.688416 -0.025131 0.000000
vt 0.004712 -0.049342 0.000000
vt 0.000000 -0.049342 0.000000
vt 0.004712 -0.053695 0.000000
vt 0.000000 -0.053695 0.000000
vt 0.004712 -0.058049 0.000000
vt 0.000000 -0.058049 0.000000
vt 0.004712 -0.062403 0.000000
vt 0.000000 -0.062403 0.000000
vt 0.004712 -0.066756 0.000000
vt 0.000000 -0.066756 0.000000
vt 0.004268 -0.068298 0.000000
vt 0.000000 -0.071110 0.000000
vt 0.008491 -0.065369 0.000000
vt 0.009425 -0.062403 0.000000
vt 0.012616 -0.062192 0.000000
vt 0.009425 -0.058049 0.000000
vt 0.014137 -0.058049 0.000000
vt 0.009425 -0.053695 0.000000
vt 0.014137 -0.053695 0.000000
vt 0.009425 -0.049342 0.000000
vt 0.014137 -0.049342 0.000000
vt 0.018850 -0.053695 0.000000
vt 0.018850 -0.049342 0.000000
vt 0.020272 -0.054406 0.000000
vt 0.023562 -0.049342 0.000000
vt 0.016576 -0.058606 0.000000
vt 1.311375 -0.024558 0.000000
vt 1.311375 -0.020623 0.000000
vt 1.215407 -0.020654 0.000000
vt 1.306468 -0.016704 0.000000
vt 1.215407 -0.015419 0.000000
vt 1.301999 -0.012785 0.000000
vt 1.215407 -0.010183 0.000000
vt 1.298044 -0.008866 0.000000
vt 1.215407 -0.004947 0.000000
vt 1.294671 -0.004947 0.000000
vt 1.215407 -0.025890 0.000000
vt 1.311375 -0.028493 0.000000
vt 1.215407 -0.031126 0.000000
vt 1.311375 -0.032428 0.000000
vt 1.215407 -0.036362 0.000000
vt 1.311375 -0.036362 0.000000
vt 18.258448 -0.034558 0.000000
vt 18.258448 -0.029845 0.000000
vt 18.172298 -0.034559 0.000000
vt 18.000000 -0.029845 0.000000
vt 18.086149 -0.034561 0.000000
vt 18.000000 -0.029853 0.000000
vt 18.000000 -0.034562 0.000000
vt 18.086149 -0.039271 0.000000
vt 18.000000 -0.039271 0.000000
vt 18.000000 -0.043981 0.000000
vt 18.086149 -0.043981 0.000000
vt 18.000000 -0.048690 0.000000
vt 18.086149 -0.048692 0.000000
vt 18.000000 -0.053400 0.000000
vt 18.172298 -0.048693 0.000000
vt 18.258448 -0.053407 0.000000
vt 18.258448 -0.048695 0.000000
vt 18.000000 -0.053407 0.000000
vt 18.258448 -0.043982 0.000000
vt 18.172298 -0.043982 0.000000
vt 18.258448 -0.039270 0.000000
vt 18.172298 -0.039270 0.000000
vt -0.756077 -0.025769 0.000000
vt -0.863359 -0.025767 0.000000
vt -0.756014 -0.030922 0.000000
vt -0.970705 -0.025765 0.000000
vt -1.078051 -0.025763 0.000000
vt -0.970705 -0.020613 0.000000
vt -1.078051 -0.020611 0.000000
vt -0.970705 -0.015460 0.000000
vt -1.078051 -0.015460 0.000000
vt -0.970705 -0.010308 0.000000
vt -1.078051 -0.010308 0.000000
vt -1.078051 -0.005157 0.000000
vt -1.185396 -0.005158 0.000000
vt -0.756552 -0.000000 0.000000
vt -1.292742 -0.005159 0.000000
vt -1.400088 -0.005160 0.000000
vt -1.292742 -0.010309 0.000000
vt -1.400088 -0.010309 0.000000
vt -1.400088 -0.015459 0.000000
vt -1.507433 -0.015458 0.000000
vt -1.507433 -0.020607 0.000000
vt -1.614779 -0.020606 0.000000
vt -1.614779 -0.025753 0.000000
vt -1.722125 -0.025751 0.000000
vt -2.043115 -0.030891 0.000000
vt -1.829471 -0.025750 0.000000
vt -1.936816 -0.025748 0.000000
vt -1.829471 -0.020603 0.000000
vt -1.936816 -0.020602 0.000000
vt -1.829471 -0.015457 0.000000
vt -1.936816 -0.015456 0.000000
vt -1.829471 -0.010310 0.000000
vt -1.936816 -0.010311 0.000000
vt -1.936816 -0.005165 0.000000
vt -2.043889 -0.010311 0.000000
vt -2.044039 -0.005166 0.000000
vt -2.044161 -0.000021 0.000000
vt -2.044162 0.000000 0.000000
vt -1.829471 -0.005164 0.000000
vt -1.722125 -0.005163 0.000000
vt -1.722125 -0.010310 0.000000
vt -1.614779 -0.010310 0.000000
vt -1.722125 -0.015457 0.000000
vt -1.614779 -0.015458 0.000000
vt -1.722125 -0.020604 0.000000
vt -0.756154 -0.020615 0.000000
vt -0.863359 -0.020614 0.000000
vt -0.756243 -0.015461 0.000000
vt -0.863359 -0.015461 0.000000
vt -0.756341 -0.010307 0.000000
vt -0.863359 -0.010308 0.000000
vt -0.756445 -0.005154 0.000000
vt -0.863359 -0.005155 0.000000
vt -0.970705 -0.005156 0.000000
vt -1.507433 -0.005161 0.000000
vt -1.507433 -0.010310 0.000000
vt -2.043716 -0.015456 0.000000
vt -2.043526 -0.020601 0.000000
vt -2.043324 -0.025746 0.000000
vt -2.043114 -0.030922 0.000000
vt -1.400088 -0.025757 0.000000
vt -1.507433 -0.025755 0.000000
vt -1.400088 -0.020608 0.000000
vt -1.185396 -0.025761 0.000000
vt -1.292742 -0.025759 0.000000
vt -1.292742 -0.020609 0.000000
vt -1.292742 -0.015459 0.000000
vt -1.185396 -0.020610 0.000000
vt -1.185396 -0.015459 0.000000
vt -1.185396 -0.010309 0.000000
vt -1.614779 -0.005162 0.000000
vt -1.450000 0.048607 0.000000
vt -1.377202 0.048607 0.000000
vt -1.450000 0.052023 0.000000
vt -1.304403 0.048607 0.000000
vt -1.231605 0.048607 0.000000
vt -1.304403 0.045190 0.000000
vt -1.231605 0.045190 0.000000
vt -1.304403 0.041773 0.000000
vt -1.231605 0.041773 0.000000
vt -1.304403 0.038356 0.000000
vt -1.231605 0.038356 0.000000
vt -1.304403 0.034940 0.000000
vt -1.231605 0.034940 0.000000
vt -1.304403 0.031523 0.000000
vt -1.231605 0.031523 0.000000
vt -1.304403 0.028106 0.000000
vt -1.231605 0.028106 0.000000
vt -1.304403 0.024689 0.000000
vt -1.231605 0.024689 0.000000
vt -1.304403 0.021273 0.000000
vt -1.231605 0.021273 0.000000
vt -1.304403 0.017856 0.000000
vt -1.231605 0.017856 0.000000
vt -1.304403 0.014439 0.000000
vt -1.231605 0.014439 0.000000
vt -1.304403 0.011022 0.000000
vt -1.231605 0.011022 0.000000
vt -1.304403 0.007606 0.000000
vt -1.231605 0.007606 0.000000
vt -1.450000 0.004189 0.000000
vt -1.158806 0.007606 0.000000
vt -1.086008 0.007606 0.000000
vt -1.086008 0.011022 0.000000
vt -1.013209 0.011022 0.000000
vt -1.013209 0.014439 0.000000
vt -0.940411 0.014439 0.000000
vt -0.940411 0.017856 0.000000
vt -0.867612 0.017856 0.000000
vt -0.867612 0.021273 0.000000
vt -0.794814 0.021273 0.000000
vt -0.794814 0.024689 0.000000
vt -0.722016 0.024689 0.000000
vt -0.722016 0.028106 0.000000
vt -0.649217 0.028106 0.000000
vt -0.649217 0.031523 0.000000
vt -0.576419 0.031523 0.000000
vt -0.576419 0.034940 0.000000
vt -0.503620 0.034940 0.000000
vt -0.503620 0.038356 0.000000
vt -0.430822 0.038356 0.000000
vt -0.430822 0.041773 0.000000
vt -0.358023 0.041773 0.000000
vt -0.358023 0.045190 0.000000
vt -0.285225 0.045190 0.000000
vt -0.285225 0.048607 0.000000
vt -0.212426 0.048607 0.000000
vt -0.212426 0.052023 0.000000
vt -1.450000 0.045190 0.000000
vt -1.377202 0.045190 0.000000
vt -1.450000 0.041773 0.000000
vt -1.377202 0.041773 0.000000
vt -1.450000 0.038356 0.000000
vt -1.377202 0.038356 0.000000
vt -1.450000 0.034940 0.000000
vt -1.377202 0.034940 0.000000
vt -1.450000 0.031523 0.000000
vt -1.377202 0.031523 0.000000
vt -1.450000 0.028106 0.000000
vt -1.377202 0.028106 0.000000
vt -1.450000 0.024689 0.000000
vt -1.377202 0.024689 0.000000
vt -1.450000 0.021273 0.000000
vt -1.377202 0.021273 0.000000
vt -1.450000 0.017856 0.000000
vt -1.377202 0.017856 0.000000
vt -1.450000 0.014439 0.000000
vt -1.377202 0.014439 0.000000
vt -1.450000 0.011022 0.000000
vt -1.377202 0.011022 0.000000
vt -1.450000 0.007606 0.000000
vt -1.377202 0.007606 0.000000
vt -0.212426 0.004189 0.000000
vt -0.794814 0.007606 0.000000
vt -0.867612 0.007606 0.000000
vt -0.940411 0.007606 0.000000
vt -0.867612 0.011022 0.000000
vt -0.940411 0.011022 0.000000
vt -0.867612 0.014439 0.000000
vt -0.212426 0.007606 0.000000
vt -0.285225 0.007606 0.000000
vt -0.358023 0.007606 0.000000
vt -0.430822 0.007606 0.000000
vt -0.358023 0.011022 0.000000
vt -0.430822 0.011022 0.000000
vt -0.358023 0.014439 0.000000
vt -0.430822 0.014439 0.000000
vt -0.358023 0.017856 0.000000
vt -0.430822 0.017856 0.000000
vt -0.358023 0.021273 0.000000
vt -0.430822 0.021273 0.000000
vt -0.358023 0.024689 0.000000
vt -0.430822 0.024689 0.000000
vt -0.358023 0.028106 0.000000
vt -0.430822 0.028106 0.000000
vt -0.358023 0.031523 0.000000
vt -0.430822 0.031523 0.000000
vt -0.358023 0.034940 0.000000
vt -0.430822 0.034940 0.000000
vt -0.358023 0.038356 0.000000
vt -0.212426 0.011022 0.000000
vt -0.285225 0.011022 0.000000
vt -0.212426 0.014439 0.000000
vt -0.285225 0.014439 0.000000
vt -0.212426 0.017856 0.000000
vt -0.285225 0.017856 0.000000
vt -0.212426 0.021273 0.000000
vt -0.285225 0.021273 0.000000
vt -0.212426 0.024689 0.000000
vt -0.285225 0.024689 0.000000
vt -0.212426 0.028106 0.000000
vt -0.285225 0.028106 0.000000
vt -0.212426 0.031523 0.000000
vt -0.285225 0.031523 0.000000
vt -0.212426 0.034940 0.000000
vt -0.285225 0.034940 0.000000
vt -0.212426 0.038356 0.000000
vt -0.285225 0.038356 0.000000
vt -0.212426 0.041773 0.000000
vt -0.285225 0.041773 0.000000
vt -0.212426 0.045190 0.000000
vt -0.867612 0.048607 0.000000
vt -0.794814 0.048607 0.000000
vt -0.722016 0.048607 0.000000
vt -0.794814 0.045190 0.000000
vt -0.722016 0.045190 0.000000
vt -0.794814 0.041773 0.000000
vt -0.722016 0.041773 0.000000
vt -0.794814 0.038356 0.000000
vt -0.722016 0.038356 0.000000
vt -0.794814 0.034940 0.000000
vt -0.722016 0.034940 0.000000
vt -0.794814 0.031523 0.000000
vt -0.722016 0.031523 0.000000
vt -0.794814 0.028106 0.000000
vt -1.158806 0.048607 0.000000
vt -1.086008 0.048607 0.000000
vt -1.013209 0.048607 0.000000
vt -1.086008 0.045190 0.000000
vt -1.013209 0.045190 0.000000
vt -1.086008 0.041773 0.000000
vt -1.013209 0.041773 0.000000
vt -1.086008 0.038356 0.000000
vt -1.013209 0.038356 0.000000
vt -1.086008 0.034940 0.000000
vt -1.013209 0.034940 0.000000
vt -1.086008 0.031523 0.000000
vt -1.013209 0.031523 0.000000
vt -1.086008 0.028106 0.000000
vt -1.013209 0.028106 0.000000
vt -1.086008 0.024689 0.000000
vt -1.013209 0.024689 0.000000
vt -1.086008 0.021273 0.000000
vt -1.013209 0.021273 0.000000
vt -1.086008 0.017856 0.000000
vt -1.013209 0.017856 0.000000
vt -1.086008 0.014439 0.000000
vt -1.158806 0.045190 0.000000
vt -0.940411 0.048607 0.000000
vt -0.940411 0.045190 0.000000
vt -0.867612 0.045190 0.000000
vt -0.940411 0.041773 0.000000
vt -0.649217 0.048607 0.000000
vt -0.576419 0.048607 0.000000
vt -0.503620 0.048607 0.000000
vt -0.576419 0.045190 0.000000
vt -0.503620 0.045190 0.000000
vt -0.576419 0.041773 0.000000
vt -0.503620 0.041773 0.000000
vt -0.576419 0.038356 0.000000
vt -0.649217 0.045190 0.000000
vt -0.430822 0.048607 0.000000
vt -0.358023 0.048607 0.000000
vt -0.430822 0.045190 0.000000
vt -1.158806 0.041773 0.000000
vt -0.867612 0.041773 0.000000
vt -0.867612 0.038356 0.000000
vt -0.867612 0.034940 0.000000
vt -0.867612 0.031523 0.000000
vt -0.867612 0.028106 0.000000
vt -0.867612 0.024689 0.000000
vt -0.649217 0.041773 0.000000
vt -1.158806 0.038356 0.000000
vt -0.940411 0.038356 0.000000
vt -0.649217 0.038356 0.000000
vt -1.158806 0.034940 0.000000
vt -0.940411 0.034940 0.000000
vt -0.940411 0.031523 0.000000
vt -0.940411 0.028106 0.000000
vt -0.940411 0.024689 0.000000
vt -0.940411 0.021273 0.000000
vt -0.649217 0.034940 0.000000
vt -1.158806 0.031523 0.000000
vt -0.503620 0.031523 0.000000
vt -0.576419 0.028106 0.000000
vt -0.649217 0.024689 0.000000
vt -0.722016 0.021273 0.000000
vt -0.794814 0.017856 0.000000
vt -1.158806 0.028106 0.000000
vt -0.503620 0.028106 0.000000
vt -0.503620 0.024689 0.000000
vt -0.503620 0.021273 0.000000
vt -0.503620 0.017856 0.000000
vt -0.503620 0.014439 0.000000
vt -0.503620 0.011022 0.000000
vt -0.503620 0.007606 0.000000
vt -1.158806 0.024689 0.000000
vt -0.576419 0.024689 0.000000
vt -0.649217 0.021273 0.000000
vt -0.722016 0.017856 0.000000
vt -0.794814 0.014439 0.000000
vt -1.158806 0.021273 0.000000
vt -0.576419 0.021273 0.000000
vt -0.576419 0.017856 0.000000
vt -0.576419 0.014439 0.000000
vt -0.576419 0.011022 0.000000
vt -0.576419 0.007606 0.000000
vt -1.158806 0.017856 0.000000
vt -0.649217 0.017856 0.000000
vt -0.722016 0.014439 0.000000
vt -0.794814 0.011022 0.000000
vt -1.158806 0.014439 0.000000
vt -0.649217 0.014439 0.000000
vt -0.649217 0.011022 0.000000
vt -0.649217 0.007606 0.000000
vt -1.158806 0.011022 0.000000
vt -0.722016 0.011022 0.000000
vt -1.013209 0.007606 0.000000
vt -0.722016 0.007606 0.000000
vt 0.173328 0.000000 0.000000
vt 0.176054 0.000004 0.000000
vt 0.172094 0.002676 0.000000
vt 0.175167 0.003275 0.000000
vt 0.175167 0.006550 0.000000
vt 0.178240 0.003275 0.000000
vt 0.178240 0.006550 0.000000
vt 0.181313 0.003275 0.000000
vt 0.181313 0.006550 0.000000
vt 0.184386 0.003275 0.000000
vt 0.184386 0.006550 0.000000
vt 0.187484 0.003275 0.000000
vt 0.187484 0.006550 0.000000
vt 0.189782 0.003275 0.000000
vt 0.189782 0.006550 0.000000
vt 0.192081 0.003275 0.000000
vt 0.192081 0.006550 0.000000
vt 0.194380 0.003275 0.000000
vt 0.194380 0.006550 0.000000
vt 0.196679 0.004540 0.000000
vt 0.196679 0.008664 0.000000
vt 0.178813 0.000007 0.000000
vt 0.181594 0.000004 0.000000
vt 0.184386 0.000000 0.000000
vt 0.187495 0.000007 0.000000
vt 0.190590 0.000012 0.000000
vt 0.193657 0.000007 0.000000
vt 0.196679 0.000000 0.000000
vt 0.194380 0.009826 0.000000
vt 0.196679 0.012477 0.000000
vt 0.194380 0.013101 0.000000
vt 0.196679 0.016066 0.000000
vt 0.194380 0.016376 0.000000
vt 0.196679 0.019497 0.000000
vt 0.194380 0.019651 0.000000
vt 0.196679 0.022828 0.000000
vt 0.194380 0.022927 0.000000
vt 0.196679 0.026110 0.000000
vt 0.194380 0.026202 0.000000
vt 0.196679 0.029393 0.000000
vt 0.194380 0.029454 0.000000
vt 0.196679 0.032724 0.000000
vt 0.194380 0.032722 0.000000
vt 0.194380 0.035959 0.000000
vt 0.192081 0.035959 0.000000
vt 0.192081 0.039211 0.000000
vt 0.189782 0.039211 0.000000
vt 0.189782 0.042463 0.000000
vt 0.187484 0.042463 0.000000
vt 0.187484 0.045716 0.000000
vt 0.184386 0.045716 0.000000
vt 0.184386 0.048968 0.000000
vt 0.181313 0.048968 0.000000
vt 0.184338 0.052048 0.000000
vt 0.181227 0.052087 0.000000
vt 0.196679 0.036154 0.000000
vt 0.194380 0.039211 0.000000
vt 0.192081 0.042463 0.000000
vt 0.189782 0.045716 0.000000
vt 0.187484 0.048968 0.000000
vt 0.187465 0.052057 0.000000
vt 0.196679 0.039743 0.000000
vt 0.194380 0.042463 0.000000
vt 0.192081 0.045716 0.000000
vt 0.189782 0.048968 0.000000
vt 0.196679 0.043557 0.000000
vt 0.194380 0.045716 0.000000
vt 0.192081 0.048968 0.000000
vt 0.190581 0.052111 0.000000
vt 0.196679 0.047680 0.000000
vt 0.194380 0.048968 0.000000
vt 0.192125 0.052147 0.000000
vt 0.196679 0.052220 0.000000
vt 0.195175 0.052209 0.000000
vt 0.193657 0.052182 0.000000
vt 0.178240 0.048968 0.000000
vt 0.178147 0.052147 0.000000
vt 0.175167 0.048968 0.000000
vt 0.175103 0.052199 0.000000
vt 0.172094 0.052220 0.000000
vt 0.172094 0.047393 0.000000
vt 0.175167 0.045716 0.000000
vt 0.178240 0.045716 0.000000
vt 0.178240 0.042463 0.000000
vt 0.181313 0.042463 0.000000
vt 0.181313 0.039211 0.000000
vt 0.184386 0.039211 0.000000
vt 0.184386 0.035959 0.000000
vt 0.187484 0.035959 0.000000
vt 0.187484 0.032717 0.000000
vt 0.189782 0.032719 0.000000
vt 0.189782 0.029454 0.000000
vt 0.192081 0.029454 0.000000
vt 0.192081 0.026202 0.000000
vt 0.172094 0.042939 0.000000
vt 0.175167 0.042463 0.000000
vt 0.178240 0.039211 0.000000
vt 0.181313 0.035959 0.000000
vt 0.184386 0.032715 0.000000
vt 0.187484 0.029454 0.000000
vt 0.189782 0.026202 0.000000
vt 0.192081 0.022927 0.000000
vt 0.172094 0.038760 0.000000
vt 0.175167 0.039211 0.000000
vt 0.178240 0.035959 0.000000
vt 0.181313 0.032713 0.000000
vt 0.184386 0.029454 0.000000
vt 0.187484 0.026202 0.000000
vt 0.189782 0.022927 0.000000
vt 0.192081 0.019651 0.000000
vt 0.175167 0.035959 0.000000
vt 0.172094 0.034775 0.000000
vt 0.175167 0.032708 0.000000
vt 0.172094 0.030920 0.000000
vt 0.175167 0.029454 0.000000
vt 0.172094 0.027134 0.000000
vt 0.175167 0.026202 0.000000
vt 0.172094 0.023362 0.000000
vt 0.175167 0.022927 0.000000
vt 0.172094 0.019551 0.000000
vt 0.175167 0.019651 0.000000
vt 0.175167 0.016376 0.000000
vt 0.178240 0.016376 0.000000
vt 0.178240 0.013101 0.000000
vt 0.181313 0.013101 0.000000
vt 0.181313 0.009826 0.000000
vt 0.184386 0.009826 0.000000
vt 0.172094 0.015644 0.000000
vt 0.175167 0.013101 0.000000
vt 0.178240 0.009826 0.000000
vt 0.172094 0.011580 0.000000
vt 0.175167 0.009826 0.000000
vt 0.172094 0.007286 0.000000
vt 0.192081 0.009826 0.000000
vt 0.192081 0.013101 0.000000
vt 0.192081 0.016376 0.000000
vt 0.189782 0.009826 0.000000
vt 0.189782 0.013101 0.000000
vt 0.189782 0.016376 0.000000
vt 0.189782 0.019651 0.000000
vt 0.187484 0.009826 0.000000
vt 0.187484 0.013101 0.000000
vt 0.187484 0.016376 0.000000
vt 0.187484 0.019651 0.000000
vt 0.187484 0.022927 0.000000
vt 0.184386 0.013101 0.000000
vt 0.181313 0.016376 0.000000
vt 0.178240 0.019651 0.000000
vt 0.184386 0.016376 0.000000
vt 0.184386 0.019651 0.000000
vt 0.184386 0.022927 0.000000
vt 0.184386 0.026202 0.000000
vt 0.181313 0.019651 0.000000
vt 0.178240 0.022927 0.000000
vt 0.181313 0.022927 0.000000
vt 0.181313 0.026202 0.000000
vt 0.181313 0.029454 0.000000
vt 0.178240 0.026202 0.000000
vt 0.178240 0.029454 0.000000
vt 0.178240 0.032711 0.000000
vt 0.192081 0.032720 0.000000
vt 0.189782 0.035959 0.000000
vt 0.187484 0.039211 0.000000
vt 0.184386 0.042463 0.000000
vt 0.181313 0.045716 0.000000
vt -0.150980 0.014771 0.000000
vt -0.153091 0.014771 0.000000
vt -0.149238 0.011078 0.000000
vt -0.153091 0.009835 0.000000
vt -0.149238 0.007385 0.000000
vt -0.153091 0.004936 0.000000
vt -0.149238 0.005539 0.000000
vt -0.149238 0.003693 0.000000
vt -0.145384 0.003693 0.000000
vt -0.145384 0.001846 0.000000
vt -0.140885 0.001846 0.000000
vt -0.142586 0.000000 0.000000
vt -0.140508 0.000000 0.000000
vt -0.149238 0.001846 0.000000
vt -0.153091 0.000000 0.000000
vt -0.150979 0.000000 0.000000
vt -0.148871 0.000000 0.000000
vt -0.146769 0.000000 0.000000
vt -0.145720 0.000000 0.000000
vt -0.144673 0.000000 0.000000
vt -0.143629 0.000000 0.000000
vt -0.138441 0.000000 0.000000
vt -0.136387 0.000000 0.000000
vt -0.136387 0.004936 0.000000
vt -0.136387 0.009835 0.000000
vt -0.140885 0.007385 0.000000
vt -0.140885 0.005539 0.000000
vt -0.140885 0.003693 0.000000
vt -0.145384 0.005539 0.000000
vt -0.140885 0.011078 0.000000
vt -0.136387 0.014771 0.000000
vt -0.138440 0.014771 0.000000
vt -0.140507 0.014771 0.000000
vt -0.142585 0.014771 0.000000
vt -0.145384 0.011078 0.000000
vt -0.144673 0.014771 0.000000
vt -0.146769 0.014771 0.000000
vt -0.148872 0.014771 0.000000
vt -0.145384 0.007385 0.000000
vt -0.000171 0.057527 0.000000
vt -0.000030 0.058828 0.000000
vt -0.000250 0.062728 0.000000
vt -0.000039 0.062729 0.000000
vt -0.000045 0.065674 0.000000
vt -0.000020 0.054926 0.000000
vt -0.000087 0.052325 0.000000
vt -0.000010 0.051025 0.000000
vt 0.000000 0.047123 0.000000
vt -0.000225 0.067441 0.000000
vt -0.000051 0.068619 0.000000
vt -0.000194 0.072153 0.000000
vt -0.000057 0.071564 0.000000
vt -0.000062 0.074509 0.000000
vt -0.000158 0.076866 0.000000
vt -0.000066 0.077455 0.000000
vt -0.000070 0.080400 0.000000
vt -0.000118 0.081578 0.000000
vt -0.000073 0.083345 0.000000
vt -0.000076 0.086290 0.000000
vt 0.000325 0.000000 0.000000
vt 0.000316 0.002945 0.000000
vt -0.000325 0.000001 0.000000
vt -0.000293 0.004910 0.000000
vt 0.000306 0.005891 0.000000
vt 0.000297 0.008836 0.000000
vt -0.000260 0.009819 0.000000
vt 0.000288 0.011781 0.000000
vt -0.000230 0.014727 0.000000
vt 0.000280 0.014726 0.000000
vt 0.000272 0.017671 0.000000
vt -0.000202 0.019636 0.000000
vt 0.000264 0.020616 0.000000
vt 0.000257 0.023561 0.000000
vt -0.000178 0.024544 0.000000
vt 0.000249 0.027463 0.000000
vt -0.000157 0.029453 0.000000
vt 0.000242 0.031364 0.000000
vt -0.000141 0.034361 0.000000
vt 0.000236 0.035265 0.000000
vt -0.000130 0.039270 0.000000
vt 0.000232 0.039167 0.000000
vt -0.009098 -0.059494 0.000000
vt -0.106824 -0.059494 0.000000
vt -0.009098 -0.064403 0.000000
vt -0.204549 -0.059494 0.000000
vt -0.302275 -0.059494 0.000000
vt -0.204549 -0.054585 0.000000
vt -0.302275 -0.054585 0.000000
vt -0.204549 -0.049676 0.000000
vt -0.302275 -0.049676 0.000000
vt -0.204549 -0.044768 0.000000
vt -0.302275 -0.044768 0.000000
vt -0.204549 -0.039859 0.000000
vt -0.302275 -0.039859 0.000000
vt -0.204549 -0.034950 0.000000
vt -0.302275 -0.034950 0.000000
vt -0.204549 -0.030041 0.000000
vt -0.302275 -0.030041 0.000000
vt -0.009098 -0.025133 0.000000
vt -0.400000 -0.030041 0.000000
vt -0.790902 -0.025133 0.000000
vt -0.497725 -0.030041 0.000000
vt -0.595451 -0.030041 0.000000
vt -0.595451 -0.034950 0.000000
vt -0.693176 -0.034950 0.000000
vt -0.693176 -0.039859 0.000000
vt -0.790902 -0.039859 0.000000
vt -0.790902 -0.044768 0.000000
vt -0.009098 -0.054585 0.000000
vt -0.106824 -0.054585 0.000000
vt -0.009098 -0.049676 0.000000
vt -0.106824 -0.049676 0.000000
vt -0.009098 -0.044768 0.000000
vt -0.106824 -0.044768 0.000000
vt -0.009098 -0.039859 0.000000
vt -0.106824 -0.039859 0.000000
vt -0.009098 -0.034950 0.000000
vt -0.106824 -0.034950 0.000000
vt -0.009098 -0.030041 0.000000
vt -0.106824 -0.030041 0.000000
vt -0.693176 -0.030041 0.000000
vt -0.790902 -0.030041 0.000000
vt -0.790902 -0.034950 0.000000
vt -0.693176 -0.044768 0.000000
vt -0.790902 -0.049676 0.000000
vt -0.693176 -0.049676 0.000000
vt -0.790902 -0.054585 0.000000
vt -0.693176 -0.054585 0.000000
vt -0.790902 -0.059494 0.000000
vt -0.693176 -0.059494 0.000000
vt -0.790902 -0.064403 0.000000
vt -0.595451 -0.059494 0.000000
vt -0.497725 -0.059494 0.000000
vt -0.497725 -0.054585 0.000000
vt -0.400000 -0.054585 0.000000
vt -0.400000 -0.049676 0.000000
vt -0.400000 -0.059494 0.000000
vt -0.595451 -0.054585 0.000000
vt -0.497725 -0.049676 0.000000
vt -0.400000 -0.044768 0.000000
vt -0.595451 -0.049676 0.000000
vt -0.595451 -0.044768 0.000000
vt -0.595451 -0.039859 0.000000
vt -0.497725 -0.044768 0.000000
vt -0.400000 -0.039859 0.000000
vt -0.497725 -0.039859 0.000000
vt -0.497725 -0.034950 0.000000
vt -0.400000 -0.034950 0.000000
vt -0.000325 0.000001 0.000000
vt 0.000325 0.000000 0.000000
vt -0.000305 0.002946 0.000000
vt 0.000310 0.004909 0.000000
vt -0.000286 0.005892 0.000000
vt -0.000267 0.008837 0.000000
vt 0.000294 0.009818 0.000000
vt -0.000248 0.011782 0.000000
vt 0.000280 0.014726 0.000000
vt -0.000230 0.014727 0.000000
vt -0.000213 0.017672 0.000000
vt 0.000267 0.019635 0.000000
vt -0.000197 0.020617 0.000000
vt -0.000182 0.023562 0.000000
vt 0.000255 0.024544 0.000000
vt -0.000165 0.027463 0.000000
vt 0.000245 0.029452 0.000000
vt -0.000150 0.031364 0.000000
vt 0.000238 0.034361 0.000000
vt -0.000139 0.035266 0.000000
vt 0.000232 0.039270 0.000000
vt -0.000130 0.039167 0.000000
vt 0.000076 0.086290 0.000000
vt 0.000073 0.083345 0.000000
vt 0.000118 0.081578 0.000000
vt 0.000070 0.080400 0.000000
vt 0.000158 0.076866 0.000000
vt 0.000066 0.077455 0.000000
vt 0.000062 0.074509 0.000000
vt 0.000194 0.072153 0.000000
vt 0.000057 0.071564 0.000000
vt 0.000051 0.068619 0.000000
vt 0.000225 0.067441 0.000000
vt 0.000045 0.065674 0.000000
vt 0.000250 0.062728 0.000000
vt 0.000039 0.062729 0.000000
vt 0.000030 0.058828 0.000000
vt 0.000171 0.057527 0.000000
vt 0.000020 0.054926 0.000000
vt 0.000087 0.052325 0.000000
vt 0.000010 0.051025 0.000000
vt -0.000000 0.047123 0.000000
vt -0.150452 0.014770 0.000000
vt -0.152562 0.014770 0.000000
vt -0.148757 0.011078 0.000000
vt -0.152562 0.009834 0.000000
vt -0.148757 0.007385 0.000000
vt -0.152562 0.004936 0.000000
vt -0.148757 0.005539 0.000000
vt -0.148757 0.003693 0.000000
vt -0.144952 0.003693 0.000000
vt -0.144952 0.001846 0.000000
vt -0.140406 0.001846 0.000000
vt -0.140406 0.000923 0.000000
vt -0.137914 0.000000 0.000000
vt -0.139981 0.000000 0.000000
vt -0.142059 0.000000 0.000000
vt -0.143102 0.000000 0.000000
vt -0.144952 0.000923 0.000000
vt -0.144146 0.000000 0.000000
vt -0.145193 0.000000 0.000000
vt -0.146242 0.000000 0.000000
vt -0.148757 0.000923 0.000000
vt -0.148344 0.000000 0.000000
vt -0.150451 0.000000 0.000000
vt -0.148757 0.001846 0.000000
vt -0.152562 0.000000 0.000000
vt -0.135860 0.000000 0.000000
vt -0.135860 0.004936 0.000000
vt -0.140406 0.003693 0.000000
vt -0.140406 0.005539 0.000000
vt -0.144952 0.005539 0.000000
vt -0.144952 0.007385 0.000000
vt -0.140406 0.007385 0.000000
vt -0.135860 0.009834 0.000000
vt -0.140406 0.011078 0.000000
vt -0.135860 0.014770 0.000000
vt -0.137913 0.014770 0.000000
vt -0.139980 0.014770 0.000000
vt -0.142058 0.014770 0.000000
vt -0.144952 0.011078 0.000000
vt -0.144146 0.014770 0.000000
vt -0.146242 0.014770 0.000000
vt -0.148344 0.014770 0.000000
vt 3.051537 0.059195 0.000000
vt 3.051537 0.059424 0.000000
vt 3.051388 0.059881 0.000000
vt 3.051537 0.059652 0.000000
vt 3.051537 0.059881 0.000000
vt 0.015635 0.017047 0.000000
vt 0.015595 0.016844 0.000000
vt 0.017369 0.015066 0.000000
vt 0.015705 0.014660 0.000000
vt 0.015808 0.012463 0.000000
vt 0.018620 0.012229 0.000000
vt 0.015899 0.010255 0.000000
vt 0.019330 0.008995 0.000000
vt 0.015976 0.008038 0.000000
vt 0.019399 0.005576 0.000000
vt 0.016036 0.005812 0.000000
vt 0.016078 0.003580 0.000000
vt 0.018818 0.002280 0.000000
vt 0.016100 0.001343 0.000000
vt 0.017670 -0.000649 0.000000
vt 0.016102 -0.000894 0.000000
vt 0.016084 -0.003131 0.000000
vt 0.015708 0.017456 0.000000
vt 0.015673 0.017251 0.000000
vt -0.283698 -0.433957 0.000000
vt -0.286716 -0.438121 0.000000
vt -0.286712 -0.438124 0.000000
vt -0.290400 -0.441710 0.000000
vt -0.290394 -0.441714 0.000000
vt -0.294641 -0.444617 0.000000
vt -0.294635 -0.444622 0.000000
vt -0.299316 -0.446758 0.000000
vt -0.299311 -0.446763 0.000000
vt -0.304284 -0.448073 0.000000
vt -0.304286 -0.448069 0.000000
vt -0.309407 -0.448513 0.000000
vt 0.342066 -0.972395 0.000000
vt 0.337402 -0.973008 0.000000
vt 0.337401 -0.973009 0.000000
vt 0.332698 -0.972886 0.000000
vt 0.332699 -0.972884 0.000000
vt 0.328073 -0.972028 0.000000
vt 0.328073 -0.972027 0.000000
vt 0.323638 -0.970458 0.000000
vt 0.323638 -0.970457 0.000000
vt 0.319503 -0.968213 0.000000
vt 1.410079 0.061186 0.000000
vt 1.406894 0.057484 0.000000
vt 1.410079 -0.189619 0.000000
vt 1.403171 0.054350 0.000000
vt 1.399006 0.051865 0.000000
vt 1.394507 0.050094 0.000000
vt 1.389789 0.049081 0.000000
vt 1.384975 0.048853 0.000000
vt 1.240050 0.053914 0.000000
vt 1.234580 0.054368 0.000000
vt 1.229330 0.055334 0.000000
vt 1.224391 0.056797 0.000000
vt 0.280083 0.088483 0.000000
vt -0.000000 -0.184020 0.000000
vt 0.285112 0.089597 0.000000
vt 1.219847 0.058731 0.000000
vt 0.289780 0.091210 0.000000
vt 1.114898 0.108311 0.000000
vt 0.397932 0.133348 0.000000
vt 1.127468 0.104914 0.000000
vt 1.124312 0.106309 0.000000
vt 1.121146 0.107346 0.000000
vt 1.117998 0.108015 0.000000
vt 0.394819 0.133269 0.000000
vt 0.391632 0.132821 0.000000
vt 0.388401 0.132008 0.000000
vt 0.385155 0.130836 0.000000
vt 0.274779 0.087885 0.000000
vt 0.269290 0.087814 0.000000
vt 0.105066 0.093549 0.000000
vt 0.024270 0.099262 0.000000
vt 0.019314 0.100042 0.000000
vt 0.014556 0.101655 0.000000
vt 0.010128 0.104057 0.000000
vt 0.006155 0.107179 0.000000
vt 0.002747 0.110936 0.000000
vt 0.000000 0.115221 0.000000
vt 0.007032 -0.055523 0.000000
vt 0.004032 -0.051340 0.000000
vt 0.004138 -0.055993 0.000000
vt 0.002348 -0.051390 0.000000
vt -0.000560 -0.055993 0.000000
vt 0.000667 -0.051285 0.000000
vt -0.000997 -0.051026 0.000000
vt -0.001893 -0.055651 0.000000
vt -0.002741 -0.060294 0.000000
vt -0.000560 -0.060960 0.000000
vt -0.003521 -0.064959 0.000000
vt -0.000560 -0.065926 0.000000
vt -0.004212 -0.069651 0.000000
vt -0.000560 -0.070893 0.000000
vt -0.004796 -0.074371 0.000000
vt -0.000560 -0.075860 0.000000
vt -0.005257 -0.079118 0.000000
vt -0.000559 -0.079428 0.000000
vt 0.004138 -0.075860 0.000000
vt 0.004140 -0.079736 0.000000
vt 0.008836 -0.075860 0.000000
vt 0.008839 -0.080058 0.000000
vt 0.013533 -0.075860 0.000000
vt 0.013536 -0.080413 0.000000
vt 0.018231 -0.080826 0.000000
vt 0.016792 -0.075012 0.000000
vt 0.013533 -0.070893 0.000000
vt 0.008836 -0.070893 0.000000
vt 0.008836 -0.065926 0.000000
vt 0.004138 -0.065926 0.000000
vt 0.004138 -0.060960 0.000000
vt 0.014857 -0.069592 0.000000
vt 0.012524 -0.064571 0.000000
vt 0.008836 -0.060960 0.000000
vt 0.009887 -0.059905 0.000000
vt 0.004138 -0.070893 0.000000
vt 0.073406 -0.020409 0.000000
vt 0.098986 -0.016597 0.000000
vt 0.062312 -0.016511 0.000000
vt 0.098986 -0.011430 0.000000
vt 0.062312 -0.011372 0.000000
vt 0.098986 -0.006262 0.000000
vt 0.062312 -0.006233 0.000000
vt 0.098986 -0.001094 0.000000
vt 0.062312 -0.001094 0.000000
vt 0.098986 -0.021765 0.000000
vt 0.083324 -0.024306 0.000000
vt 0.098986 -0.026933 0.000000
vt 0.091899 -0.028204 0.000000
vt 0.098986 -0.032101 0.000000
vt -0.015133 -0.034533 0.000000
vt -0.014973 -0.038493 0.000000
vt -0.011470 -0.037643 0.000000
vt -0.014846 -0.042444 0.000000
vt -0.010089 -0.042438 0.000000
vt -0.014755 -0.046389 0.000000
vt -0.010089 -0.046385 0.000000
vt -0.009823 -0.048616 0.000000
vt -0.004918 -0.047083 0.000000
vt -0.014700 -0.050329 0.000000
vt -0.005044 -0.046382 0.000000
vt 0.000000 -0.045633 0.000000
vt -0.003865 -0.043088 0.000000
vt -0.005044 -0.042431 0.000000
vt -0.007700 -0.040456 0.000000
vt 0.117246 -0.089504 0.000000
vt 0.119400 -0.086385 0.000000
vt 0.031858 -0.089504 0.000000
vt 0.031858 -0.084311 0.000000
vt 0.121946 -0.083266 0.000000
vt 0.031858 -0.079118 0.000000
vt 0.124856 -0.080147 0.000000
vt 0.128100 -0.077028 0.000000
vt 0.031858 -0.073926 0.000000
vt 0.128100 -0.072358 0.000000
vt 0.031858 -0.068733 0.000000
vt 0.128100 -0.067688 0.000000
vt 0.031858 -0.063540 0.000000
vt 0.128100 -0.063018 0.000000
vt 0.031858 -0.058348 0.000000
vt 0.128100 -0.058348 0.000000
vt -0.035893 0.082456 0.000000
vt 0.012964 0.012426 0.000000
vt 0.044054 0.086491 0.000000
vt 0.433588 0.106154 0.000000
vt 0.922265 0.012426 0.000000
vt 0.636341 0.116388 0.000000
vt 0.922265 0.130821 0.000000
vt -0.101275 0.036344 0.000000
vt -0.131858 0.028680 0.000000
vt -0.012426 0.027657 0.000000
vt -0.131508 0.024333 0.000000
vt -0.131167 0.019974 0.000000
vt -0.130821 0.015606 0.000000
vt -0.012426 0.015606 0.000000
vt -0.012426 0.039709 0.000000
vt -0.072330 0.049851 0.000000
vt -0.012426 0.051761 0.000000
vt -0.056678 0.063873 0.000000
vt -0.012426 0.063812 0.000000
vt -0.053831 0.067593 0.000000
vt -0.012426 0.075864 0.000000
vt -0.044770 0.085285 0.000000
vt -0.012426 0.087916 0.000000
vt -0.041767 0.095953 0.000000
vt -0.012426 0.099967 0.000000
vt -0.040012 0.107545 0.000000
vt -0.012426 0.112019 0.000000
vt -0.033889 0.113483 0.000000
vt -0.027314 0.119001 0.000000
vt -0.012426 0.124071 0.000000
vt -0.018615 0.127327 0.000000
vt -0.012426 0.136122 0.000000
vt 0.604796 0.023423 0.000000
vt 0.590568 0.023425 0.000000
vt 0.600030 0.020500 0.000000
vt 0.587304 0.020734 0.000000
vt 0.584095 0.018103 0.000000
vt 0.600030 0.017574 0.000000
vt 0.580981 0.015481 0.000000
vt 0.600030 0.014648 0.000000
vt 0.577998 0.012796 0.000000
vt 0.600030 0.011722 0.000000
vt 0.578342 0.011722 0.000000
vt 0.600030 0.008792 0.000000
vt 0.578342 0.008792 0.000000
vt 0.600030 0.005861 0.000000
vt 0.578342 0.005861 0.000000
vt 0.600030 0.002931 0.000000
vt 0.578342 0.002931 0.000000
vt 0.602403 0.000000 0.000000
vt 0.569466 0.000004 0.000000
vt 0.570027 0.001906 0.000000
vt 0.570783 0.003693 0.000000
vt 0.571707 0.005386 0.000000
vt 0.572773 0.006993 0.000000
vt 0.573955 0.008527 0.000000
vt 0.575232 0.009999 0.000000
vt 0.621717 0.002931 0.000000
vt 0.634945 0.000008 0.000000
vt 0.632561 0.002931 0.000000
vt 0.654248 0.000006 0.000000
vt 0.654248 0.002931 0.000000
vt 0.658082 0.000002 0.000000
vt 0.662001 0.002931 0.000000
vt 0.672267 0.000008 0.000000
vt 0.669753 0.002931 0.000000
vt 0.677506 0.002931 0.000000
vt 0.669753 0.005861 0.000000
vt 0.677506 0.005861 0.000000
vt 0.669753 0.008792 0.000000
vt 0.677506 0.008792 0.000000
vt 0.669753 0.011722 0.000000
vt 0.677035 0.012309 0.000000
vt 0.669753 0.014648 0.000000
vt 0.670997 0.018226 0.000000
vt 0.669753 0.017574 0.000000
vt 0.662001 0.017574 0.000000
vt 0.662001 0.014648 0.000000
vt 0.662001 0.011722 0.000000
vt 0.662001 0.008792 0.000000
vt 0.662001 0.005861 0.000000
vt 0.678922 0.000006 0.000000
vt 0.685259 0.000000 0.000000
vt 0.681783 0.006107 0.000000
vt 0.662001 0.020500 0.000000
vt 0.664361 0.023295 0.000000
vt 0.654248 0.020500 0.000000
vt 0.649359 0.023379 0.000000
vt 0.632561 0.020500 0.000000
vt 0.634502 0.023421 0.000000
vt 0.621717 0.020500 0.000000
vt 0.664198 0.023422 0.000000
vt 0.621717 0.017574 0.000000
vt 0.621717 0.014648 0.000000
vt 0.621717 0.011722 0.000000
vt 0.621717 0.008792 0.000000
vt 0.621717 0.005861 0.000000
vt 0.632561 0.017574 0.000000
vt 0.632561 0.014648 0.000000
vt 0.632561 0.011722 0.000000
vt 0.632561 0.008792 0.000000
vt 0.632561 0.005861 0.000000
vt 0.654248 0.017574 0.000000
vt 0.654248 0.014648 0.000000
vt 0.654248 0.011722 0.000000
vt 0.654248 0.008792 0.000000
vt 0.654248 0.005861 0.000000
vt -0.140627 3.936389 0.000000
vt -0.131705 3.946970 0.000000
vt -0.140627 3.994570 0.000000
vt -0.113701 3.969569 0.000000
vt -0.105322 3.981320 0.000000
vt -0.097905 3.993726 0.000000
vt 0.151384 0.063357 0.000000
vt 0.151616 0.068506 0.000000
vt 0.080045 0.063357 0.000000
vt 0.084626 0.069101 0.000000
vt 0.151794 0.073654 0.000000
vt 0.088856 0.074997 0.000000
vt 0.151914 0.078802 0.000000
vt 0.092425 0.079672 0.000000
vt 0.151971 0.083951 0.000000
vt 0.097144 0.084607 0.000000
vt 0.151964 0.089099 0.000000
vt 0.102896 0.089574 0.000000
vt 0.109005 0.094147 0.000000
vt 0.151894 0.094248 0.000000
vt 0.109164 0.094248 0.000000
vt 0.571665 -0.140118 0.000000
vt 0.570256 -0.068792 0.000000
vt 0.220096 -0.129577 0.000000
vt 0.562585 -0.062855 0.000000
vt 0.556615 -0.058632 0.000000
vt 0.550719 -0.054052 0.000000
vt 0.545103 -0.048817 0.000000
vt 0.018788 -0.091740 0.000000
vt 0.535052 -0.037726 0.000000
vt 0.017007 0.000000 0.000000
vt 0.535052 0.000000 0.000000
vt 0.016975 -0.000000 0.000000
vt 0.043143 -0.124272 0.000000
vt 0.105099 -0.094248 0.000000
vt 0.106538 -0.090101 0.000000
vt 0.084700 -0.094248 0.000000
vt 0.084700 -0.089508 0.000000
vt 0.108374 -0.085953 0.000000
vt 0.084700 -0.084768 0.000000
vt 0.110572 -0.081806 0.000000
vt 0.084700 -0.080029 0.000000
vt 0.113091 -0.077659 0.000000
vt 0.084700 -0.075289 0.000000
vt 0.115883 -0.073512 0.000000
vt 0.084700 -0.070549 0.000000
vt 0.118893 -0.069365 0.000000
vt 0.084700 -0.065810 0.000000
vt 0.122065 -0.065217 0.000000
vt 0.084700 -0.061070 0.000000
vt 0.125338 -0.061070 0.000000
vt -1.005835 0.028000 0.000000
vt -1.000034 0.008443 0.000000
vt -0.962079 0.028000 0.000000
vt -0.962079 0.008443 0.000000
vt 1.000034 -0.001047 0.000000
vt 0.962079 -0.001047 0.000000
vt 1.000034 -0.005162 0.000000
vt 0.962079 -0.005162 0.000000
vt 1.000034 -0.009277 0.000000
vt 0.962079 -0.009277 0.000000
vt 1.000034 -0.013392 0.000000
vt 0.962079 -0.013392 0.000000
vt 1.000034 -0.017507 0.000000
vt 0.962079 -0.017507 0.000000
vt -0.091740 -0.962079 0.000000
vt -0.091740 -1.000034 0.000000
vt -0.000000 -0.962079 0.000000
vt -0.000000 -1.001826 0.000000
vt -0.000000 -1.001847 0.000000
vt -0.029424 0.017267 0.000000
vt -0.029424 0.012558 0.000000
vt 0.051580 0.017267 0.000000
vt 0.051635 0.012558 0.000000
vt -0.029424 0.007849 0.000000
vt 0.051663 0.007849 0.000000
vt 0.051663 0.003139 0.000000
vt -0.029424 0.003139 0.000000
vt 0.051635 -0.001570 0.000000
vt -0.029424 -0.001570 0.000000
vt 0.051580 -0.006279 0.000000
vt -0.029424 -0.006279 0.000000
vt 0.221728 -0.904717 0.000000
vt 0.217996 -0.901852 0.000000
vt 0.217995 -0.901853 0.000000
vt 0.214758 -0.898439 0.000000
vt 0.214757 -0.898440 0.000000
vt 0.212093 -0.894562 0.000000
vt 0.212092 -0.894563 0.000000
vt 0.210068 -0.890316 0.000000
vt 0.210067 -0.890317 0.000000
vt 0.208731 -0.885806 0.000000
vt -0.037726 0.004327 0.000000
vt -0.000000 0.004327 0.000000
vt -0.037726 0.007856 0.000000
vt -0.000000 0.007856 0.000000
vt -0.037726 0.011385 0.000000
vt 0.000000 0.011385 0.000000
vt -0.037726 0.014914 0.000000
vt -0.000000 0.014914 0.000000
vt -0.037726 0.018444 0.000000
vt -0.000000 0.018444 0.000000
vt -0.037726 0.021973 0.000000
vt -0.000000 0.021973 0.000000
vt -0.037726 0.025502 0.000000
vt 0.000000 0.025502 0.000000
vt -0.037726 0.029031 0.000000
vt 0.000000 0.029031 0.000000
vt -0.037726 0.032560 0.000000
vt -0.000000 0.032560 0.000000
vt -0.037726 0.036090 0.000000
vt -0.000000 0.036090 0.000000
vt -0.037726 0.039619 0.000000
vt 0.000000 0.039619 0.000000
vt -0.037726 0.043148 0.000000
vt 0.000000 0.043148 0.000000
vt -0.037726 0.046677 0.000000
vt 0.000000 0.046677 0.000000
vt -0.037726 0.050207 0.000000
vt 0.000000 0.050207 0.000000
vt -0.037726 0.053736 0.000000
vt 0.000000 0.053736 0.000000
vt -0.012419 0.000000 0.000000
vt -0.012426 -0.000000 0.000000
vt -0.012964 -0.037726 0.000000
vt -0.922265 -0.000000 0.000000
vt -0.922265 -0.037726 0.000000
vt 0.012964 -0.037726 0.000000
vt 0.092722 -0.091589 0.000000
vt 0.128995 -0.000000 0.000000
vt 0.127832 -0.080996 0.000000
vt 0.129003 0.000000 0.000000
vt 0.012426 -0.000000 0.000000
vt 0.012419 0.000000 0.000000
vt -3.485550 -0.080996 0.000000
vt -3.486151 0.000000 0.000000
vt -3.567328 -0.080996 0.000000
vt -3.568491 -0.000000 0.000000
vt -3.568498 -0.000000 0.000000
vt -0.037909 -0.029828 0.000000
vt -0.000180 -0.029828 0.000000
vt -0.037909 -0.025118 0.000000
vt -0.000125 -0.025118 0.000000
vt -0.037909 -0.020409 0.000000
vt -0.000097 -0.020409 0.000000
vt -0.037909 -0.015699 0.000000
vt -0.000097 -0.015699 0.000000
vt -0.000125 -0.010990 0.000000
vt -0.037909 -0.010990 0.000000
vt -0.000180 -0.006281 0.000000
vt -0.037909 -0.006281 0.000000
vt -0.092093 -0.030891 0.000000
vt -0.000335 -0.030891 0.000000
vt -0.092093 -0.025742 0.000000
vt -0.000250 -0.025743 0.000000
vt -0.092093 -0.020594 0.000000
vt -0.000197 -0.020594 0.000000
vt -0.092093 -0.015445 0.000000
vt -0.000179 -0.015445 0.000000
vt -0.000197 -0.010297 0.000000
vt -0.092093 -0.010297 0.000000
vt -0.000250 -0.005148 0.000000
vt -0.092093 -0.005148 0.000000
vt -0.000335 -0.000000 0.000000
vt -0.092093 0.000000 0.000000
vt -0.093201 0.017070 0.000000
vt -0.093201 0.012970 0.000000
vt -0.088488 0.021170 0.000000
vt -0.081735 0.023379 0.000000
vt -0.083776 0.025270 0.000000
vt -0.079063 0.029370 0.000000
vt -0.083776 0.029370 0.000000
vt -0.083776 0.033470 0.000000
vt -0.088488 0.033470 0.000000
vt -0.088488 0.037570 0.000000
vt -0.093201 0.037570 0.000000
vt -0.093201 0.041670 0.000000
vt -0.088488 0.041670 0.000000
vt -0.093201 0.045770 0.000000
vt -0.088488 0.045770 0.000000
vt -0.093201 0.049870 0.000000
vt -0.088488 0.049870 0.000000
vt -0.093201 0.053970 0.000000
vt -0.088488 0.053970 0.000000
vt -0.093201 0.058070 0.000000
vt -0.088488 0.058070 0.000000
vt -0.093201 0.062170 0.000000
vt -0.088488 0.062170 0.000000
vt -0.093201 0.066270 0.000000
vt -0.088488 0.066270 0.000000
vt -0.093201 0.070370 0.000000
vt -0.088488 0.070370 0.000000
vt -0.083776 0.066270 0.000000
vt -0.083776 0.070370 0.000000
vt -0.079063 0.066270 0.000000
vt -0.079063 0.070370 0.000000
vt -0.074351 0.066270 0.000000
vt -0.074351 0.070370 0.000000
vt -0.069639 0.066489 0.000000
vt -0.069639 0.070370 0.000000
vt -0.075684 0.027880 0.000000
vt -0.074351 0.029370 0.000000
vt -0.079063 0.033470 0.000000
vt -0.074351 0.033470 0.000000
vt -0.079063 0.037570 0.000000
vt -0.074351 0.037570 0.000000
vt -0.079063 0.041670 0.000000
vt -0.074351 0.041670 0.000000
vt -0.079063 0.045770 0.000000
vt -0.074351 0.045770 0.000000
vt -0.079063 0.049870 0.000000
vt -0.074351 0.049870 0.000000
vt -0.079063 0.053970 0.000000
vt -0.074351 0.053970 0.000000
vt -0.079063 0.058070 0.000000
vt -0.074351 0.058070 0.000000
vt -0.079063 0.062170 0.000000
vt -0.074351 0.062170 0.000000
vt -0.069639 0.031553 0.000000
vt -0.069639 0.035435 0.000000
vt -0.069639 0.039317 0.000000
vt -0.069639 0.043198 0.000000
vt -0.069639 0.047080 0.000000
vt -0.069639 0.050962 0.000000
vt -0.069639 0.054843 0.000000
vt -0.069639 0.058725 0.000000
vt -0.069639 0.062607 0.000000
vt -0.093201 0.033470 0.000000
vt -0.088488 0.029370 0.000000
vt -0.093201 0.029370 0.000000
vt -0.088488 0.025270 0.000000
vt -0.093201 0.025270 0.000000
vt -0.093201 0.021170 0.000000
vt -0.083776 0.037570 0.000000
vt -0.083776 0.041670 0.000000
vt -0.083776 0.045770 0.000000
vt -0.083776 0.049870 0.000000
vt -0.083776 0.053970 0.000000
vt -0.083776 0.058070 0.000000
vt -0.083776 0.062170 0.000000
vt -0.922265 -0.005760 0.000000
vt -0.821232 -0.005760 0.000000
vt -0.922265 -0.001047 0.000000
vt -0.720198 -0.005760 0.000000
vt -0.619165 -0.005760 0.000000
vt -0.619165 -0.010472 0.000000
vt -0.518131 -0.010472 0.000000
vt -0.518131 -0.015184 0.000000
vt -0.417098 -0.015184 0.000000
vt -0.417098 -0.019897 0.000000
vt -0.316064 -0.019897 0.000000
vt -0.012964 -0.024609 0.000000
vt -0.215031 -0.019897 0.000000
vt -0.113998 -0.019897 0.000000
vt -0.215031 -0.015184 0.000000
vt -0.113998 -0.015184 0.000000
vt -0.215031 -0.010472 0.000000
vt -0.113998 -0.010472 0.000000
vt -0.215031 -0.005760 0.000000
vt -0.113998 -0.005760 0.000000
vt -0.012964 -0.001047 0.000000
vt -0.012964 -0.005760 0.000000
vt -0.012964 -0.010472 0.000000
vt -0.012964 -0.015184 0.000000
vt -0.012964 -0.019897 0.000000
vt -0.821232 -0.010472 0.000000
vt -0.922265 -0.010472 0.000000
vt -0.821232 -0.015184 0.000000
vt -0.922265 -0.015184 0.000000
vt -0.821232 -0.019897 0.000000
vt -0.922265 -0.019897 0.000000
vt -0.922265 -0.024609 0.000000
vt -0.518131 -0.019897 0.000000
vt -0.619165 -0.019897 0.000000
vt -0.720198 -0.019897 0.000000
vt -0.720198 -0.015184 0.000000
vt -0.417098 -0.005760 0.000000
vt -0.316064 -0.005760 0.000000
vt -0.720198 -0.010472 0.000000
vt -0.518131 -0.005760 0.000000
vt -0.417098 -0.010472 0.000000
vt -0.316064 -0.010472 0.000000
vt -0.316064 -0.015184 0.000000
vt -0.619165 -0.015184 0.000000
vt -0.007937 -0.063170 0.000000
vt -0.003265 -0.063713 0.000000
vt -0.005311 -0.059466 0.000000
vt -0.002712 -0.059463 0.000000
vt -0.005311 -0.055233 0.000000
vt -0.002094 -0.055228 0.000000
vt -0.005311 -0.051013 0.000000
vt -0.001425 -0.051005 0.000000
vt -0.005311 -0.046820 0.000000
vt -0.000721 -0.046792 0.000000
vt -0.004660 -0.044662 0.000000
vt -0.000000 -0.042583 0.000000
vt -0.009292 -0.046845 0.000000
vt -0.010622 -0.051023 0.000000
vt -0.013861 -0.049254 0.000000
vt -0.015933 -0.051034 0.000000
vt -0.018321 -0.052057 0.000000
vt -0.015933 -0.055251 0.000000
vt -0.021244 -0.055260 0.000000
vt -0.015933 -0.059477 0.000000
vt -0.021244 -0.059482 0.000000
vt -0.017269 -0.061899 0.000000
vt -0.021921 -0.061065 0.000000
vt -0.026555 -0.059960 0.000000
vt -0.022595 -0.055499 0.000000
vt -0.012606 -0.062579 0.000000
vt -0.010622 -0.059471 0.000000
vt -0.010622 -0.055242 0.000000
vt -3.567328 -0.029930 0.000000
vt -3.524099 -0.030552 0.000000
vt -3.567328 -0.025116 0.000000
vt -3.483280 -0.026153 0.000000
vt -3.484036 -0.021132 0.000000
vt -3.482410 -0.031174 0.000000
vt -3.567328 -0.020302 0.000000
vt -3.484656 -0.016110 0.000000
vt -3.567328 -0.015489 0.000000
vt -3.485123 -0.011089 0.000000
vt -3.567328 -0.010675 0.000000
vt -3.485424 -0.006068 0.000000
vt -3.567328 -0.005861 0.000000
vt -3.485550 -0.001047 0.000000
vt -3.567328 -0.001047 0.000000
vt -0.000000 -0.055347 0.000000
vt -0.000000 -0.051765 0.000000
vt -0.005147 -0.055257 0.000000
vt -0.005147 -0.051765 0.000000
vt -0.010295 -0.055162 0.000000
vt -0.010294 -0.051765 0.000000
vt -0.015442 -0.055055 0.000000
vt -0.015440 -0.051765 0.000000
vt -0.020589 -0.054924 0.000000
vt -0.020587 -0.051765 0.000000
vt -0.025735 -0.054750 0.000000
vt -0.025734 -0.051765 0.000000
vt -0.030881 -0.054489 0.000000
vt -0.026777 -0.050864 0.000000
vt -0.022473 -0.048317 0.000000
vt -0.020587 -0.048183 0.000000
vt -0.015440 -0.048183 0.000000
vt -0.010294 -0.048183 0.000000
vt -0.005147 -0.048183 0.000000
vt 0.000000 -0.048183 0.000000
vt -0.005147 -0.044601 0.000000
vt 0.000000 -0.044601 0.000000
vt -0.004542 -0.042201 0.000000
vt -0.000000 -0.041019 0.000000
vt -0.009075 -0.043440 0.000000
vt -0.010294 -0.044601 0.000000
vt -0.013587 -0.044802 0.000000
vt -0.018061 -0.046379 0.000000
vt 0.614913 0.211214 0.000000
vt 0.614913 -0.156374 0.000000
vt 0.628648 0.132352 0.000000
vt 0.629533 0.128668 0.000000
vt 0.630917 0.124888 0.000000
vt 0.632786 0.121054 0.000000
vt 0.635119 0.117208 0.000000
vt 0.637312 0.114371 0.000000
vt 0.639882 0.111870 0.000000
vt 0.642778 0.109754 0.000000
vt 0.645942 0.108067 0.000000
vt 0.656797 0.103550 0.000000
vt 0.666856 0.100035 0.000000
vt 0.675948 0.097581 0.000000
vt 0.683921 0.096230 0.000000
vt 0.685604 0.096142 0.000000
vt 0.687286 0.096239 0.000000
vt 0.688947 0.096518 0.000000
vt 0.771789 -0.184020 0.000000
vt 0.731121 0.106026 0.000000
vt 0.771789 0.115221 0.000000
vt 0.000000 0.000000 0.000000
vt 0.700000 -0.000000 0.000000
vt -0.000000 0.300000 0.000000
vt 0.700000 0.300000 0.000000
vt 0.000000 0.000000 0.000000
vt 0.900000 0.000000 0.000000
vt 0.000000 0.300000 0.000000
vt 0.900000 0.300000 0.000000
vt -0.419529 1.390067 0.000000
vt -1.634072 1.360077 0.000000
vt -0.407186 0.890220 0.000000
vt -1.294667 -0.232030 0.000000
vt 0.619663 -0.184760 0.000000
vt -1.594575 -0.239435 0.000000
vt 0.592509 0.914905 0.000000
vt 1.599512 -0.039496 0.000000
vt 1.639009 1.560016 0.000000
vt 1.299604 -0.032091 0.000000
vt -0.575230 1.614692 0.000000
vt -0.624600 -0.384699 0.000000
vt 1.289730 -0.431969 0.000000
vt -0.751854 0.211725 0.000000
vt -0.371621 -0.241722 0.000000
vt -0.609739 0.381091 0.000000
vt 0.349142 -0.031883 0.000000
vt -1.347580 1.391835 0.000000
vt -0.364348 -0.247996 0.000000
vt -0.369427 -0.244070 0.000000
vt -0.366993 -0.246169 0.000000
vt -0.103140 -0.408361 0.000000
vt -0.100496 -0.410187 0.000000
vt -0.098062 -0.412286 0.000000
vt -0.095867 -0.414635 0.000000
vt -0.033967 -0.488455 0.000000
vt -1.540416 1.162022 0.000000
vt -0.525000 -0.700000 0.000000
vt -0.362636 -0.700000 0.000000
vt -0.438963 -0.578079 0.000000
vt -0.362636 -0.699999 0.000000
vt -0.362504 -0.700000 0.000000
vt -0.285582 -0.700000 0.000000
vt -0.284517 -0.578079 0.000000
vt -0.438963 -0.224155 0.000000
vt -0.489735 -0.224309 0.000000
vt -0.525000 -0.222617 0.000000
vt -0.489735 -0.222617 0.000000
vt 0.650679 -1.760272 0.000000
vt 0.650444 -1.759744 0.000000
vt 0.636421 -1.840480 0.000000
vt 0.636112 -1.840270 0.000000
vt 0.554302 0.985916 0.000000
vt 0.554302 1.019551 0.000000
vt 0.510064 0.987489 0.000000
vt 0.511767 1.020558 0.000000
vt 0.043116 0.987513 0.000000
vt 0.039963 1.020522 0.000000
vt 0.041367 0.987446 0.000000
vt -0.000000 1.019551 0.000000
vt -0.000000 0.985916 0.000000
vt 0.041458 1.020558 0.000000
vt 0.041368 0.987425 0.000000
vt -0.024309 -0.303085 0.000000
vt -0.022617 -0.400000 0.000000
vt -0.022617 -0.303085 0.000000
vt 0.400000 -0.400000 0.000000
vt -0.026108 -0.100000 0.000000
vt 0.400000 0.306171 0.000000
vt -0.033090 0.200000 0.000000
vt -0.033090 0.306171 0.000000
vt -0.027854 -0.100000 0.000000
vt 0.512672 0.027027 0.000000
vt 0.000000 0.022617 0.000000
vt 0.512672 -0.000000 0.000000
vt -0.000000 0.000000 0.000000
vt 0.000863 0.027037 0.000000
vt 0.000000 0.027027 0.000000
vt 0.000000 0.000000 0.000000
vt 0.475744 0.350000 0.000000
vt -0.000000 0.350000 0.000000
vt 0.484593 0.152302 0.000000
vt 0.484593 -0.321602 0.000000
vt 0.000000 -1.300000 0.000000
vt 0.484593 -1.300000 0.000000
vt 0.008813 0.350000 0.000000
vt 0.000000 0.152302 0.000000
vt 0.482642 0.350000 0.000000
vt 0.000000 -0.321602 0.000000
vt 0.482642 -1.300000 0.000000
vt -0.000000 -1.300000 0.000000
vt 0.433090 0.200000 0.000000
vt 0.000000 0.200000 0.000000
vt 0.422617 -0.400000 0.000000
vt -0.000000 -0.400000 0.000000
vt 0.000000 -1.300000 0.000000
vt 0.150000 -1.300000 0.000000
vt 0.000000 0.350000 0.000000
vt 0.150000 0.350000 0.000000
vt 0.252124 0.950000 0.000000
vt 0.700000 0.350000 0.000000
vt 0.700000 0.950000 0.000000
vt -0.350000 1.056171 0.000000
vt -0.350000 0.350000 0.000000
vt -0.887465 0.032276 0.000000
vt -0.134337 0.032276 0.000000
vt -0.881930 0.230094 0.000000
vt -0.139815 0.230094 0.000000
vt 0.409396 -1.506353 0.000000
vt 0.359396 -1.506353 0.000000
vt 0.409396 -1.594465 0.000000
vt 0.359396 -1.603283 0.000000
vt 0.412294 -2.106445 0.000000
vt 0.359396 -1.806399 0.000000
vt 0.359396 -2.106445 0.000000
vt -0.132420 -0.233090 0.000000
vt -0.525000 -0.233090 0.000000
vt -0.150070 -0.700000 0.000000
vt -0.525000 -0.700000 0.000000
vt 0.081780 0.027039 0.000000
vt 0.074638 0.500000 0.000000
vt 0.000000 0.028445 0.000000
vt 0.000000 0.500000 0.000000
vt 0.457632 0.028445 0.000000
vt 0.457632 0.500000 0.000000
vt 0.457258 0.028448 0.000000
vt 0.451064 0.500000 0.000000
vt -0.887636 0.400000 0.000000
vt -1.050000 0.400000 0.000000
vt -0.887462 0.399688 0.000000
vt -0.757727 0.188693 0.000000
vt -0.810582 0.400000 0.000000
vt -0.029530 0.136540 0.000000
vt -0.862704 0.608379 0.000000
vt -0.783369 0.118597 0.000000
vt -1.050000 -0.200000 0.000000
vt -0.778654 0.114025 0.000000
vt -0.472857 -0.200000 0.000000
vt -0.755133 0.178323 0.000000
vt -0.374930 -0.200000 0.000000
vt 0.000000 -0.200000 0.000000
vt -0.017813 0.147365 0.000000
vt 0.000000 0.400000 0.000000
vt -0.463917 0.400000 0.000000
vt -0.425083 -0.246331 0.000000
vt -0.887504 0.400000 0.000000
vt 0.228376 0.541803 0.000000
vt 0.443051 0.549075 0.000000
vt 0.223990 0.663649 0.000000
vt 0.443051 0.671070 0.000000
vt 0.000000 0.671070 0.000000
vt 0.000000 0.549075 0.000000
vt 0.431439 0.663649 0.000000
vt 0.957360 0.532608 0.000000
vt 0.970096 1.005640 0.000000
vt 0.466135 1.018649 0.000000
vt 0.456623 1.018869 0.000000
vt 0.000000 0.027027 0.000000
vt 0.000863 0.027037 0.000000
vt 0.000000 0.500000 0.000000
vt 0.015952 0.500000 0.000000
vt 0.422617 -0.400000 0.000000
vt 0.900000 -0.400000 0.000000
vt 0.433090 0.200000 0.000000
vt 0.900000 0.200000 0.000000
vt -0.952771 -1.506353 0.000000
vt -1.210179 -1.506353 0.000000
vt -0.952426 -1.510288 0.000000
vt -1.391583 -1.759027 0.000000
vt -1.409396 -1.506353 0.000000
vt -1.409396 -2.106445 0.000000
vt -1.390949 -1.759612 0.000000
vt -1.016816 -2.106445 0.000000
vt -0.952360 -1.511044 0.000000
vt -0.953351 -2.106445 0.000000
vt -0.900277 -2.106445 0.000000
vt -0.984313 -2.136494 0.000000
vt -0.394661 -1.506353 0.000000
vt -0.359396 -1.706384 0.000000
vt -0.359396 -1.506353 0.000000
vt -0.359396 -2.011058 0.000000
vt -0.892234 -2.105026 0.000000
vt -0.359396 -2.106445 0.000000
vt -0.893259 -2.106445 0.000000
vt -0.008863 -0.233090 0.000000
vt -0.008863 -0.233111 0.000000
vt 0.525000 -0.233090 0.000000
vt 0.525000 -0.700000 0.000000
vt -0.052143 -0.700000 0.000000
vt -0.015882 -0.233090 0.000000
vt -0.068955 -0.233090 0.000000
vt -0.026108 -0.200000 0.000000
vt -0.027854 -0.200000 0.000000
vt -0.022617 -0.400000 0.000000
vt -0.500000 -0.400000 0.000000
vt -0.500000 0.200000 0.000000
vt -0.033090 0.104628 0.000000
vt -0.033090 0.200000 0.000000
vt -0.031425 0.104628 0.000000
vt 0.000000 0.022639 0.000000
vt 0.007984 0.022686 0.000000
vt -0.000000 0.378079 0.000000
vt 0.512672 0.027027 0.000000
vt 0.512672 0.500000 0.000000
vt 0.000000 0.500000 0.000000
vt -0.027768 0.500251 0.000000
vt -0.602523 0.500251 0.000000
vt -0.023754 0.000175 0.000000
vt -0.621501 0.000175 0.000000
vt -1.500403 -1.164290 0.000000
vt -1.000327 -1.168303 0.000000
vt -1.500403 -1.080662 0.000000
vt -1.000327 -1.076648 0.000000
vt -0.790060 0.500251 0.000000
vt -0.794074 0.000175 0.000000
vt -0.215305 0.500251 0.000000
vt -0.196328 0.000175 0.000000
vt 1.500403 -1.538368 0.000000
vt 1.500403 -0.706583 0.000000
vt 1.000327 -1.557346 0.000000
vt 1.000327 -0.687606 0.000000
vt 0.202442 0.370814 0.000000
vt 0.202442 -0.382314 0.000000
vt 0.226907 -0.434870 0.000000
vt -0.175637 -0.079186 0.000000
vt -0.226907 -0.045828 0.000000
vt -0.175637 0.070814 0.000000
vt -0.226907 0.045828 0.000000
vt 0.226907 0.434870 0.000000
vt -0.415893 -0.218179 0.000000
vt 0.415893 -0.218179 0.000000
vt -0.041814 0.218179 0.000000
vt 0.041814 0.218179 0.000000
vt -0.077124 -0.200000 0.000000
vt -0.077124 0.200000 0.000000
vt -0.131169 -0.200000 0.000000
vt -0.525000 0.200000 0.000000
vt -0.525000 -0.233090 0.000000
vt -0.132420 -0.233090 0.000000
vt 0.013521 -0.399525 0.000000
vt 0.007618 -0.398484 0.000000
vt -0.015175 -0.427355 0.000000
vt -0.046428 -0.398484 0.000000
vt -0.078313 0.216545 0.000000
vt -0.071229 -0.183455 0.000000
vt 0.533099 0.216545 0.000000
vt 0.479385 -0.214880 0.000000
vt 0.533099 -0.216545 0.000000
vt 0.479385 -0.216545 0.000000
vt -0.078313 -0.183455 0.000000
vt -0.072319 -0.183455 0.000000
vt -0.070020 -0.216520 0.000000
vt 0.001665 0.096843 0.000000
vt 0.000000 0.096843 0.000000
vt 0.001665 0.000000 0.000000
vt 0.000000 0.000000 0.000000
vt 0.052898 0.106171 0.000000
vt 0.000000 0.096843 0.000000
vt 0.052898 0.000000 0.000000
vt 0.000000 0.000000 0.000000
vt 0.033087 0.001440 0.000000
vt 0.000000 0.001230 0.000000
vt 0.033087 0.000000 0.000000
vt 0.000000 -0.000000 0.000000
vt 0.541061 0.096843 0.000000
vt -0.000000 0.001440 0.000000
vt 0.541061 0.000000 0.000000
vt -0.000000 0.000000 0.000000
vt 0.059949 0.001041 0.000000
vt 0.061022 0.000000 0.000000
vt 0.061022 0.001230 0.000000
vt 0.753128 -0.321602 0.000000
vt -0.000000 -0.321602 0.000000
vt 0.753128 -1.300000 0.000000
vt -0.000000 -1.300000 0.000000
vt -0.376564 0.052772 0.000000
vt -0.313767 -0.479939 0.000000
vt 0.376564 0.052772 0.000000
vt 0.092926 -0.624144 0.000000
vt 0.115886 -0.620096 0.000000
vt -0.376564 -0.706928 0.000000
vt -0.224464 -0.680109 0.000000
vt 0.376564 -0.574131 0.000000
vt 0.000000 0.000000 0.000000
vt 0.753128 0.000000 0.000000
vt -0.000000 0.400000 0.000000
vt 0.753128 0.400000 0.000000
vt 0.000000 0.000000 0.000000
vt 0.473905 0.000000 0.000000
vt -0.000000 0.400000 0.000000
vt 0.671602 0.044538 0.000000
vt 0.759700 0.400000 0.000000
vt 0.759700 0.046076 0.000000
vt 0.671602 0.000000 0.000000
vt 0.105545 -0.000000 0.000000
vt 0.105545 0.400000 0.000000
vt -0.368360 0.000000 0.000000
vt -0.521359 0.400000 0.000000
vt -0.521359 0.044538 0.000000
vt -0.521359 0.000000 0.000000
vt 0.325783 -0.222617 0.000000
vt 0.325783 -0.578079 0.000000
vt 0.525000 -0.222617 0.000000
vt 0.525000 -0.700000 0.000000
vt 0.061083 -0.700000 0.000000
vt 0.061083 -0.578079 0.000000
vt 0.909026 -1.506353 0.000000
vt 0.909371 -1.510288 0.000000
vt 0.935764 -1.501638 0.000000
vt 0.909437 -1.511044 0.000000
vt 1.016816 -2.106445 0.000000
vt 0.961520 -2.106445 0.000000
vt 0.984313 -2.136494 0.000000
vt 0.954607 -2.107664 0.000000
vt 0.901846 -1.507620 0.000000
vt 0.900471 -1.507862 0.000000
vt 1.390949 -1.759612 0.000000
vt 1.409396 -2.106445 0.000000
vt 1.391583 -1.759027 0.000000
vt 1.409396 -1.506353 0.000000
vt 0.945479 -1.506353 0.000000
vt 0.448283 1.041669 0.000000
vt 0.447065 1.019142 0.000000
vt 0.458228 1.041498 0.000000
vt 0.970824 1.032681 0.000000
vt 0.970096 1.005640 0.000000
vt 0.060111 0.201516 0.000000
vt 0.032313 0.206417 0.000000
vt 0.023658 0.201516 0.000000
vt -0.475000 -0.222617 0.000000
vt -0.475000 -0.178079 0.000000
vt -0.525000 -0.222617 0.000000
vt -0.469522 -0.171175 0.000000
vt -0.525000 0.200000 0.000000
vt -0.175000 0.200000 0.000000
vt 0.024630 -0.178079 0.000000
vt 0.272593 -0.171175 0.000000
vt 0.061083 -0.200000 0.000000
vt 0.061083 -0.222617 0.000000
vt 0.024630 -0.200000 0.000000
vt 0.525000 -0.222617 0.000000
vt 0.525000 0.200000 0.000000
vt -0.025000 0.200000 0.000000
vt -0.124965 0.178079 0.000000
vt -0.124965 0.200000 0.000000
vt -0.153191 0.178079 0.000000
vt -0.382373 0.200000 0.000000
vt -0.382373 0.155462 0.000000
vt -0.124965 0.155462 0.000000
vt -0.152115 0.155544 0.000000
vt -0.094360 -0.200000 0.000000
vt -0.116277 0.155436 0.000000
vt -0.117673 -0.200000 0.000000
vt -0.117673 0.155440 0.000000
vt 0.753128 0.368360 0.000000
vt 0.753128 0.521359 0.000000
vt -0.000000 0.368360 0.000000
vt 0.499630 0.566057 0.000000
vt 0.000000 0.566057 0.000000
vt 0.082144 0.534066 0.000000
vt 0.082144 1.007306 0.000000
vt 0.013716 0.531822 0.000000
vt 0.000780 1.003237 0.000000
vt 0.010683 0.534428 0.000000
vt 0.000578 1.007335 0.000000
vt 0.000000 0.534066 0.000000
vt 0.000000 1.007306 0.000000
vt 0.066530 0.520863 0.000000
vt 0.043117 0.987489 0.000000
vt -0.000000 0.519246 0.000000
vt -0.000000 0.985916 0.000000
vt 0.486043 0.520863 0.000000
vt 0.554302 0.519246 0.000000
vt 0.510064 0.987489 0.000000
vt 0.554302 0.985916 0.000000
vt -0.000000 1.008985 0.000000
vt 0.000542 1.009013 0.000000
vt 0.000000 1.034371 0.000000
vt 0.000730 1.005084 0.000000
vt 0.082144 1.008985 0.000000
vt -0.000000 1.031677 0.000000
vt 0.082144 1.034371 0.000000
vt 0.457632 0.026596 0.000000
vt 0.457282 0.026601 0.000000
vt 0.457632 0.000000 0.000000
vt 0.000000 0.026596 0.000000
vt 0.000000 0.000000 0.000000
vt 0.081806 0.025361 0.000000
vt 0.082188 0.000000 0.000000
vt -0.625410 -1.734657 0.000000
vt -0.625206 -1.734373 0.000000
vt -0.666262 -1.664125 0.000000
vt -0.666224 -1.663584 0.000000
vn -0.062973 0.001695 0.077663
vn -0.062973 0.001695 0.077663
vn -0.062973 0.001695 0.077663
vn -0.062973 0.001695 0.077663
vn -0.062973 0.001695 0.077663
vn -0.062973 0.001695 0.077663
vn -0.062973 0.001695 0.077663
vn 0.003645 0.099934 0.000034
vn 0.003645 0.099934 0.000034
vn 0.003645 0.099934 0.000034
vn 0.003645 0.099934 0.000034
vn 0.000274 0.099996 -0.000869
vn 0.000274 0.099996 -0.000869
vn 0.000274 0.099996 -0.000869
vn 0.000274 0.099996 -0.000869
vn 0.000274 0.099996 -0.000869
vn 0.000274 0.099996 -0.000869
vn 0.000274 0.099996 -0.000869
vn 0.000274 0.099996 -0.000869
vn 0.099632 -0.003379 -0.007871
vn 0.099632 -0.003379 -0.007871
vn 0.099632 -0.003379 -0.007871
vn 0.099632 -0.003379 -0.007871
vn -0.003645 -0.099934 -0.000034
vn -0.003645 -0.099934 -0.000034
vn -0.003645 -0.099934 -0.000034
vn -0.003645 -0.099934 -0.000034
vn 0.086545 -0.003139 -0.050000
vn 0.086545 -0.003139 -0.050000
vn 0.086545 -0.003139 -0.050000
vn 0.086545 -0.003139 -0.050000
vn -0.086545 0.003139 0.050000
vn -0.086545 0.003139 0.050000
vn -0.086545 0.003139 0.050000
vn -0.086545 0.003139 0.050000
vn -0.086545 0.003139 0.050000
vn -0.086545 0.003139 0.050000
vn -0.086545 0.003139 0.050000
vn -0.086545 0.003139 0.050000
vn -0.086545 0.003139 0.050000
vn -0.086545 0.003139 0.050000
vn -0.086545 0.003139 0.050000
vn -0.086545 0.003139 0.050000
vn -0.086545 0.003139 0.050000
vn -0.086545 0.003139 0.050000
vn 0.086545 -0.003139 -0.050000
vn 0.086545 -0.003139 -0.050000
vn 0.086545 -0.003139 -0.050000
vn 0.086545 -0.003139 -0.050000
vn 0.086545 -0.003139 -0.050000
vn -0.003645 -0.099934 -0.000034
vn -0.003645 -0.099934 -0.000034
vn -0.003645 -0.099934 -0.000034
vn -0.003645 -0.099934 -0.000034
vn 0.086545 -0.003139 -0.050000
vn 0.086545 -0.003139 -0.050000
vn 0.086545 -0.003139 -0.050000
vn 0.086545 -0.003139 -0.050000
vn -0.003645 -0.099934 -0.000034
vn -0.003645 -0.099934 -0.000034
vn -0.003645 -0.099934 -0.000034
vn -0.003645 -0.099934 -0.000034
vn -0.003645 -0.099934 -0.000034
vn -0.003645 -0.099934 -0.000034
vn -0.003645 -0.099934 -0.000034
vn -0.003645 -0.099934 -0.000034
vn -0.003645 -0.099934 -0.000034
vn -0.003645 -0.099934 -0.000034
vn -0.003645 -0.099934 -0.000034
vn -0.003645 -0.099934 -0.000034
vn -0.034321 -0.005865 -0.093743
vn -0.034321 -0.005865 -0.093743
vn -0.034321 -0.005865 -0.093743
vn -0.034321 -0.005865 -0.093743
vn -0.062246 -0.004908 -0.078111
vn -0.062246 -0.004908 -0.078111
vn -0.062246 -0.004908 -0.078111
vn -0.062246 -0.004908 -0.078111
vn -0.034321 -0.005865 -0.093743
vn -0.034321 -0.005865 -0.093743
vn -0.034321 -0.005865 -0.093743
vn -0.034321 -0.005865 -0.093743
vn -0.053516 -0.005289 -0.084309
vn -0.048914 -0.005457 -0.087049
vn -0.048914 -0.005457 -0.087049
vn -0.048914 -0.005457 -0.087049
vn -0.034321 -0.005865 -0.093743
vn -0.048914 -0.005457 -0.087049
vn -0.044172 -0.005609 -0.089540
vn -0.053516 -0.005289 -0.084309
vn -0.044172 -0.005609 -0.089540
vn -0.034321 -0.005865 -0.093743
vn -0.044172 -0.005609 -0.089540
vn -0.048914 -0.005457 -0.087049
vn -0.034321 -0.005865 -0.093743
vn -0.048914 -0.005457 -0.087049
vn -0.048914 -0.005457 -0.087049
vn -0.048914 -0.005457 -0.087049
vn -0.053516 -0.005289 -0.084309
vn -0.044172 -0.005609 -0.089540
vn -0.053516 -0.005289 -0.084309
vn -0.062246 -0.004908 -0.078111
vn -0.034321 -0.005865 -0.093743
vn 0.003645 0.099934 0.000034
vn 0.003645 0.099934 0.000034
vn 0.003645 0.099934 0.000034
vn 0.003645 0.099934 0.000034
vn 0.003645 0.099934 0.000034
vn 0.003645 0.099934 0.000034
vn 0.003645 0.099934 0.000034
vn 0.003645 0.099934 0.000034
vn 0.003645 0.099934 0.000034
vn 0.003645 0.099934 0.000034
vn 0.003645 0.099934 0.000034
vn 0.003645 0.099934 0.000034
vn 0.003645 0.099934 0.000034
vn 0.003645 0.099934 0.000034
vn -0.096528 0.003530 -0.025881
vn -0.096528 0.003530 -0.025881
vn -0.096528 0.003530 -0.025881
vn -0.096528 0.003530 -0.025881
vn 0.025865 -0.000910 -0.096593
vn 0.025865 -0.000910 -0.096593
vn 0.025865 -0.000910 -0.096593
vn 0.025865 -0.000910 -0.096593
vn -0.049966 0.001852 -0.086602
vn -0.049966 0.001852 -0.086602
vn -0.049966 0.001852 -0.086602
vn -0.049966 0.001852 -0.086602
vn -0.049966 0.001852 -0.086602
vn -0.049966 0.001852 -0.086602
vn 0.034172 -0.001745 0.093964
vn 0.034172 -0.001745 0.093964
vn 0.034172 -0.001745 0.093964
vn 0.034172 -0.001745 0.093964
vn 0.034172 -0.001745 0.093964
vn 0.034172 -0.001745 0.093964
vn 0.034172 -0.001745 0.093964
vn 0.034172 -0.001745 0.093964
vn 0.034172 -0.001745 0.093964
vn 0.034172 -0.001745 0.093964
vn 0.093917 -0.003022 -0.034211
vn 0.093917 -0.003022 -0.034211
vn 0.093917 -0.003022 -0.034211
vn 0.093917 -0.003022 -0.034211
vn 0.003437 0.099939 0.000606
vn 0.003437 0.099939 0.000606
vn 0.003437 0.099939 0.000606
vn 0.003437 0.099939 0.000606
vn 0.003437 0.099939 0.000606
vn 0.003437 0.099939 0.000606
vn 0.003437 0.099939 0.000606
vn 0.003437 0.099939 0.000606
vn 0.003437 0.099939 0.000606
vn 0.003437 0.099939 0.000606
vn 0.003437 0.099939 0.000606
vn 0.003437 0.099939 0.000606
vn 0.003437 0.099939 0.000606
vn 0.003437 0.099939 0.000606
vn 0.003437 0.099939 0.000606
vn -0.003804 -0.099926 -0.000472
vn -0.003804 -0.099926 -0.000472
vn -0.003804 -0.099926 -0.000472
vn 0.093900 -0.003495 -0.034214
vn 0.093900 -0.003495 -0.034214
vn 0.093900 -0.003495 -0.034214
vn 0.093900 -0.003495 -0.034214
vn -0.049966 0.001852 -0.086602
vn -0.049966 0.001852 -0.086602
vn -0.049966 0.001852 -0.086602
vn -0.049966 0.001852 -0.086602
vn 0.098388 -0.003277 -0.017581
vn 0.098388 -0.003277 -0.017581
vn 0.098388 -0.003277 -0.017581
vn 0.098388 -0.003277 -0.017581
vn 0.098388 -0.003277 -0.017581
vn -0.003437 -0.099939 -0.000606
vn -0.003437 -0.099939 -0.000606
vn -0.003437 -0.099939 -0.000606
vn -0.003437 -0.099939 -0.000606
vn -0.003437 -0.099939 -0.000606
vn -0.008539 -0.000311 0.099634
vn -0.008539 -0.000311 0.099634
vn -0.008539 -0.000311 0.099634
vn -0.008539 -0.000311 0.099634
vn -0.003437 -0.099939 -0.000606
vn -0.003437 -0.099939 -0.000606
vn -0.003437 -0.099939 -0.000606
vn -0.003437 -0.099939 -0.000606
vn -0.093917 0.003022 0.034211
vn -0.093917 0.003022 0.034211
vn -0.093917 0.003022 0.034211
vn -0.093917 0.003022 0.034211
vn -0.093917 0.003022 0.034211
vn -0.093917 0.003022 0.034211
vn -0.093917 0.003022 0.034211
vn -0.093917 0.003022 0.034211
vn -0.093917 0.003022 0.034211
vn -0.093917 0.003022 0.034211
vn -0.093917 0.003022 0.034211
vn -0.093917 0.003022 0.034211
vn -0.093917 0.003022 0.034211
vn -0.093917 0.003022 0.034211
vn -0.093917 0.003022 0.034211
vn -0.094440 0.003049 0.032738
vn -0.094440 0.003049 0.032738
vn -0.094440 0.003049 0.032738
vn -0.094440 0.003049 0.032738
vn -0.037890 0.001864 -0.092525
vn -0.037890 0.001864 -0.092525
vn -0.037890 0.001864 -0.092525
vn -0.037890 0.001864 -0.092525
vn 0.093917 -0.003022 -0.034211
vn 0.093917 -0.003022 -0.034211
vn 0.093917 -0.003022 -0.034211
vn 0.093917 -0.003022 -0.034211
vn -0.003437 -0.099939 -0.000606
vn -0.003437 -0.099939 -0.000606
vn -0.003437 -0.099939 -0.000606
vn -0.003437 -0.099939 -0.000606
vn -0.003437 -0.099939 -0.000606
vn -0.003437 -0.099939 -0.000606
vn -0.003437 -0.099939 -0.000606
vn -0.003437 -0.099939 -0.000606
vn -0.003437 -0.099939 -0.000606
vn -0.003437 -0.099939 -0.000606
vn -0.003437 -0.099939 -0.000606
vn -0.003437 -0.099939 -0.000606
vn -0.003437 -0.099939 -0.000606
vn -0.003437 -0.099939 -0.000606
vn -0.003437 -0.099939 -0.000606
vn -0.003437 -0.099939 -0.000606
vn -0.003437 -0.099939 -0.000606
vn -0.003437 -0.099939 -0.000606
vn -0.003437 -0.099939 -0.000606
vn -0.003437 -0.099939 -0.000606
vn -0.003437 -0.099939 -0.000606
vn -0.003437 -0.099939 -0.000606
vn -0.003437 -0.099939 -0.000606
vn -0.003437 -0.099939 -0.000606
vn 0.003437 0.099939 0.000606
vn 0.003437 0.099939 0.000606
vn 0.003437 0.099939 0.000606
vn 0.003437 0.099939 0.000606
vn 0.003437 0.099939 0.000606
vn 0.003437 0.099939 0.000606
vn 0.003437 0.099939 0.000606
vn 0.003437 0.099939 0.000606
vn 0.003437 0.099939 0.000606
vn 0.003437 0.099939 0.000606
vn 0.003437 0.099939 0.000606
vn 0.003437 0.099939 0.000606
vn 0.003437 0.099939 0.000606
vn 0.003437 0.099939 0.000606
vn 0.003437 0.099939 0.000606
vn 0.003437 0.099939 0.000606
vn 0.003437 0.099939 0.000606
vn 0.003437 0.099939 0.000606
vn 0.003437 0.099939 0.000606
vn 0.003437 0.099939 0.000606
vn 0.003437 0.099939 0.000606
vn 0.003437 0.099939 0.000606
vn 0.003437 0.099939 0.000606
vn 0.003437 0.099939 0.000606
vn 0.003437 0.099939 0.000606
vn 0.003437 0.099939 0.000606
vn 0.003437 0.099939 0.000606
vn 0.003437 0.099939 0.000606
vn 0.003437 0.099939 0.000606
vn 0.003437 0.099939 0.000606
vn 0.003437 0.099939 0.000606
vn 0.003437 0.099939 0.000606
vn 0.003437 0.099939 0.000606
vn 0.003437 0.099939 0.000606
vn 0.003437 0.099939 0.000606
vn 0.003437 0.099939 0.000606
vn 0.003437 0.099939 0.000606
vn 0.003437 0.099939 0.000606
vn 0.003437 0.099939 0.000606
vn 0.003437 0.099939 0.000606
vn 0.003437 0.099939 0.000606
vn 0.003437 0.099939 0.000606
vn 0.003437 0.099939 0.000606
vn 0.003437 0.099939 0.000606
vn 0.003437 0.099939 0.000606
vn 0.003437 0.099939 0.000606
vn 0.003437 0.099939 0.000606
vn 0.003437 0.099939 0.000606
vn 0.003437 0.099939 0.000606
vn 0.003437 0.099939 0.000606
vn 0.062760 -0.041473 0.065888
vn 0.072206 -0.041733 0.055178
vn 0.070122 -0.028251 0.065458
vn 0.076472 -0.028544 0.057769
vn 0.075877 -0.014382 0.063528
vn 0.079253 -0.014528 0.059228
vn 0.079893 -0.000184 0.060142
vn 0.083506 -0.011117 0.053881
vn 0.085684 -0.021860 0.046695
vn 0.084428 -0.029064 0.045024
vn 0.079885 -0.041924 0.043137
vn 0.086390 -0.032228 0.038707
vn 0.085611 -0.042042 0.030053
vn 0.019126 -0.083282 0.051946
vn 0.031486 -0.075381 0.057674
vn 0.031287 -0.075528 0.057590
vn 0.042697 -0.065964 0.061853
vn 0.043066 -0.065612 0.061971
vn 0.053083 -0.054816 0.064632
vn 0.053577 -0.054215 0.064732
vn 0.062196 -0.042355 0.065861
vn 0.062760 -0.041473 0.065888
vn 0.069817 -0.028877 0.065511
vn 0.070122 -0.028251 0.065458
vn 0.075764 -0.014707 0.063589
vn 0.075877 -0.014382 0.063528
vn 0.079893 -0.000184 0.060142
vn 0.079893 -0.000184 0.060142
vn 0.005673 -0.082842 0.055723
vn 0.010256 -0.082994 0.054834
vn 0.007750 -0.072410 0.068532
vn 0.018032 -0.072743 0.066207
vn 0.021636 -0.060351 0.076744
vn 0.033098 -0.060729 0.072226
vn 0.037442 -0.046705 0.080105
vn 0.049296 -0.047158 0.073117
vn 0.053511 -0.031873 0.078234
vn 0.062196 -0.042355 0.065861
vn 0.064941 -0.032382 0.068804
vn 0.069817 -0.028877 0.065511
vn 0.068171 -0.016234 0.071339
vn 0.075764 -0.014707 0.063589
vn 0.069508 0.000364 0.071892
vn 0.079893 -0.000184 0.060142
vn 0.014750 -0.083141 0.053572
vn 0.019126 -0.083282 0.051946
vn 0.027836 -0.073066 0.062342
vn 0.031287 -0.075528 0.057590
vn 0.042697 -0.065964 0.061853
vn 0.053083 -0.054816 0.064632
vn 0.043711 -0.061134 0.065969
vn 0.056242 -0.015703 0.081180
vn 0.057411 0.000902 0.081873
vn 0.042919 -0.015194 0.089034
vn 0.043900 0.001418 0.089837
vn 0.028530 -0.014720 0.094707
vn 0.029309 0.001900 0.095590
vn 0.013430 -0.014280 0.098060
vn 0.013996 0.002334 0.098988
vn 0.012491 -0.030498 0.094413
vn 0.026959 -0.030931 0.091195
vn 0.040746 -0.031385 0.085760
vn 0.011207 -0.045871 0.088149
vn 0.024639 -0.046283 0.085152
vn 0.009612 -0.059972 0.079442
vn 0.006128 -0.080816 0.058577
vn 0.005902 -0.081842 0.057159
vn 0.008096 -0.070352 0.070605
vn 0.007750 -0.072410 0.068532
vn 0.009612 -0.059972 0.079442
vn 0.005673 -0.082842 0.055723
vn 0.009854 -0.058073 0.080811
vn 0.011207 -0.045871 0.088149
vn 0.011358 -0.044296 0.088932
vn 0.012491 -0.030498 0.094413
vn 0.012569 -0.029376 0.094758
vn 0.013430 -0.014280 0.098060
vn 0.013456 -0.013697 0.098139
vn 0.013996 0.002334 0.098988
vn 0.013996 0.002334 0.098988
vn 0.013996 0.002334 0.098988
vn 0.013996 0.002334 0.098988
vn 0.013996 0.002334 0.098988
vn 0.013996 0.002334 0.098988
vn 0.013996 0.002334 0.098988
vn 0.013996 0.002334 0.098988
vn 0.013996 0.002334 0.098988
vn 0.013996 0.002334 0.098988
vn 0.013996 0.002334 0.098988
vn 0.013996 0.002334 0.098988
vn -0.022085 0.038272 0.089708
vn -0.013249 0.029902 0.094500
vn -0.022085 0.038272 0.089708
vn -0.010246 0.026990 0.095742
vn -0.004187 0.021019 0.097676
vn 0.001904 0.014889 0.098867
vn 0.004947 0.011778 0.099181
vn -0.022085 0.038272 0.089708
vn -0.022085 0.038272 0.089708
vn -0.022085 0.038272 0.089708
vn -0.037375 0.003318 0.092694
vn -0.037375 0.003318 0.092694
vn -0.032789 0.015285 0.093227
vn -0.033989 0.012310 0.093237
vn -0.030289 0.021187 0.092918
vn -0.027665 0.027001 0.092226
vn -0.026309 0.029868 0.091737
vn -0.024164 0.034232 0.090798
vn -0.026194 0.030108 0.091692
vn -0.028169 0.025911 0.092386
vn -0.029135 0.023790 0.092656
vn -0.030084 0.021655 0.092876
vn -0.031017 0.019508 0.093045
vn -0.031933 0.017350 0.093163
vn -0.033710 0.013010 0.093243
vn -0.035411 0.008648 0.093120
vn -0.037031 0.004275 0.092792
vn -0.037375 0.003318 0.092694
vn -0.037375 0.003318 0.092694
vn -0.037375 0.003318 0.092694
vn -0.037375 0.003318 0.092694
vn -0.027511 -0.023714 0.093171
vn -0.028736 -0.020767 0.093504
vn -0.023670 -0.032395 0.091598
vn -0.025565 -0.028212 0.092469
vn -0.023670 -0.032395 0.091598
vn -0.031097 -0.014812 0.093881
vn -0.033330 -0.008797 0.093871
vn -0.030914 -0.015287 0.093865
vn -0.031750 -0.013094 0.093917
vn -0.032568 -0.010895 0.093918
vn -0.034149 -0.006482 0.093765
vn -0.035652 -0.002062 0.093406
vn -0.037375 0.003318 0.092694
vn -0.037074 0.002354 0.092844
vn -0.034395 -0.005774 0.093721
vn -0.030062 -0.017471 0.093761
vn -0.029193 -0.019645 0.093605
vn -0.027408 -0.023958 0.093139
vn -0.023670 -0.032395 0.091598
vn -0.023670 -0.032395 0.091598
vn 0.013996 0.002334 0.098988
vn 0.004533 -0.006670 0.099674
vn 0.013996 0.002334 0.098988
vn 0.001353 -0.009654 0.099524
vn -0.005008 -0.015561 0.098655
vn -0.011331 -0.021349 0.097035
vn -0.014463 -0.024185 0.095947
vn 0.013996 0.002334 0.098988
vn 0.013996 0.002334 0.098988
vn 0.013996 0.002334 0.098988
vn 0.013996 0.002334 0.098988
vn 0.013996 0.002334 0.098988
vn 0.013996 0.002334 0.098988
vn 0.013996 0.002334 0.098988
vn 0.013996 0.002334 0.098988
vn 0.013996 0.002334 0.098988
vn 0.013996 0.002334 0.098988
vn -0.003427 -0.064541 0.076307
vn -0.003666 -0.064377 0.076434
vn 0.005702 -0.070303 0.070887
vn 0.009053 -0.072173 0.068623
vn 0.016965 -0.076048 0.062681
vn 0.021516 -0.077921 0.058867
vn 0.027843 -0.080064 0.053051
vn 0.033369 -0.081460 0.047442
vn 0.038088 -0.082262 0.042216
vn 0.044276 -0.082690 0.034671
vn 0.047468 -0.082591 0.030422
vn 0.053927 -0.081574 0.020917
vn 0.055769 -0.081043 0.017937
vn 0.062049 -0.078146 0.006570
vn 0.062804 -0.077655 0.005044
vn 0.068411 -0.072502 -0.007963
vn 0.068411 -0.072502 -0.007963
vn -0.012507 -0.057837 0.080613
vn -0.016282 -0.054757 0.082077
vn -0.021404 -0.050289 0.083743
vn -0.028436 -0.043584 0.085393
vn -0.029989 -0.042007 0.085651
vn -0.039783 -0.031175 0.086287
vn -0.045726 -0.023735 0.085708
vn -0.050003 -0.017881 0.084735
vn -0.058805 -0.004081 0.080780
vn 0.029309 0.001900 0.095590
vn 0.013996 0.002334 0.098988
vn 0.029309 0.001900 0.095590
vn 0.013996 0.002334 0.098988
vn 0.029309 0.001900 0.095590
vn 0.029309 0.001900 0.095590
vn 0.043900 0.001418 0.089837
vn 0.043900 0.001418 0.089837
vn 0.057411 0.000902 0.081873
vn 0.057411 0.000902 0.081873
vn 0.069508 0.000364 0.071892
vn 0.069508 0.000364 0.071892
vn 0.079893 -0.000184 0.060142
vn 0.079893 -0.000184 0.060142
vn 0.069508 0.000364 0.071892
vn 0.057411 0.000902 0.081873
vn 0.043900 0.001418 0.089837
vn 0.069508 0.000364 0.071892
vn 0.057411 0.000902 0.081873
vn 0.043900 0.001418 0.089837
vn -0.062901 0.003489 0.077661
vn -0.062901 0.003489 0.077661
vn -0.062901 0.003489 0.077661
vn -0.062901 0.003489 0.077661
vn -0.062901 0.003489 0.077661
vn -0.062901 0.003489 0.077661
vn -0.062901 0.003489 0.077661
vn -0.062901 0.003489 0.077661
vn -0.062901 0.003489 0.077661
vn -0.062901 0.003489 0.077661
vn -0.062901 0.003489 0.077661
vn -0.062901 0.003489 0.077661
vn 0.034172 -0.001745 0.093964
vn 0.034172 -0.001745 0.093964
vn 0.034172 -0.001745 0.093964
vn 0.034172 -0.001745 0.093964
vn 0.098990 -0.002594 -0.013935
vn 0.098990 -0.002594 -0.013935
vn 0.098990 -0.002594 -0.013935
vn 0.098990 -0.002594 -0.013935
vn 0.068411 -0.072502 -0.007963
vn 0.068411 -0.072502 -0.007963
vn 0.068411 -0.072502 -0.007963
vn 0.068411 -0.072502 -0.007963
vn 0.079893 -0.000184 0.060142
vn 0.079893 -0.000184 0.060142
vn 0.079893 -0.000184 0.060142
vn 0.079893 -0.000184 0.060142
vn 0.079893 -0.000184 0.060142
vn 0.079893 -0.000184 0.060142
vn 0.079893 -0.000184 0.060142
vn 0.079893 -0.000184 0.060142
vn 0.098769 -0.007389 -0.013790
vn 0.098315 -0.012204 -0.013613
vn 0.097421 -0.018196 -0.013345
vn 0.097421 -0.018196 -0.013345
vn 0.093453 -0.033350 -0.012427
vn 0.093453 -0.033350 -0.012427
vn 0.087183 -0.047682 -0.011202
vn 0.087183 -0.047682 -0.011202
vn 0.078767 -0.060841 -0.009702
vn 0.080944 -0.057849 -0.010080
vn 0.074986 -0.065537 -0.009057
vn 0.078767 -0.060841 -0.009702
vn 0.078767 -0.060841 -0.009702
vn 0.087183 -0.047682 -0.011202
vn 0.087183 -0.047682 -0.011202
vn 0.093453 -0.033350 -0.012427
vn 0.093453 -0.033350 -0.012427
vn 0.097421 -0.018196 -0.013345
vn 0.097421 -0.018196 -0.013345
vn 0.097421 -0.018196 -0.013345
vn 0.097421 -0.018196 -0.013345
vn 0.093453 -0.033350 -0.012427
vn 0.093453 -0.033350 -0.012427
vn 0.087183 -0.047682 -0.011202
vn 0.087183 -0.047682 -0.011202
vn 0.078767 -0.060841 -0.009702
vn 0.078767 -0.060841 -0.009702
vn 0.068411 -0.072502 -0.007963
vn 0.078767 -0.060841 -0.009702
vn 0.078767 -0.060841 -0.009702
vn 0.087183 -0.047682 -0.011202
vn 0.087183 -0.047682 -0.011202
vn 0.093453 -0.033350 -0.012427
vn 0.093453 -0.033350 -0.012427
vn 0.097421 -0.018196 -0.013345
vn 0.097421 -0.018196 -0.013345
vn 0.078767 -0.060841 -0.009702
vn 0.078767 -0.060841 -0.009702
vn 0.086180 -0.049514 -0.011017
vn 0.090597 -0.040641 -0.011851
vn 0.093453 -0.033350 -0.012427
vn 0.094118 -0.031367 -0.012567
vn 0.096695 -0.021839 -0.013157
vn 0.097421 -0.018196 -0.013345
vn 0.097624 -0.017026 -0.013401
vn 0.097421 -0.018196 -0.013345
vn 0.093453 -0.033350 -0.012427
vn 0.087183 -0.047682 -0.011202
vn 0.087183 -0.047682 -0.011202
vn 0.078767 -0.060841 -0.009702
vn 0.098994 -0.002593 -0.013910
vn 0.099961 -0.002196 0.001736
vn 0.099961 -0.002196 0.001735
vn 0.099961 -0.002196 0.001733
vn 0.098470 -0.001745 0.017340
vn 0.098470 -0.001745 0.017340
vn 0.094556 -0.001251 0.032520
vn 0.094556 -0.001251 0.032520
vn 0.088317 -0.000727 0.046900
vn 0.088316 -0.000727 0.046901
vn 0.079908 -0.000184 0.060122
vn 0.088316 -0.000727 0.046902
vn 0.088315 -0.000727 0.046903
vn 0.094556 -0.001251 0.032521
vn 0.094556 -0.001251 0.032521
vn 0.098470 -0.001745 0.017338
vn 0.098470 -0.001745 0.017338
vn 0.099961 -0.002196 0.001729
vn 0.099961 -0.002197 0.001728
vn 0.099961 -0.002197 0.001727
vn 0.099961 -0.002197 0.001725
vn 0.098470 -0.001745 0.017337
vn 0.098470 -0.001745 0.017337
vn 0.094555 -0.001251 0.032523
vn 0.094555 -0.001251 0.032523
vn 0.088313 -0.000727 0.046907
vn 0.088312 -0.000726 0.046908
vn 0.088312 -0.000726 0.046909
vn 0.088311 -0.000726 0.046910
vn 0.094555 -0.001251 0.032524
vn 0.099961 -0.002196 0.001737
vn 0.098470 -0.001745 0.017341
vn 0.098470 -0.001745 0.017340
vn 0.094557 -0.001252 0.032519
vn 0.094556 -0.001251 0.032520
vn 0.088318 -0.000727 0.046898
vn 0.088317 -0.000727 0.046899
vn 0.098469 -0.001745 0.017341
vn 0.094557 -0.001252 0.032519
vn 0.088318 -0.000727 0.046897
vn 0.079893 -0.000184 0.060142
vn 0.094555 -0.001251 0.032523
vn 0.098470 -0.001746 0.017336
vn 0.098470 -0.001745 0.017337
vn 0.099961 -0.002197 0.001723
vn 0.099961 -0.002197 0.001724
vn 0.099961 -0.002197 0.001722
vn 0.099961 -0.002196 0.001730
vn 0.098470 -0.001745 0.017339
vn 0.094556 -0.001251 0.032521
vn 0.099961 -0.002196 0.001732
vn 0.099961 -0.002196 0.001731
vn 0.098470 -0.001745 0.017339
vn 0.098470 -0.001745 0.017338
vn 0.094556 -0.001251 0.032522
vn 0.088315 -0.000727 0.046904
vn 0.094555 -0.001251 0.032522
vn 0.088314 -0.000727 0.046906
vn 0.088314 -0.000727 0.046905
vn 0.097421 -0.018196 -0.013345
vn 0.098380 -0.017804 0.002119
vn 0.099961 -0.002197 0.001722
vn 0.096907 -0.017358 0.017541
vn 0.098470 -0.001746 0.017336
vn 0.093040 -0.016870 0.032541
vn 0.086873 -0.016351 0.046751
vn 0.088311 -0.000726 0.046910
vn 0.084387 -0.014700 0.051602
vn 0.079893 -0.000184 0.060142
vn 0.086317 -0.028769 0.041494
vn 0.089234 -0.032073 0.031758
vn 0.085624 -0.041965 0.030126
vn 0.092958 -0.032543 0.017314
vn 0.086720 -0.046927 0.016660
vn 0.094376 -0.032972 0.002464
vn 0.088048 -0.047329 0.002748
vn 0.093453 -0.033350 -0.012427
vn 0.087183 -0.047682 -0.011202
vn 0.079552 -0.060520 0.002965
vn 0.078767 -0.060841 -0.009702
vn 0.076533 -0.064168 0.005016
vn 0.068411 -0.072502 -0.007963
vn 0.082329 -0.053885 0.017842
vn 0.086390 -0.032228 0.038707
vn 0.085611 -0.042042 0.030053
vn 0.085624 -0.041965 0.030126
vn 0.083374 -0.051098 0.020921
vn 0.082329 -0.053885 0.017842
vn 0.079717 -0.059284 0.011433
vn 0.076533 -0.064168 0.005016
vn 0.074700 -0.066459 0.001750
vn 0.068411 -0.072502 -0.007963
vn 0.068411 -0.072502 -0.007963
vn 0.086317 -0.028769 0.041494
vn 0.085684 -0.021860 0.046695
vn 0.084387 -0.014700 0.051602
vn 0.083506 -0.011117 0.053881
vn 0.079893 -0.000184 0.060142
vn 0.069508 0.000364 0.071892
vn 0.079893 -0.000184 0.060142
vn 0.069504 0.000364 0.071896
vn 0.069501 0.000364 0.071899
vn 0.079878 -0.000183 0.060162
vn 0.069497 0.000364 0.071903
vn 0.057408 0.000902 0.081875
vn 0.057407 0.000902 0.081876
vn 0.043905 0.001418 0.089835
vn 0.043903 0.001418 0.089836
vn 0.029323 0.001899 0.095585
vn 0.029319 0.001899 0.095587
vn 0.014021 0.002334 0.098985
vn 0.029314 0.001900 0.095588
vn 0.013996 0.002334 0.098988
vn 0.029309 0.001900 0.095590
vn 0.013996 0.002334 0.098988
vn 0.043900 0.001418 0.089837
vn 0.043902 0.001418 0.089837
vn 0.057411 0.000902 0.081873
vn 0.057410 0.000902 0.081874
vn -0.048718 0.002732 0.087287
vn -0.048712 0.002732 0.087291
vn -0.062901 0.003489 0.077661
vn -0.048707 0.002732 0.087294
vn -0.048701 0.002731 0.087297
vn -0.033093 0.001895 0.094346
vn -0.033090 0.001894 0.094348
vn -0.016506 0.001002 0.098623
vn -0.016505 0.001002 0.098623
vn 0.000567 0.000080 0.099998
vn 0.000566 0.000080 0.099998
vn 0.017620 -0.000845 0.098432
vn 0.017616 -0.000844 0.098432
vn 0.034172 -0.001745 0.093964
vn 0.017613 -0.000844 0.098433
vn 0.017610 -0.000844 0.098434
vn 0.000564 0.000080 0.099998
vn 0.000563 0.000080 0.099998
vn -0.016500 0.001002 0.098624
vn -0.016499 0.001002 0.098624
vn -0.033075 0.001894 0.094353
vn -0.033071 0.001893 0.094354
vn -0.048674 0.002730 0.087312
vn -0.048668 0.002730 0.087315
vn -0.062819 0.003485 0.077728
vn -0.048663 0.002729 0.087318
vn -0.048657 0.002729 0.087321
vn -0.033064 0.001893 0.094357
vn -0.033060 0.001893 0.094358
vn -0.016495 0.001001 0.098625
vn -0.016493 0.001001 0.098625
vn 0.000559 0.000080 0.099998
vn 0.000558 0.000080 0.099998
vn 0.017592 -0.000843 0.098437
vn 0.000557 0.000080 0.099998
vn 0.017589 -0.000843 0.098437
vn 0.034105 -0.001741 0.093988
vn 0.017596 -0.000843 0.098436
vn 0.017599 -0.000843 0.098436
vn 0.000560 0.000080 0.099998
vn 0.000561 0.000080 0.099998
vn -0.016496 0.001001 0.098625
vn -0.016498 0.001002 0.098625
vn -0.033068 0.001893 0.094355
vn -0.033101 0.001895 0.094344
vn -0.033097 0.001895 0.094345
vn -0.016509 0.001002 0.098623
vn -0.016507 0.001002 0.098623
vn 0.000569 0.000080 0.099998
vn 0.000568 0.000080 0.099998
vn 0.017630 -0.000845 0.098430
vn 0.017627 -0.000845 0.098431
vn 0.017623 -0.000845 0.098431
vn 0.017606 -0.000844 0.098434
vn 0.000562 0.000080 0.099998
vn -0.016492 0.001001 0.098626
vn -0.033057 0.001893 0.094359
vn -0.048652 0.002729 0.087325
vn -0.062901 0.003489 0.077661
vn -0.048685 0.002730 0.087306
vn -0.048679 0.002730 0.087309
vn -0.033079 0.001894 0.094352
vn -0.048696 0.002731 0.087300
vn -0.048690 0.002731 0.087303
vn -0.033082 0.001894 0.094350
vn -0.016502 0.001002 0.098624
vn -0.033086 0.001894 0.094349
vn -0.016503 0.001002 0.098624
vn 0.000565 0.000080 0.099998
vn 0.017603 -0.000844 0.098435
vn -0.048775 0.003428 0.087231
vn -0.048775 0.003428 0.087231
vn -0.062901 0.003489 0.077661
vn -0.048775 0.003428 0.087231
vn -0.048775 0.003428 0.087231
vn -0.033228 0.003267 0.094262
vn -0.033228 0.003267 0.094262
vn -0.016714 0.003011 0.098547
vn -0.016714 0.003011 0.098547
vn 0.000287 0.002668 0.099964
vn 0.000287 0.002668 0.099964
vn 0.017279 0.002247 0.098470
vn 0.017279 0.002247 0.098470
vn 0.033768 0.001760 0.094110
vn 0.033768 0.001760 0.094110
vn 0.049274 0.001222 0.087009
vn 0.049274 0.001222 0.087009
vn 0.063346 0.000649 0.077375
vn 0.063346 0.000649 0.077375
vn 0.075573 0.000056 0.065488
vn 0.075573 0.000056 0.065488
vn 0.085600 -0.000538 0.051695
vn 0.085600 -0.000538 0.051695
vn 0.093135 -0.001116 0.036396
vn 0.093135 -0.001116 0.036396
vn 0.097958 -0.001662 0.020038
vn 0.097958 -0.001662 0.020038
vn 0.099929 -0.002159 0.003097
vn 0.099929 -0.002159 0.003097
vn 0.098990 -0.002594 -0.013935
vn 0.099929 -0.002159 0.003097
vn 0.099929 -0.002159 0.003097
vn 0.097958 -0.001662 0.020038
vn 0.097958 -0.001662 0.020038
vn 0.093135 -0.001116 0.036396
vn 0.093135 -0.001116 0.036396
vn 0.085600 -0.000538 0.051695
vn 0.085600 -0.000538 0.051695
vn 0.075573 0.000056 0.065488
vn 0.075573 0.000056 0.065488
vn 0.063346 0.000649 0.077375
vn 0.063346 0.000649 0.077375
vn 0.049274 0.001222 0.087009
vn 0.049274 0.001222 0.087009
vn 0.033768 0.001760 0.094110
vn 0.033768 0.001760 0.094110
vn 0.017279 0.002247 0.098470
vn 0.017279 0.002247 0.098470
vn 0.000287 0.002668 0.099964
vn 0.000287 0.002668 0.099964
vn -0.016714 0.003011 0.098547
vn -0.016714 0.003011 0.098547
vn -0.033228 0.003267 0.094262
vn -0.033228 0.003267 0.094262
vn -0.048775 0.003428 0.087231
vn -0.048774 0.003428 0.087231
vn -0.062901 0.003489 0.077661
vn -0.033228 0.003267 0.094262
vn -0.033228 0.003267 0.094262
vn -0.016714 0.003011 0.098547
vn -0.016714 0.003011 0.098547
vn 0.000287 0.002668 0.099964
vn 0.000287 0.002668 0.099964
vn 0.017279 0.002247 0.098470
vn 0.017279 0.002247 0.098470
vn 0.033768 0.001760 0.094110
vn 0.033768 0.001760 0.094110
vn 0.049274 0.001222 0.087009
vn 0.049274 0.001222 0.087009
vn 0.063346 0.000649 0.077375
vn 0.063346 0.000649 0.077375
vn 0.075573 0.000056 0.065488
vn 0.075573 0.000056 0.065488
vn 0.085600 -0.000538 0.051695
vn 0.085600 -0.000538 0.051695
vn 0.093135 -0.001116 0.036396
vn 0.093135 -0.001116 0.036396
vn 0.097958 -0.001662 0.020038
vn 0.097958 -0.001662 0.020038
vn 0.099929 -0.002159 0.003097
vn 0.099929 -0.002159 0.003097
vn 0.099929 -0.002159 0.003097
vn 0.099929 -0.002159 0.003097
vn 0.099929 -0.002159 0.003097
vn 0.097958 -0.001662 0.020038
vn 0.097958 -0.001662 0.020038
vn 0.093135 -0.001116 0.036396
vn 0.099929 -0.002159 0.003097
vn 0.099929 -0.002159 0.003097
vn 0.099929 -0.002159 0.003097
vn 0.099929 -0.002159 0.003097
vn 0.097958 -0.001662 0.020038
vn 0.097958 -0.001662 0.020038
vn 0.093135 -0.001116 0.036396
vn 0.093135 -0.001116 0.036396
vn 0.085600 -0.000538 0.051695
vn 0.085600 -0.000538 0.051695
vn 0.075573 0.000056 0.065488
vn 0.075573 0.000056 0.065488
vn 0.063346 0.000649 0.077375
vn 0.063346 0.000649 0.077375
vn 0.049274 0.001222 0.087009
vn 0.049274 0.001222 0.087009
vn 0.033768 0.001760 0.094110
vn 0.033768 0.001760 0.094110
vn 0.017279 0.002247 0.098470
vn 0.017279 0.002247 0.098470
vn 0.000287 0.002668 0.099964
vn 0.097958 -0.001662 0.020038
vn 0.097958 -0.001662 0.020038
vn 0.093135 -0.001116 0.036396
vn 0.093135 -0.001116 0.036396
vn 0.085600 -0.000538 0.051695
vn 0.085600 -0.000538 0.051695
vn 0.075573 0.000056 0.065488
vn 0.075573 0.000056 0.065488
vn 0.063346 0.000649 0.077375
vn 0.063346 0.000649 0.077375
vn 0.049274 0.001222 0.087009
vn 0.049274 0.001222 0.087009
vn 0.033768 0.001760 0.094110
vn 0.033768 0.001760 0.094110
vn 0.017279 0.002247 0.098470
vn 0.017279 0.002247 0.098470
vn 0.000287 0.002668 0.099964
vn 0.000287 0.002668 0.099964
vn -0.016714 0.003011 0.098547
vn -0.016714 0.003011 0.098547
vn -0.033228 0.003267 0.094262
vn -0.048775 0.003428 0.087231
vn -0.048775 0.003428 0.087231
vn -0.048775 0.003428 0.087231
vn -0.033228 0.003267 0.094262
vn -0.033228 0.003267 0.094262
vn -0.016714 0.003011 0.098547
vn -0.016714 0.003011 0.098547
vn 0.000287 0.002668 0.099964
vn 0.000287 0.002668 0.099964
vn 0.017279 0.002247 0.098470
vn 0.017279 0.002247 0.098470
vn 0.033768 0.001760 0.094110
vn 0.033768 0.001760 0.094110
vn 0.049274 0.001222 0.087009
vn -0.048775 0.003428 0.087231
vn -0.048775 0.003428 0.087231
vn -0.048775 0.003428 0.087231
vn -0.033228 0.003267 0.094262
vn -0.033228 0.003267 0.094262
vn -0.016714 0.003011 0.098547
vn -0.016714 0.003011 0.098547
vn 0.000287 0.002668 0.099964
vn 0.000287 0.002668 0.099964
vn 0.017279 0.002247 0.098470
vn 0.017279 0.002247 0.098470
vn 0.033768 0.001760 0.094110
vn 0.033768 0.001760 0.094110
vn 0.049274 0.001222 0.087009
vn 0.049274 0.001222 0.087009
vn 0.063346 0.000649 0.077375
vn 0.063346 0.000649 0.077375
vn 0.075573 0.000056 0.065488
vn 0.075573 0.000056 0.065488
vn 0.085600 -0.000538 0.051695
vn 0.085600 -0.000538 0.051695
vn 0.093135 -0.001116 0.036396
vn -0.033228 0.003267 0.094262
vn -0.048775 0.003428 0.087231
vn -0.033228 0.003267 0.094262
vn -0.033228 0.003267 0.094262
vn -0.016714 0.003011 0.098547
vn -0.048775 0.003428 0.087231
vn -0.048775 0.003428 0.087231
vn -0.048775 0.003428 0.087231
vn -0.033228 0.003267 0.094262
vn -0.033228 0.003267 0.094262
vn -0.016714 0.003011 0.098547
vn -0.016714 0.003011 0.098547
vn 0.000287 0.002668 0.099964
vn -0.033228 0.003267 0.094262
vn -0.048775 0.003428 0.087231
vn -0.048775 0.003428 0.087231
vn -0.033228 0.003267 0.094262
vn -0.016714 0.003011 0.098547
vn -0.016714 0.003011 0.098547
vn 0.000287 0.002668 0.099964
vn 0.017279 0.002247 0.098470
vn 0.033768 0.001760 0.094110
vn 0.049274 0.001222 0.087009
vn 0.063346 0.000649 0.077375
vn -0.016714 0.003011 0.098547
vn 0.000287 0.002668 0.099964
vn 0.000287 0.002668 0.099964
vn 0.000287 0.002668 0.099964
vn 0.017279 0.002247 0.098470
vn 0.017279 0.002247 0.098470
vn 0.033768 0.001760 0.094110
vn 0.049274 0.001222 0.087009
vn 0.063346 0.000649 0.077375
vn 0.075573 0.000056 0.065488
vn 0.017279 0.002247 0.098470
vn 0.033768 0.001760 0.094110
vn 0.033768 0.001760 0.094110
vn 0.049274 0.001222 0.087009
vn 0.063346 0.000649 0.077375
vn 0.075573 0.000056 0.065488
vn 0.085600 -0.000538 0.051695
vn 0.049274 0.001222 0.087009
vn 0.049274 0.001222 0.087009
vn 0.063346 0.000649 0.077375
vn 0.075573 0.000056 0.065488
vn 0.085600 -0.000538 0.051695
vn 0.093135 -0.001116 0.036396
vn 0.097958 -0.001662 0.020038
vn 0.099929 -0.002159 0.003097
vn 0.063346 0.000649 0.077375
vn 0.063346 0.000649 0.077375
vn 0.075573 0.000056 0.065488
vn 0.085600 -0.000538 0.051695
vn 0.093135 -0.001116 0.036396
vn 0.075573 0.000056 0.065488
vn 0.075573 0.000056 0.065488
vn 0.085600 -0.000538 0.051695
vn 0.093135 -0.001116 0.036396
vn 0.097958 -0.001662 0.020038
vn 0.099929 -0.002159 0.003097
vn 0.085600 -0.000538 0.051695
vn 0.085600 -0.000538 0.051695
vn 0.093135 -0.001116 0.036396
vn 0.097958 -0.001662 0.020038
vn 0.093135 -0.001116 0.036396
vn 0.093135 -0.001116 0.036396
vn 0.097958 -0.001662 0.020038
vn 0.099929 -0.002159 0.003097
vn 0.097958 -0.001662 0.020038
vn 0.097958 -0.001662 0.020038
vn 0.099929 -0.002159 0.003097
vn 0.099929 -0.002159 0.003097
vn -0.062901 0.003489 0.077661
vn -0.062894 0.003478 0.077667
vn -0.058803 -0.004080 0.080781
vn -0.057001 -0.005332 0.081990
vn -0.049901 -0.014642 0.085414
vn -0.056213 -0.004667 0.082573
vn -0.048237 -0.013302 0.086581
vn -0.055437 -0.003802 0.083140
vn -0.046599 -0.011547 0.087722
vn -0.054699 -0.002712 0.083670
vn -0.045040 -0.009321 0.088795
vn -0.054037 -0.001404 0.084131
vn -0.043647 -0.006649 0.089726
vn -0.053627 -0.000303 0.084404
vn -0.042780 -0.004380 0.090281
vn -0.053314 0.000892 0.084598
vn -0.042117 -0.001909 0.090678
vn -0.053112 0.002156 0.084702
vn -0.041691 0.000701 0.090892
vn -0.048774 0.003433 0.087231
vn -0.033227 0.003288 0.094261
vn -0.062887 0.003471 0.077673
vn -0.062892 0.003480 0.077669
vn -0.062901 0.003489 0.077661
vn -0.062885 0.003479 0.077675
vn -0.062869 0.003477 0.077688
vn -0.062881 0.003485 0.077677
vn -0.062901 0.003489 0.077661
vn -0.028671 -0.000850 0.095798
vn -0.016713 0.003059 0.098546
vn -0.014219 -0.002453 0.098953
vn 0.000289 0.002750 0.099962
vn 0.001332 -0.004054 0.099909
vn 0.017282 0.002368 0.098467
vn 0.017485 -0.005590 0.098301
vn 0.033772 0.001917 0.094105
vn 0.033603 -0.007000 0.093925
vn 0.049278 0.001403 0.087004
vn 0.048979 -0.008237 0.086794
vn 0.063350 0.000833 0.077370
vn 0.062839 -0.009263 0.077236
vn 0.075577 0.000220 0.065484
vn 0.074798 -0.010073 0.065604
vn 0.084340 -0.010640 0.052665
vn 0.082436 -0.021231 0.052474
vn 0.089687 -0.021192 0.038823
vn 0.086888 -0.031162 0.038463
vn 0.092063 -0.030122 0.024843
vn 0.088745 -0.039014 0.024540
vn 0.092228 -0.036906 0.011484
vn 0.087344 -0.047328 0.011446
vn 0.089700 -0.044200 -0.000612
vn 0.084526 -0.053436 -0.000191
vn 0.090519 -0.040980 -0.011270
vn 0.086051 -0.049830 -0.010596
vn 0.085603 -0.000413 0.051691
vn 0.091477 -0.010959 0.038882
vn 0.094592 -0.020692 0.024983
vn 0.095142 -0.028554 0.011516
vn 0.093924 -0.034313 -0.000942
vn 0.094117 -0.031614 -0.011941
vn 0.093136 -0.001039 0.036394
vn 0.096217 -0.011025 0.024915
vn 0.097347 -0.019807 0.011452
vn 0.096390 -0.026600 -0.001153
vn 0.097958 -0.001626 0.020037
vn 0.098768 -0.010857 0.011271
vn 0.098240 -0.018627 -0.001397
vn 0.096725 -0.021988 -0.012681
vn 0.099929 -0.002150 0.003097
vn 0.099434 -0.010491 -0.001673
vn 0.097651 -0.017132 -0.013068
vn 0.098990 -0.002594 -0.013935
vn 0.098773 -0.007431 -0.013737
vn 0.098330 -0.012276 -0.013433
vn 0.078552 -0.061883 0.000342
vn 0.080856 -0.058009 -0.009857
vn 0.071833 -0.069564 0.000975
vn 0.074977 -0.065556 -0.008994
vn 0.068411 -0.072502 -0.007963
vn 0.062079 -0.078120 0.006593
vn 0.067306 -0.073034 0.011656
vn 0.074709 -0.065471 0.011492
vn 0.069391 -0.068191 0.023127
vn 0.076717 -0.059655 0.023576
vn 0.070275 -0.061390 0.035954
vn 0.077340 -0.051474 0.036999
vn 0.069401 -0.052073 0.049718
vn 0.075578 -0.041045 0.051022
vn 0.065801 -0.040631 0.063398
vn 0.069772 -0.031135 0.064517
vn 0.057892 -0.029880 0.075866
vn 0.060919 -0.019735 0.076808
vn 0.047161 -0.018179 0.086287
vn 0.053988 -0.081521 0.020965
vn 0.061443 -0.075540 0.022769
vn 0.062506 -0.069793 0.034955
vn 0.062044 -0.061904 0.048151
vn 0.059535 -0.051457 0.061706
vn 0.053983 -0.039112 0.074540
vn 0.044293 -0.027779 0.085243
vn 0.031953 -0.016113 0.093378
vn 0.044365 -0.082613 0.034740
vn 0.054197 -0.076837 0.034041
vn 0.054047 -0.070051 0.046603
vn 0.052116 -0.061019 0.059670
vn 0.047853 -0.049520 0.072511
vn 0.040588 -0.036491 0.083792
vn 0.029351 -0.024878 0.092302
vn 0.016053 -0.013627 0.097758
vn 0.045598 -0.076706 0.045133
vn 0.033478 -0.081367 0.047526
vn 0.035781 -0.074987 0.055647
vn 0.021633 -0.077821 0.058957
vn 0.024952 -0.071597 0.065202
vn 0.009166 -0.072076 0.068710
vn 0.013448 -0.066569 0.073401
vn -0.003569 -0.064294 0.076509
vn 0.001554 -0.059991 0.079992
vn -0.016206 -0.054692 0.082135
vn -0.010244 -0.052139 0.084715
vn -0.021564 -0.043332 0.087506
vn -0.016900 -0.040008 0.090077
vn -0.028458 -0.031245 0.090630
vn -0.024887 -0.027696 0.092809
vn -0.036384 -0.019587 0.091063
vn -0.033932 -0.016199 0.092662
vn -0.028384 -0.043539 0.085432
vn -0.032087 -0.033922 0.088429
vn -0.038961 -0.022243 0.089372
vn -0.039755 -0.031150 0.086309
vn -0.041579 -0.024256 0.087652
vn -0.049992 -0.017872 0.084743
vn -0.029340 -0.004858 0.095475
vn -0.015145 -0.007871 0.098533
vn 0.000147 -0.010837 0.099411
vn -0.030386 -0.008661 0.094877
vn -0.016597 -0.013024 0.097749
vn -0.001716 -0.017309 0.098476
vn 0.013796 -0.021327 0.096720
vn -0.031751 -0.012142 0.094045
vn -0.018487 -0.017727 0.096664
vn -0.004137 -0.023201 0.097183
vn 0.010871 -0.028319 0.095288
vn 0.025985 -0.032828 0.090813
vn -0.021490 -0.023150 0.094880
vn -0.012317 -0.035592 0.092637
vn -0.004568 -0.048186 0.087505
vn -0.007960 -0.029922 0.095086
vn 0.006275 -0.036227 0.092996
vn 0.020716 -0.041765 0.088468
vn 0.034794 -0.046269 0.081539
vn 0.000996 -0.042947 0.090302
vn 0.008161 -0.055432 0.082830
vn 0.014613 -0.049430 0.085692
vn 0.028028 -0.054739 0.078855
vn 0.040641 -0.058627 0.070080
vn 0.020844 -0.061427 0.076107
vn 0.032938 -0.065907 0.067613
vn 0.044131 -0.068789 0.057625
vn 0.072843 -0.020757 0.065291
vn 0.079451 -0.031537 0.051894
vn 0.083240 -0.040455 0.037874
vn 0.083288 -0.049824 0.024095
vn 0.081420 -0.056924 0.011422
vn 0.013996 0.002334 0.098988
vn 0.013996 0.002334 0.098988
vn 0.003676 -0.004597 0.099827
vn 0.001353 -0.009654 0.099524
vn -0.006791 -0.011510 0.099103
vn -0.011332 -0.021348 0.097035
vn -0.012001 -0.014913 0.098151
vn -0.017150 -0.018255 0.096812
vn -0.019613 -0.012223 0.097293
vn -0.025075 -0.014543 0.095706
vn -0.028169 -0.006197 0.095750
vn -0.032631 -0.010933 0.093892
vn -0.034187 -0.006519 0.093748
vn -0.022208 -0.021522 0.095098
vn -0.023670 -0.032395 0.091598
vn -0.025596 -0.028199 0.092464
vn -0.027464 -0.023958 0.093122
vn -0.029265 -0.019664 0.093578
vn -0.030138 -0.017498 0.093731
vn -0.030990 -0.015319 0.093835
vn -0.031821 -0.013131 0.093888
vn -0.035664 -0.002089 0.093401
vn -0.037074 0.002354 0.092844
vn -0.020494 0.002419 0.097848
vn -0.003298 0.002413 0.099916
vn -0.010250 -0.002598 0.099439
vn -0.016306 -0.003824 0.098587
vn -0.022290 -0.005027 0.097354
vn -0.014058 -0.009851 0.098516
vn 0.001938 -0.000121 0.099981
vn 0.013996 0.002334 0.098988
vn 0.013996 0.002334 0.098988
vn 0.013996 0.002334 0.098988
vn 0.013996 0.002334 0.098988
vn 0.002847 -0.002551 0.099927
vn 0.013996 0.002334 0.098988
vn 0.013996 0.002334 0.098988
vn 0.013996 0.002334 0.098988
vn -0.008441 -0.007440 0.099365
vn -0.003298 0.002413 0.099916
vn 0.001028 0.001861 0.099977
vn 0.013996 0.002334 0.098988
vn 0.013985 0.001630 0.099004
vn 0.023621 0.001437 0.097160
vn -0.011947 0.002061 0.099262
vn -0.020494 0.002420 0.097848
vn -0.024719 0.002226 0.096871
vn -0.037074 0.002354 0.092844
vn 0.033030 0.001230 0.094380
vn 0.043900 0.001418 0.089837
vn 0.042121 0.001011 0.090691
vn 0.050806 0.000783 0.086129
vn 0.057411 0.000902 0.081873
vn 0.059002 0.000547 0.080737
vn 0.066630 0.000306 0.074568
vn 0.069508 0.000364 0.071892
vn 0.073616 0.000061 0.067681
vn 0.079893 -0.000184 0.060142
vn 0.079893 -0.000184 0.060142
vn 0.073616 0.000093 0.067681
vn 0.079890 -0.000183 0.060145
vn 0.069031 0.000277 0.072351
vn 0.066630 0.000368 0.074567
vn 0.059003 0.000640 0.080736
vn 0.056327 0.000730 0.082624
vn 0.050807 0.000906 0.086127
vn 0.042119 0.001163 0.090690
vn 0.042123 0.001163 0.090688
vn 0.033032 0.001409 0.094376
vn 0.026786 0.001566 0.096333
vn 0.023624 0.001641 0.097156
vn 0.013988 0.001858 0.098999
vn 0.010737 0.001926 0.099403
vn 0.001031 0.002117 0.099972
vn -0.005599 0.002235 0.099818
vn -0.011943 0.002340 0.099257
vn -0.021785 0.002485 0.097567
vn -0.024715 0.002523 0.096865
vn -0.037389 0.002668 0.092709
vn -0.037070 0.002664 0.092837
vn 0.069036 0.000387 0.072346
vn 0.069036 0.000387 0.072346
vn 0.079893 -0.000184 0.060142
vn 0.069036 0.000387 0.072346
vn 0.069036 0.000387 0.072346
vn 0.056335 0.000946 0.082617
vn 0.056335 0.000946 0.082617
vn 0.042128 0.001481 0.090681
vn 0.042128 0.001481 0.090681
vn 0.026797 0.001976 0.096323
vn 0.026797 0.001976 0.096323
vn 0.010749 0.002418 0.099391
vn 0.010749 0.002418 0.099391
vn -0.005585 0.002795 0.099805
vn -0.005585 0.002795 0.099805
vn -0.021771 0.003098 0.097552
vn -0.021771 0.003098 0.097552
vn -0.037375 0.003318 0.092694
vn -0.021771 0.003098 0.097552
vn -0.037375 0.003318 0.092694
vn -0.021771 0.003098 0.097552
vn -0.021771 0.003098 0.097552
vn -0.005585 0.002795 0.099805
vn -0.005585 0.002795 0.099805
vn 0.010749 0.002418 0.099391
vn 0.010749 0.002418 0.099391
vn 0.026797 0.001976 0.096323
vn 0.056335 0.000946 0.082617
vn 0.056335 0.000946 0.082617
vn 0.042128 0.001481 0.090681
vn 0.042128 0.001481 0.090681
vn 0.026797 0.001976 0.096323
vn 0.026797 0.001976 0.096323
vn 0.010749 0.002418 0.099391
vn 0.010749 0.002418 0.099391
vn -0.005585 0.002795 0.099805
vn -0.005585 0.002795 0.099805
vn -0.021771 0.003098 0.097552
vn -0.021771 0.003098 0.097552
vn -0.021771 0.003098 0.097552
vn -0.021771 0.003098 0.097552
vn -0.005585 0.002795 0.099805
vn 0.026797 0.001976 0.096323
vn 0.042128 0.001481 0.090681
vn 0.042128 0.001481 0.090681
vn 0.056335 0.000946 0.082617
vn 0.056335 0.000946 0.082617
vn 0.069036 0.000387 0.072346
vn 0.069036 0.000387 0.072346
vn 0.079893 -0.000184 0.060142
vn 0.069036 0.000387 0.072346
vn 0.069036 0.000387 0.072346
vn 0.056335 0.000946 0.082617
vn 0.056335 0.000946 0.082617
vn 0.042128 0.001481 0.090681
vn 0.069036 0.000387 0.072346
vn 0.056335 0.000946 0.082617
vn 0.042128 0.001481 0.090681
vn 0.026797 0.001976 0.096323
vn 0.042128 0.001481 0.090681
vn 0.026797 0.001976 0.096323
vn 0.010749 0.002418 0.099391
vn 0.026797 0.001976 0.096323
vn 0.010749 0.002418 0.099391
vn 0.010749 0.002418 0.099391
vn -0.005585 0.002795 0.099805
vn -0.005585 0.002795 0.099805
vn 0.079890 -0.000183 0.060145
vn 0.079893 -0.000184 0.060142
vn 0.073616 0.000191 0.067681
vn 0.069037 0.000439 0.072345
vn 0.066632 0.000563 0.074565
vn 0.059007 0.000929 0.080730
vn 0.056336 0.001050 0.082614
vn 0.050813 0.001287 0.086118
vn 0.042131 0.001632 0.090677
vn 0.042130 0.001632 0.090677
vn 0.033042 0.001962 0.094363
vn 0.026801 0.002171 0.096317
vn 0.023635 0.002273 0.097140
vn 0.014001 0.002562 0.098982
vn 0.010754 0.002653 0.099385
vn 0.001047 0.002906 0.099952
vn -0.005580 0.003063 0.099797
vn -0.011925 0.003201 0.099235
vn -0.021765 0.003391 0.097544
vn -0.024696 0.003442 0.096841
vn -0.037368 0.003629 0.092685
vn -0.037050 0.003625 0.092813
vn 0.079893 -0.000184 0.060142
vn 0.073620 0.000256 0.067676
vn 0.066639 0.000694 0.074558
vn 0.059015 0.001125 0.080722
vn 0.050823 0.001545 0.086108
vn 0.042142 0.001950 0.090666
vn 0.033055 0.002336 0.094350
vn 0.023649 0.002700 0.097126
vn 0.013996 0.002334 0.098988
vn 0.014016 0.003038 0.098966
vn 0.001063 0.003440 0.099935
vn -0.003284 0.003080 0.099899
vn -0.011908 0.003784 0.099216
vn -0.020464 0.003734 0.097812
vn -0.024678 0.004064 0.096822
vn -0.037031 0.004275 0.092792
vn 0.013996 0.002334 0.098988
vn 0.013996 0.002334 0.098988
vn 0.001890 0.004954 0.099859
vn -0.003284 0.003081 0.099899
vn -0.010346 0.007523 0.099178
vn -0.020464 0.003735 0.097812
vn -0.016425 0.008764 0.098252
vn -0.022429 0.009964 0.096941
vn -0.019962 0.015920 0.096686
vn -0.025481 0.018018 0.095006
vn -0.021777 0.026155 0.094030
vn -0.024236 0.027720 0.092974
vn -0.024191 0.034222 0.090795
vn -0.026247 0.030108 0.091677
vn -0.028241 0.025928 0.092359
vn -0.029211 0.023814 0.092626
vn -0.028197 0.019038 0.094035
vn -0.030161 0.021685 0.092845
vn -0.031090 0.019542 0.093014
vn -0.031998 0.017387 0.093133
vn -0.031225 0.011660 0.094282
vn -0.033750 0.013049 0.093224
vn -0.035424 0.008678 0.093112
vn -0.028327 0.011110 0.095258
vn -0.037031 0.004275 0.092792
vn -0.022085 0.038272 0.089708
vn -0.010247 0.026990 0.095742
vn -0.016775 0.022947 0.095875
vn -0.011684 0.019645 0.097353
vn -0.014349 0.013752 0.098005
vn -0.008675 0.011527 0.098954
vn -0.006536 0.016266 0.098452
vn 0.001903 0.014888 0.098867
vn 0.003804 0.009344 0.099490
vn 0.013996 0.002334 0.098988
vn 0.013996 0.002334 0.098988
vn 0.013996 0.002334 0.098988
vn 0.013996 0.002334 0.098988
vn 0.002730 0.006963 0.099720
vn 0.013996 0.002334 0.098988
vn 0.013996 0.002334 0.098988
vn 0.013996 0.002334 0.098988
vn 0.069210 -0.072029 -0.004663
vn 0.068953 -0.072196 -0.005764
vn 0.068411 -0.072502 -0.007963
vn 0.068687 -0.072354 -0.006864
vn 0.068411 -0.072502 -0.007963
vn 0.068953 -0.072196 -0.005764
vn 0.069210 -0.072029 -0.004663
vn 0.062804 -0.077655 0.005044
vn 0.068904 -0.072092 0.007413
vn 0.066579 -0.072084 0.019267
vn 0.055769 -0.081043 0.017937
vn 0.062299 -0.072005 0.030563
vn 0.047468 -0.082591 0.030422
vn 0.056187 -0.071858 0.040981
vn 0.038088 -0.082262 0.042216
vn 0.048415 -0.071647 0.050227
vn 0.039204 -0.071378 0.058037
vn 0.027843 -0.080064 0.053051
vn 0.028814 -0.071058 0.064192
vn 0.016965 -0.076048 0.062681
vn 0.017540 -0.070696 0.068516
vn 0.005702 -0.070303 0.070887
vn 0.068411 -0.072502 -0.007963
vn 0.068687 -0.072354 -0.006864
vn -0.002242 -0.099939 0.002674
vn -0.002242 -0.099939 0.002674
vn -0.002242 -0.099939 0.002674
vn -0.002242 -0.099939 0.002674
vn -0.002242 -0.099939 0.002674
vn -0.002242 -0.099939 0.002674
vn -0.002242 -0.099939 0.002674
vn -0.002242 -0.099939 0.002674
vn -0.002242 -0.099939 0.002674
vn -0.002242 -0.099939 0.002674
vn -0.002242 -0.099939 0.002674
vn -0.002242 -0.099939 0.002674
vn -0.002242 -0.099939 0.002674
vn -0.002242 -0.099939 0.002674
vn -0.002242 -0.099939 0.002674
vn -0.002242 -0.099939 0.002674
vn -0.002242 -0.099939 0.002674
vn -0.002242 -0.099939 0.002674
vn -0.002242 -0.099939 0.002674
vn -0.002242 -0.099939 0.002674
vn -0.002242 -0.099939 0.002674
vn -0.002242 -0.099939 0.002674
vn 0.093917 -0.003022 -0.034211
vn 0.093917 -0.003022 -0.034211
vn 0.093917 -0.003022 -0.034211
vn 0.093917 -0.003022 -0.034211
vn 0.093917 -0.003022 -0.034211
vn 0.093917 -0.003022 -0.034211
vn 0.093917 -0.003022 -0.034211
vn 0.093917 -0.003022 -0.034211
vn 0.093917 -0.003022 -0.034211
vn 0.093917 -0.003022 -0.034211
vn 0.093917 -0.003022 -0.034211
vn 0.093917 -0.003022 -0.034211
vn 0.093917 -0.003022 -0.034211
vn 0.093917 -0.003022 -0.034211
vn 0.093917 -0.003022 -0.034211
vn 0.093917 -0.003022 -0.034211
vn 0.093917 -0.003022 -0.034211
vn 0.093917 -0.003022 -0.034211
vn 0.093917 -0.003022 -0.034211
vn 0.093917 -0.003022 -0.034211
vn 0.093917 -0.003022 -0.034211
vn 0.093917 -0.003022 -0.034211
vn 0.093917 -0.003022 -0.034211
vn 0.093917 -0.003022 -0.034211
vn 0.093917 -0.003022 -0.034211
vn 0.093917 -0.003022 -0.034211
vn 0.093917 -0.003022 -0.034211
vn 0.093917 -0.003022 -0.034211
vn 0.093917 -0.003022 -0.034211
vn 0.093917 -0.003022 -0.034211
vn 0.093917 -0.003022 -0.034211
vn 0.093917 -0.003022 -0.034211
vn 0.093917 -0.003022 -0.034211
vn 0.093917 -0.003022 -0.034211
vn 0.093917 -0.003022 -0.034211
vn 0.093917 -0.003022 -0.034211
vn 0.093917 -0.003022 -0.034211
vn 0.038496 0.075468 0.053128
vn 0.025535 0.084712 0.046603
vn 0.030235 0.075376 0.058346
vn 0.020368 0.084876 0.048797
vn 0.015588 0.075376 0.063839
vn 0.014993 0.085051 0.050413
vn 0.009473 0.085235 0.051432
vn 0.011036 0.075795 0.064291
vn 0.012316 0.064407 0.075498
vn 0.019818 0.063256 0.074873
vn 0.013278 0.051365 0.084766
vn 0.023429 0.049320 0.083777
vn 0.013900 0.037003 0.091856
vn 0.026318 0.033968 0.090297
vn 0.014165 0.021690 0.096586
vn 0.028401 0.017641 0.094245
vn 0.014065 0.005821 0.098835
vn 0.029370 0.005569 0.095427
vn 0.042929 0.018179 0.088468
vn 0.043953 0.005181 0.089673
vn 0.056405 0.018273 0.080527
vn 0.057455 0.004665 0.081714
vn 0.068502 0.017920 0.070614
vn 0.069544 0.004034 0.071745
vn 0.079923 0.003304 0.060012
vn 0.075674 0.019820 0.062294
vn 0.066626 0.032617 0.067060
vn 0.054411 0.033901 0.076748
vn 0.051646 0.048594 0.070507
vn 0.038003 0.049563 0.078098
vn 0.034425 0.063369 0.069277
vn 0.069186 0.035748 0.062733
vn 0.060649 0.050618 0.061314
vn 0.048190 0.061932 0.061985
vn 0.050317 0.063990 0.058081
vn 0.040864 0.034355 0.084557
vn 0.053187 0.060648 0.059101
vn 0.060649 0.050618 0.061314
vn 0.060807 0.050381 0.061353
vn 0.069270 0.035576 0.062738
vn 0.075704 0.019729 0.062287
vn 0.079923 0.003304 0.060012
vn 0.079923 0.003304 0.060012
vn 0.050317 0.063990 0.058081
vn 0.044671 0.069893 0.055853
vn 0.038496 0.075468 0.053128
vn 0.035401 0.077959 0.051663
vn 0.025535 0.084712 0.046603
vn 0.084275 0.049823 0.020380
vn 0.080641 0.049879 0.031767
vn 0.086304 0.039340 0.031686
vn 0.075445 0.049992 0.042531
vn 0.081036 0.035700 0.046461
vn 0.068789 0.050161 0.052459
vn 0.073771 0.036164 0.057009
vn 0.077151 0.020061 0.060376
vn 0.079923 0.003304 0.060012
vn 0.084101 0.015796 0.051745
vn 0.084743 0.019576 0.049350
vn 0.086245 0.027905 0.042226
vn 0.069151 0.071322 -0.011459
vn 0.074177 0.066975 -0.003469
vn 0.069151 0.071322 -0.011459
vn 0.077078 0.063682 0.001870
vn 0.078402 0.061906 0.004559
vn 0.082702 0.054139 0.015142
vn 0.081780 0.056168 0.012537
vn 0.084275 0.049823 0.020380
vn 0.085854 0.042979 0.027962
vn 0.086304 0.039340 0.031686
vn 0.086441 0.030533 0.039947
vn 0.084443 0.017175 0.050738
vn 0.079923 0.003304 0.060012
vn 0.079923 0.003304 0.060012
vn 0.069151 0.071322 -0.011459
vn 0.069151 0.071322 -0.011459
vn 0.069151 0.071322 -0.011459
vn 0.069151 0.071322 -0.011459
vn 0.069151 0.071322 -0.011459
vn 0.069151 0.071322 -0.011459
vn 0.069151 0.071322 -0.011459
vn 0.069176 0.071827 0.007454
vn 0.069781 0.071627 0.000472
vn 0.069807 0.071601 -0.000463
vn 0.069804 0.071520 -0.003505
vn 0.069594 0.071418 -0.007487
vn 0.069151 0.071322 -0.011459
vn 0.069151 0.071322 -0.011459
vn 0.068684 0.071920 0.010493
vn 0.066380 0.072212 0.019473
vn 0.065810 0.072269 0.021125
vn 0.061235 0.072641 0.031203
vn 0.061262 0.072639 0.031154
vn 0.059507 0.072758 0.034135
vn 0.055157 0.073021 0.040319
vn 0.049402 0.073322 0.046726
vn 0.047655 0.073405 0.048381
vn 0.041971 0.073657 0.053038
vn 0.038952 0.073781 0.055128
vn 0.032966 0.074008 0.058617
vn 0.029275 0.074139 0.060386
vn 0.028045 0.074180 0.060916
vn 0.023322 0.074334 0.062694
vn 0.018877 0.074469 0.064016
vn 0.015979 0.074552 0.064704
vn 0.008029 0.074763 0.065924
vn 0.034269 0.005157 0.093803
vn 0.034259 0.005147 0.093807
vn 0.042839 0.015986 0.088934
vn 0.042441 0.015213 0.089260
vn 0.050022 0.025155 0.082856
vn 0.050753 0.026852 0.081872
vn 0.056845 0.034850 0.074526
vn 0.057647 0.037345 0.072679
vn 0.062741 0.044189 0.064116
vn 0.063204 0.047049 0.061576
vn 0.064650 0.047641 0.059588
vn 0.067198 0.055601 0.048918
vn 0.068686 0.056153 0.046142
vn 0.069498 0.062689 0.035215
vn 0.070855 0.063070 0.031650
vn 0.070112 0.068139 0.021009
vn 0.071178 0.068219 0.016729
vn 0.069059 0.071938 0.007473
vn 0.069905 0.071506 0.000440
vn 0.071062 0.069619 0.010168
vn 0.071504 0.067138 0.019487
vn 0.071291 0.064143 0.028341
vn 0.070492 0.060722 0.036656
vn 0.069175 0.056953 0.044397
vn 0.067405 0.052904 0.051553
vn 0.068431 0.067736 0.027002
vn 0.066482 0.072109 0.019502
vn 0.067029 0.067434 0.030982
vn 0.061237 0.072631 0.031221
vn 0.060959 0.067188 0.042070
vn 0.059841 0.072509 0.034081
vn 0.057445 0.066762 0.047360
vn 0.049344 0.073123 0.047098
vn 0.051696 0.066779 0.053555
vn 0.043863 0.067011 0.059879
vn 0.050959 0.059686 0.061974
vn 0.043869 0.059673 0.067191
vn 0.049586 0.051769 0.069722
vn 0.043399 0.051609 0.073845
vn 0.047586 0.043156 0.076636
vn 0.042527 0.041146 0.080613
vn 0.044997 0.034019 0.082571
vn 0.040749 0.022339 0.088547
vn 0.041869 0.024518 0.087441
vn 0.044052 0.024800 0.086281
vn 0.048174 0.034411 0.080592
vn 0.051642 0.043598 0.073704
vn 0.054376 0.052171 0.065738
vn 0.056316 0.059938 0.056886
vn 0.041622 0.073622 0.053362
vn 0.032817 0.074023 0.058682
vn 0.039330 0.059070 0.070455
vn 0.039382 0.014977 0.090690
vn 0.034510 0.005588 0.093690
vn 0.040181 0.015175 0.090306
vn 0.034382 0.005314 0.093753
vn 0.041704 0.015534 0.089552
vn 0.034283 0.005168 0.093798
vn 0.042177 0.015714 0.089298
vn 0.034297 0.005168 0.093793
vn 0.049481 0.026296 0.082826
vn 0.055886 0.036547 0.074439
vn 0.061132 0.046106 0.064321
vn 0.065030 0.054660 0.052758
vn 0.067466 0.061926 0.040168
vn 0.048572 0.025929 0.083477
vn 0.054621 0.036021 0.075624
vn 0.059624 0.045483 0.066153
vn 0.063416 0.054032 0.055308
vn 0.065890 0.061404 0.043453
vn 0.045607 0.025202 0.085352
vn 0.050398 0.034991 0.078966
vn 0.054414 0.044295 0.071254
vn 0.057552 0.052895 0.062369
vn 0.059739 0.060575 0.052553
vn 0.034329 0.005231 0.093777
vn 0.034329 0.005231 0.093777
vn 0.034329 0.005231 0.093777
vn 0.034329 0.005231 0.093777
vn 0.034329 0.005231 0.093777
vn 0.034329 0.005231 0.093777
vn -0.062784 0.006975 0.077521
vn -0.048579 0.007199 0.087110
vn -0.062784 0.006975 0.077521
vn -0.046837 0.007211 0.088058
vn -0.032947 0.007211 0.094141
vn -0.028692 0.007179 0.095526
vn -0.016347 0.007012 0.098405
vn -0.013481 0.006957 0.098843
vn 0.000733 0.006606 0.099779
vn 0.002919 0.006540 0.099743
vn 0.017792 0.006007 0.098221
vn 0.019346 0.005942 0.097931
vn 0.034013 0.005247 0.093891
vn 0.034329 0.005231 0.093777
vn 0.034329 0.005231 0.093777
vn -0.062784 0.006975 0.077521
vn -0.062784 0.006975 0.077521
vn -0.062784 0.006975 0.077521
vn -0.062784 0.006975 0.077521
vn -0.062784 0.006975 0.077521
vn -0.062784 0.006975 0.077521
vn -0.062784 0.006975 0.077521
vn -0.062784 0.006975 0.077521
vn -0.062784 0.006975 0.077521
vn -0.062784 0.006975 0.077521
vn -0.062784 0.006975 0.077521
vn -0.062784 0.006975 0.077521
vn 0.029835 0.056523 0.076909
vn 0.017809 0.053153 0.082811
vn 0.029835 0.056523 0.076909
vn 0.016058 0.052587 0.083527
vn 0.005444 0.048768 0.087132
vn 0.001882 0.047341 0.088064
vn -0.007025 0.043453 0.089791
vn -0.012342 0.040915 0.090408
vn -0.019360 0.037309 0.090737
vn -0.026258 0.033470 0.090500
vn -0.031326 0.030453 0.089952
vn -0.039520 0.025192 0.088338
vn -0.042694 0.023016 0.087450
vn -0.051797 0.016286 0.083975
vn -0.053247 0.015140 0.083280
vn -0.062784 0.006975 0.077521
vn 0.029835 0.056523 0.076909
vn 0.029835 0.056523 0.076909
vn 0.034329 0.005231 0.093777
vn 0.034329 0.005231 0.093777
vn 0.034149 0.018831 0.092083
vn 0.034149 0.018831 0.092083
vn 0.033328 0.032077 0.088659
vn 0.033328 0.032077 0.088659
vn 0.031881 0.044720 0.083569
vn 0.031881 0.044720 0.083569
vn 0.029835 0.056523 0.076909
vn 0.029835 0.056523 0.076909
vn 0.034329 0.005231 0.093777
vn 0.034329 0.005231 0.093777
vn 0.034329 0.005231 0.093777
vn 0.034329 0.005231 0.093777
vn 0.079923 0.003304 0.060012
vn 0.069544 0.004034 0.071745
vn 0.057455 0.004665 0.081714
vn 0.043953 0.005181 0.089673
vn 0.029370 0.005569 0.095427
vn 0.029370 0.005569 0.095427
vn 0.014065 0.005821 0.098835
vn 0.014065 0.005821 0.098835
vn -0.002242 -0.099939 0.002674
vn -0.002242 -0.099939 0.002674
vn -0.002242 -0.099939 0.002674
vn -0.002242 -0.099939 0.002674
vn -0.002242 -0.099939 0.002674
vn -0.002242 -0.099939 0.002674
vn -0.002242 -0.099939 0.002674
vn -0.002242 -0.099939 0.002674
vn -0.002242 -0.099939 0.002674
vn -0.002242 -0.099939 0.002674
vn 0.099008 0.000896 -0.014020
vn 0.099008 0.000896 -0.014020
vn 0.099946 0.001330 0.003002
vn 0.099946 0.001330 0.003002
vn 0.097976 0.001827 0.019933
vn 0.097976 0.001827 0.019933
vn 0.093156 0.002373 0.036281
vn 0.093156 0.002373 0.036281
vn 0.085626 0.002951 0.051570
vn 0.085626 0.002951 0.051570
vn 0.075605 0.003544 0.065355
vn 0.075605 0.003544 0.065355
vn 0.063386 0.004136 0.077234
vn 0.063386 0.004136 0.077234
vn 0.049323 0.004709 0.086863
vn 0.049323 0.004709 0.086863
vn 0.033826 0.005247 0.093959
vn 0.033826 0.005247 0.093959
vn 0.017347 0.005733 0.098317
vn 0.017347 0.005733 0.098317
vn 0.000365 0.006154 0.099810
vn 0.000365 0.006154 0.099810
vn -0.016625 0.006497 0.098394
vn -0.016625 0.006497 0.098394
vn -0.033129 0.006753 0.094111
vn -0.033129 0.006753 0.094111
vn -0.048667 0.006914 0.087085
vn -0.048667 0.006914 0.087085
vn -0.062784 0.006975 0.077521
vn -0.062784 0.006975 0.077521
vn 0.099008 0.000896 -0.014020
vn 0.099008 0.000896 -0.014020
vn 0.099008 0.000896 -0.014020
vn 0.099008 0.000896 -0.014020
vn 0.099008 0.000896 -0.014020
vn 0.079923 0.003304 0.060012
vn 0.079923 0.003304 0.060012
vn 0.079923 0.003304 0.060012
vn 0.079923 0.003304 0.060012
vn 0.014065 0.005821 0.098835
vn 0.014065 0.005821 0.098835
vn 0.014065 0.005821 0.098835
vn 0.014065 0.005821 0.098835
vn 0.088334 0.002945 0.046781
vn 0.088333 0.002945 0.046782
vn 0.094572 0.002513 0.032400
vn 0.094572 0.002513 0.032401
vn 0.098485 0.002019 0.017223
vn 0.098485 0.002019 0.017222
vn 0.099976 0.001475 0.001621
vn 0.099976 0.001475 0.001621
vn 0.099008 0.000896 -0.014020
vn 0.099008 0.000896 -0.014020
vn -0.048579 0.007199 0.087110
vn -0.048581 0.007199 0.087110
vn -0.032947 0.007211 0.094141
vn -0.032948 0.007211 0.094140
vn -0.016347 0.007012 0.098405
vn -0.016347 0.007012 0.098405
vn 0.000734 0.006606 0.099779
vn 0.000733 0.006606 0.099779
vn 0.017794 0.006007 0.098221
vn 0.017792 0.006007 0.098221
vn -0.062784 0.006975 0.077521
vn -0.032190 0.022277 0.092020
vn -0.021420 0.043357 0.087529
vn -0.014939 0.037011 0.091690
vn 0.001338 0.050785 0.086134
vn 0.001036 0.036688 0.093021
vn 0.017004 0.036292 0.091617
vn 0.017390 0.021275 0.096151
vn 0.033576 0.020797 0.091870
vn 0.033826 0.005247 0.093959
vn 0.049323 0.004709 0.086863
vn 0.048797 0.020269 0.084900
vn 0.063386 0.004136 0.077234
vn 0.062610 0.019706 0.075443
vn 0.075605 0.003544 0.065355
vn 0.074612 0.019125 0.063775
vn 0.085626 0.002951 0.051570
vn 0.084455 0.018542 0.050235
vn 0.093156 0.002373 0.036281
vn 0.091851 0.017974 0.035218
vn 0.097976 0.001827 0.019933
vn 0.096586 0.017438 0.019160
vn 0.099946 0.001330 0.003002
vn 0.098521 0.016950 0.002530
vn 0.099008 0.000896 -0.014020
vn 0.097599 0.016523 -0.014189
vn 0.094669 0.032152 0.001996
vn 0.093787 0.031744 -0.014009
vn 0.088487 0.046563 0.001412
vn 0.087666 0.046183 -0.013484
vn 0.080125 0.059827 0.000794
vn 0.079386 0.059485 -0.012627
vn 0.069807 0.071601 -0.000463
vn 0.069151 0.071322 -0.011459
vn -0.003519 0.060254 0.079731
vn 0.001606 0.063631 0.077127
vn 0.016200 0.050416 0.084828
vn 0.014997 0.063299 0.075950
vn 0.030622 0.049991 0.081014
vn 0.027990 0.062916 0.072513
vn 0.044183 0.049520 0.074803
vn 0.040209 0.062492 0.066918
vn 0.056491 0.049019 0.066377
vn 0.051298 0.062040 0.059326
vn 0.067185 0.048501 0.055981
vn 0.060933 0.061573 0.049959
vn 0.075954 0.047981 0.043917
vn 0.068834 0.061105 0.039090
vn 0.082544 0.047475 0.030537
vn 0.074772 0.060649 0.027035
vn 0.086763 0.046998 0.016230
vn 0.078572 0.060219 0.014144
vn 0.008029 0.074763 0.065924
vn 0.018877 0.074469 0.064016
vn 0.029275 0.074139 0.060386
vn 0.038952 0.073781 0.055128
vn 0.047655 0.073405 0.048381
vn 0.055157 0.073021 0.040319
vn 0.061262 0.072639 0.031154
vn 0.065810 0.072269 0.021125
vn 0.068684 0.071920 0.010493
vn 0.017347 0.005733 0.098317
vn 0.000709 0.021688 0.097617
vn 0.000365 0.006154 0.099810
vn -0.015979 0.022025 0.096227
vn -0.016625 0.006497 0.098394
vn -0.033129 0.006753 0.094111
vn 0.032499 0.035835 0.087520
vn 0.047070 0.035330 0.080847
vn 0.060293 0.034791 0.071794
vn 0.071782 0.034234 0.060624
vn 0.081205 0.033676 0.047663
vn 0.088285 0.033133 0.033287
vn 0.092817 0.032620 0.017915
vn 0.097599 0.016523 -0.014189
vn 0.097599 0.016523 -0.014189
vn 0.097599 0.016523 -0.014189
vn 0.097599 0.016523 -0.014189
vn 0.093787 0.031744 -0.014009
vn 0.093787 0.031744 -0.014009
vn 0.087666 0.046183 -0.013484
vn 0.087666 0.046183 -0.013484
vn 0.079386 0.059485 -0.012627
vn 0.079386 0.059485 -0.012627
vn 0.069151 0.071322 -0.011459
vn 0.079386 0.059485 -0.012627
vn 0.079386 0.059485 -0.012627
vn 0.087666 0.046183 -0.013484
vn 0.087666 0.046183 -0.013484
vn 0.093787 0.031744 -0.014009
vn 0.093787 0.031744 -0.014009
vn 0.097599 0.016523 -0.014189
vn 0.097599 0.016523 -0.014189
vn 0.099008 0.000896 -0.014020
vn 0.097599 0.016523 -0.014189
vn 0.093787 0.031744 -0.014009
vn 0.087666 0.046183 -0.013484
vn 0.079386 0.059485 -0.012627
vn 0.093787 0.031744 -0.014009
vn 0.093787 0.031744 -0.014009
vn 0.087666 0.046183 -0.013484
vn 0.087666 0.046183 -0.013484
vn 0.079386 0.059485 -0.012627
vn 0.079386 0.059485 -0.012627
vn 0.079386 0.059485 -0.012627
vn 0.079386 0.059485 -0.012627
vn 0.079386 0.059485 -0.012627
vn 0.087666 0.046183 -0.013484
vn 0.097599 0.016523 -0.014189
vn 0.097599 0.016523 -0.014189
vn 0.093787 0.031744 -0.014009
vn 0.097599 0.016523 -0.014189
vn 0.093787 0.031744 -0.014009
vn 0.093787 0.031744 -0.014009
vn 0.087666 0.046183 -0.013484
vn 0.087666 0.046183 -0.013484
vn 0.099976 0.001475 0.001621
vn 0.098616 0.015588 -0.005641
vn 0.095204 0.030399 -0.003470
vn 0.093787 0.031744 -0.014009
vn 0.089602 0.044395 -0.000809
vn 0.081993 0.057201 0.002261
vn 0.077078 0.063682 0.001870
vn 0.082702 0.054139 0.015142
vn 0.089816 0.040758 0.016492
vn 0.085854 0.042979 0.027962
vn 0.087220 0.035851 0.033278
vn 0.086441 0.030533 0.039947
vn 0.092115 0.023597 0.030951
vn 0.086202 0.019037 0.046977
vn 0.095093 0.010642 0.029054
vn 0.088820 0.007633 0.045308
vn 0.094572 0.002513 0.032400
vn 0.088334 0.002945 0.046781
vn 0.079923 0.003304 0.060012
vn 0.084443 0.017175 0.050738
vn 0.098485 0.002019 0.017223
vn 0.098393 0.013322 0.011893
vn 0.095148 0.027425 0.013959
vn 0.009473 0.085235 0.051432
vn 0.009253 0.086300 0.049667
vn 0.011036 0.075795 0.064291
vn 0.010722 0.078001 0.061651
vn 0.012117 0.066496 0.073699
vn 0.009028 0.087327 0.047880
vn 0.012316 0.064407 0.075498
vn 0.013173 0.053132 0.083687
vn 0.013278 0.051365 0.084766
vn 0.013860 0.038283 0.091336
vn 0.013900 0.037003 0.091856
vn 0.014161 0.022364 0.096433
vn 0.034329 0.005231 0.093777
vn 0.017792 0.006007 0.098221
vn 0.017614 0.019070 0.096572
vn 0.000733 0.006606 0.099779
vn 0.000562 0.018750 0.098225
vn -0.016507 0.017879 0.096994
vn -0.033090 0.016483 0.092916
vn -0.048703 0.014603 0.086109
vn -0.062784 0.006975 0.077521
vn -0.051797 0.016286 0.083975
vn -0.039520 0.025192 0.088338
vn -0.033726 0.026731 0.090267
vn -0.017221 0.029409 0.094014
vn -0.000211 0.031224 0.095000
vn 0.016805 0.032122 0.093198
vn 0.033328 0.032077 0.088659
vn 0.015379 0.044580 0.088182
vn 0.031881 0.044720 0.083569
vn 0.016058 0.052587 0.083527
vn 0.029835 0.056523 0.076909
vn 0.001882 0.047341 0.088064
vn -0.001574 0.043130 0.090207
vn -0.012342 0.040915 0.090408
vn -0.026258 0.033470 0.090500
vn -0.003437 -0.099939 -0.000606
vn -0.003437 -0.099939 -0.000606
vn -0.003437 -0.099939 -0.000606
vn -0.003437 -0.099939 -0.000606
vn -0.003437 -0.099939 -0.000606
vn -0.003437 -0.099939 -0.000606
vn -0.003437 -0.099939 -0.000606
vn -0.003437 -0.099939 -0.000606
vn -0.003437 -0.099939 -0.000606
vn -0.003437 -0.099939 -0.000606
vn -0.003437 -0.099939 -0.000606
vn -0.003437 -0.099939 -0.000606
vn -0.003437 -0.099939 -0.000606
vn -0.003437 -0.099939 -0.000606
vn -0.003437 -0.099939 -0.000606
vn -0.003437 -0.099939 -0.000606
vn -0.003437 -0.099939 -0.000606
vn -0.003437 -0.099939 -0.000606
vn -0.003437 -0.099939 -0.000606
vn -0.003437 -0.099939 -0.000606
vn -0.003437 -0.099939 -0.000606
vn 0.096528 -0.003530 0.025881
vn 0.096528 -0.003530 0.025881
vn 0.096528 -0.003530 0.025881
vn 0.096528 -0.003530 0.025881
vn -0.025865 0.000910 0.096593
vn -0.025865 0.000910 0.096593
vn -0.025865 0.000910 0.096593
vn -0.025865 0.000910 0.096593
vn -0.049966 0.001852 -0.086602
vn -0.049966 0.001852 -0.086602
vn -0.049966 0.001852 -0.086602
vn -0.049966 0.001852 -0.086602
vn -0.049966 0.001852 -0.086602
vn -0.049966 0.001852 -0.086602
vn -0.049966 0.001852 -0.086602
vn 0.049966 -0.001852 0.086602
vn 0.049966 -0.001852 0.086602
vn 0.049966 -0.001852 0.086602
vn 0.049966 -0.001852 0.086602
vn 0.049966 -0.001852 0.086602
vn 0.049966 -0.001852 0.086602
vn 0.003645 0.099934 0.000034
vn 0.003645 0.099934 0.000034
vn 0.003645 0.099934 0.000034
vn 0.003645 0.099934 0.000034
vn 0.003645 0.099934 0.000034
vn 0.003645 0.099934 0.000034
vn 0.003645 0.099934 0.000034
vn 0.003645 0.099934 0.000034
vn 0.003645 0.099934 0.000034
vn 0.003645 0.099934 0.000034
vn 0.003645 0.099934 0.000034
vn 0.003645 0.099934 0.000034
vn 0.003645 0.099934 0.000034
vn 0.003645 0.099934 0.000034
vn 0.098481 0.000000 0.017365
vn 0.098481 0.000000 0.017365
vn 0.098481 0.000000 0.017365
vn 0.098481 0.000000 0.017365
vn 0.098481 0.000000 0.017365
vn 0.098481 0.000000 0.017365
vn 0.098481 0.000000 0.017365
vn 0.098481 0.000000 0.017365
vn 0.098481 0.000000 0.017365
vn 0.098481 0.000000 0.017365
vn 0.098481 0.000000 0.017365
vn 0.001745 -0.099985 -0.000000
vn 0.001745 -0.099985 -0.000000
vn 0.001745 -0.099985 -0.000000
vn 0.001745 -0.099985 -0.000000
vn -0.073430 0.002564 -0.067834
vn -0.073430 0.002564 -0.067834
vn -0.073430 0.002564 -0.067834
vn -0.073430 0.002564 -0.067834
vn -0.071764 0.002506 0.069597
vn -0.071764 0.002506 0.069597
vn -0.071764 0.002506 0.069597
vn -0.071764 0.002506 0.069597
vn -0.071764 0.002506 0.069597
vn -0.071764 0.002506 0.069597
vn -0.071764 0.002506 0.069597
vn 0.000000 0.000000 0.100000
vn 0.000000 0.000000 0.100000
vn 0.000000 0.000000 0.100000
vn 0.000000 0.000000 0.100000
vn 0.000000 0.000000 0.100000
vn 0.000000 0.000000 0.100000
vn 0.000000 0.000000 0.100000
vn 0.000000 0.000000 0.100000
vn 0.000000 0.000000 0.100000
vn -0.087015 0.000000 0.049278
vn -0.087015 0.000000 0.049278
vn -0.087015 0.000000 0.049278
vn -0.087015 0.000000 0.049278
vn 0.073454 0.000000 0.067857
vn 0.073454 0.000000 0.067857
vn 0.073454 0.000000 0.067857
vn 0.000000 0.062553 -0.078020
vn 0.000000 0.062553 -0.078020
vn 0.000000 0.062553 -0.078020
vn 0.000000 0.062553 -0.078020
vn 0.000000 0.062553 -0.078020
vn 0.000000 0.062553 -0.078020
vn 0.000000 0.062158 0.078335
vn 0.000000 0.062158 0.078335
vn 0.000000 0.062158 0.078335
vn 0.000000 0.062158 0.078335
vn 0.000000 0.062158 0.078335
vn 0.000000 0.062158 0.078335
vn 0.000000 0.000000 -0.100000
vn 0.000000 0.000000 -0.100000
vn 0.000000 0.000000 -0.100000
vn 0.000000 0.000000 -0.100000
vn 0.000000 0.100000 0.000000
vn 0.000000 0.100000 0.000000
vn 0.000000 0.100000 0.000000
vn 0.000000 0.100000 0.000000
vn 0.000000 0.100000 0.000000
vn 0.000000 0.100000 0.000000
vn 0.000000 0.100000 0.000000
vn 0.000000 0.100000 0.000000
vn 0.000000 0.100000 0.000000
vn -0.003490 -0.099939 0.000000
vn -0.003490 -0.099939 0.000000
vn -0.003490 -0.099939 0.000000
vn -0.003490 -0.099939 0.000000
vn 0.001745 -0.099985 -0.000000
vn 0.001745 -0.099985 -0.000000
vn 0.001745 -0.099985 -0.000000
vn 0.001745 -0.099985 -0.000000
vn 0.001745 -0.099985 -0.000000
vn 0.001745 -0.099985 -0.000000
vn 0.001745 -0.099985 -0.000000
vn -0.098481 0.000000 -0.017365
vn -0.098481 0.000000 -0.017365
vn -0.098481 0.000000 -0.017365
vn -0.098481 0.000000 -0.017365
vn -0.017525 0.000000 -0.098452
vn -0.017525 0.000000 -0.098452
vn -0.017525 0.000000 -0.098452
vn -0.017525 0.000000 -0.098452
vn 0.082785 0.000000 -0.056095
vn 0.082785 0.000000 -0.056095
vn 0.082785 0.000000 -0.056095
vn 0.082785 0.000000 -0.056095
vn 0.000000 -0.100000 0.000000
vn 0.000000 -0.100000 0.000000
vn 0.000000 -0.100000 0.000000
vn 0.000000 -0.100000 0.000000
vn 0.000000 -0.100000 0.000000
vn 0.000000 -0.100000 0.000000
vn 0.000000 -0.100000 0.000000
vn 0.000000 -0.100000 0.000000
vn 0.000000 -0.100000 0.000000
vn 0.000000 -0.100000 0.000000
vn 0.000000 -0.100000 0.000000
vn 0.000000 -0.100000 0.000000
vn 0.000000 -0.100000 0.000000
vn 0.000000 -0.100000 0.000000
vn 0.000000 -0.100000 0.000000
vn 0.000000 -0.100000 0.000000
vn 0.000000 -0.100000 0.000000
vn 0.000000 -0.100000 0.000000
vn 0.000000 -0.100000 0.000000
vn -0.040741 0.000847 0.091320
vn -0.040741 0.000847 0.091320
vn -0.040741 0.000847 0.091320
vn -0.040741 0.000847 0.091320
vn 0.094207 -0.003037 -0.033404
vn 0.094207 -0.003037 -0.033404
vn 0.094207 -0.003037 -0.033404
vn 0.094207 -0.003037 -0.033404
vn 0.094207 -0.003037 -0.033404
vn 0.094207 -0.003037 -0.033404
vn 0.094207 -0.003037 -0.033404
vn 0.060555 0.000000 0.079581
vn 0.060555 0.000000 0.079581
vn 0.060555 0.000000 0.079581
vn 0.060555 0.000000 0.079581
vn 0.017365 0.000000 -0.098481
vn 0.017365 0.000000 -0.098481
vn 0.017365 0.000000 -0.098481
vn 0.017365 0.000000 -0.098481
vn -0.001719 0.099985 -0.000303
vn -0.001719 0.099985 -0.000303
vn -0.001719 0.099985 -0.000303
vn -0.001719 0.099985 -0.000303
vn -0.001719 0.099985 -0.000303
vn -0.001719 0.099985 -0.000303
vn -0.001719 0.099985 -0.000303
vn -0.001719 0.099985 -0.000303
vn -0.001719 0.099985 -0.000303
vn -0.001719 0.099985 -0.000303
vn -0.001719 0.099985 -0.000303
vn -0.001719 0.099985 -0.000303
vn -0.001719 0.099985 -0.000303
vn -0.001719 0.099985 -0.000303
vn -0.001719 0.099985 -0.000303
vn -0.001719 0.099985 -0.000303
vn -0.001719 0.099985 -0.000303
vn -0.001719 0.099985 -0.000303
vn -0.001719 0.099985 -0.000303
vn -0.098481 0.000000 -0.017365
vn -0.098481 0.000000 -0.017365
vn -0.098481 0.000000 -0.017365
vn -0.098481 0.000000 -0.017365
vn -0.098481 0.000000 -0.017365
vn -0.098481 0.000000 -0.017365
vn -0.098481 0.000000 -0.017365
vn -0.017365 0.000000 0.098481
vn -0.017365 0.000000 0.098481
vn -0.017365 0.000000 0.098481
vn -0.017365 0.000000 0.098481
vn -0.017365 0.000000 0.098481
vn -0.017365 0.000000 0.098481
vn -0.017365 0.000000 0.098481
vn -0.017365 0.000000 0.098481
vn -0.094250 0.000000 0.033419
vn -0.094250 0.000000 0.033419
vn -0.094250 0.000000 0.033419
vn -0.094250 0.000000 0.033419
vn -0.094250 0.000000 0.033419
vn -0.094250 0.000000 0.033419
vn 0.001745 0.065075 -0.075909
vn 0.001745 0.065075 -0.075909
vn 0.001745 0.065075 -0.075909
vn 0.001745 0.065075 -0.075909
vn 0.001745 0.099985 0.000000
vn 0.001745 0.099985 0.000000
vn 0.001745 0.099985 0.000000
vn 0.001745 0.099985 0.000000
vn 0.001745 0.065075 0.075909
vn 0.001745 0.065075 0.075909
vn 0.001745 0.065075 0.075909
vn 0.001745 0.065075 0.075909
vn 0.001745 -0.099985 -0.000000
vn 0.001745 -0.099985 -0.000000
vn 0.001745 -0.099985 -0.000000
vn 0.001745 -0.099985 -0.000000
vn -0.100000 -0.000000 -0.000000
vn -0.100000 -0.000000 -0.000000
vn -0.100000 -0.000000 -0.000000
vn -0.100000 -0.000000 -0.000000
vn -0.100000 -0.000000 -0.000000
vn -0.100000 -0.000000 -0.000000
vn -0.100000 -0.000000 -0.000000
vn -0.100000 -0.000000 -0.000000
vn 0.100000 0.000000 0.000000
vn 0.100000 0.000000 0.000000
vn 0.100000 0.000000 0.000000
vn 0.100000 0.000000 0.000000
vn -0.100000 0.000000 0.000000
vn -0.100000 0.000000 0.000000
vn -0.100000 0.000000 0.000000
vn -0.100000 0.000000 0.000000
vn -0.100000 0.000000 0.000000
vn -0.100000 0.000000 0.000000
vn -0.000000 0.100000 -0.000000
vn -0.000000 0.100000 -0.000000
vn -0.000000 0.100000 -0.000000
vn -0.000000 0.100000 -0.000000
vn -0.098481 0.000000 -0.017365
vn -0.098481 0.000000 -0.017365
vn -0.098481 0.000000 -0.017365
vn -0.098481 0.000000 -0.017365
vn -0.098481 0.000000 -0.017365
vn -0.098481 0.000000 -0.017365
vn -0.098481 0.000000 -0.017365
vn -0.098481 0.000000 -0.017365
vn -0.098481 0.000000 -0.017365
vn 0.000000 0.000000 -0.100000
vn 0.000000 0.000000 -0.100000
vn 0.000000 0.000000 -0.100000
vn 0.000000 0.000000 -0.100000
vn 0.000000 -0.100000 -0.000000
vn 0.000000 -0.100000 -0.000000
vn 0.000000 -0.100000 -0.000000
vn 0.000000 -0.100000 -0.000000
vn 0.000000 -0.003598 -0.099935
vn 0.000000 -0.003598 -0.099935
vn 0.000000 -0.003598 -0.099935
vn 0.000000 -0.003598 -0.099935
vn 0.000000 -0.100000 0.000303
vn 0.000000 -0.100000 0.000303
vn 0.000000 -0.100000 0.000303
vn 0.000000 -0.100000 0.000303
vn 0.000000 -0.100000 0.000000
vn 0.000000 -0.100000 0.000000
vn 0.000000 -0.100000 0.000000
vn 0.000000 -0.100000 0.000000
vn 0.000000 -0.100000 0.000000
vn 0.000000 -0.100000 0.000000
vn 0.000000 -0.100000 0.000000
vn 0.000000 -0.100000 0.000000
vn 0.000000 -0.100000 0.000000
vn 0.000000 -0.100000 0.000000
vn 0.000000 -0.100000 0.000000
vn 0.000000 -0.100000 0.000000
vn 0.000000 -0.100000 0.000000
vn 0.000000 -0.100000 0.000000
vn 0.000000 -0.100000 0.000000
vn 0.100000 0.000000 -0.000000
vn 0.100000 0.000000 -0.000000
vn 0.100000 0.000000 -0.000000
vn 0.100000 0.000000 -0.000000
vn 0.000000 0.000000 0.100000
vn 0.000000 0.000000 0.100000
vn 0.000000 0.000000 0.100000
vn 0.000000 0.000000 0.100000
vn 0.000000 0.000000 0.100000
vn 0.000000 0.000000 0.100000
vn 0.000000 0.000000 0.100000
vn -0.000000 0.000000 -0.100000
vn -0.000000 0.000000 -0.100000
vn -0.000000 0.000000 -0.100000
vn -0.000000 0.000000 -0.100000
vn -0.000000 0.000000 -0.100000
vn -0.000000 0.000000 -0.100000
vn 0.098481 0.000000 0.017365
vn 0.098481 0.000000 0.017365
vn 0.098481 0.000000 0.017365
vn 0.098481 0.000000 0.017365
vn 0.098481 0.000000 0.017365
vn 0.098481 0.000000 0.017365
vn 0.001745 -0.099985 -0.000000
vn 0.001745 -0.099985 -0.000000
vn 0.001745 -0.099985 -0.000000
vn 0.001745 -0.099985 -0.000000
vn 0.001745 -0.099985 -0.000000
vn 0.001745 -0.099985 -0.000000
vn 0.001745 -0.099985 -0.000000
vn 0.001745 -0.099985 -0.000000
vn 0.001745 -0.099985 -0.000000
vn 0.001745 -0.099985 -0.000000
vn 0.001745 -0.099985 -0.000000
vn 0.001745 -0.099985 -0.000000
vn 0.001745 -0.099985 -0.000000
vn 0.001745 -0.099985 -0.000000
vn 0.001745 -0.099985 -0.000000
vn 0.086975 -0.003037 -0.049255
vn 0.086975 -0.003037 -0.049255
vn 0.086975 -0.003037 -0.049255
vn 0.086975 -0.003037 -0.049255
vn 0.086975 -0.003037 -0.049255
vn -0.000000 0.100000 -0.000000
vn -0.000000 0.100000 -0.000000
vn -0.000000 0.100000 -0.000000
vn 0.100000 0.000000 0.000000
vn 0.100000 0.000000 0.000000
vn 0.100000 0.000000 0.000000
vn 0.100000 0.000000 0.000000
vn 0.100000 0.000000 0.000000
vn 0.100000 0.000000 0.000000
vn 0.100000 0.000000 0.000000
vn 0.100000 0.000000 0.000000
vn 0.100000 0.000000 0.000000
vn 0.100000 0.000000 0.000000
vn 0.100000 0.000000 0.000000
vn 0.100000 0.000000 0.000000
vn 0.100000 0.000000 0.000000
vn 0.100000 0.000000 0.000000
vn -0.098481 0.000000 -0.017365
vn -0.098481 0.000000 -0.017365
vn -0.098481 0.000000 -0.017365
vn -0.098481 0.000000 -0.017365
vn -0.098481 0.000000 -0.017365
vn -0.098481 0.000000 -0.017365
vn -0.098481 0.000000 -0.017365
vn -0.098481 0.000000 -0.017365
vn -0.098481 0.000000 -0.017365
vn -0.098481 0.000000 -0.017365
vn -0.098481 0.000000 -0.017365
vn 0.000000 0.100000 0.000000
vn 0.000000 0.100000 0.000000
vn 0.000000 0.100000 0.000000
vn 0.000000 0.100000 0.000000
vn 0.000000 0.100000 0.000000
vn 0.017524 -0.001200 0.098445
vn 0.017524 -0.001200 0.098445
vn 0.017524 -0.001200 0.098445
vn 0.017524 -0.001200 0.098445
vn -0.040741 0.000847 0.091320
vn -0.040741 0.000847 0.091320
vn -0.040741 0.000847 0.091320
vn -0.040741 0.000847 0.091320
vn -0.082759 0.002506 0.056078
vn -0.082759 0.002506 0.056078
vn -0.082759 0.002506 0.056078
vn -0.082759 0.002506 0.056078
vn -0.060535 0.002564 -0.079555
vn -0.060535 0.002564 -0.079555
vn -0.060535 0.002564 -0.079555
vn -0.060535 0.002564 -0.079555
vn -0.024265 0.000847 0.097008
vn -0.024265 0.000847 0.097008
vn -0.024265 0.000847 0.097008
vn 0.034352 -0.001200 0.093907
vn 0.034352 -0.001200 0.093907
vn 0.034352 -0.001200 0.093907
vn 0.034352 -0.001200 0.093907
vn 0.071786 0.000000 -0.069619
vn 0.071786 0.000000 -0.069619
vn 0.071786 0.000000 -0.069619
vn -0.034355 0.000000 -0.093913
vn -0.034355 0.000000 -0.093913
vn -0.034355 0.000000 -0.093913
vn -0.034355 0.000000 -0.093913
vn -0.001719 0.099985 -0.000303
vn -0.001719 0.099985 -0.000303
vn -0.001719 0.099985 -0.000303
vn -0.001719 0.099985 -0.000303
usemtl Steel_-_Satin
f 1/1/1 2/2/2 7/3/3
f 7/3/3 2/2/2 6/4/4
f 6/4/4 2/2/2 3/5/5
f 6/4/4 3/5/5 5/6/6
f 5/6/6 3/5/5 4/7/7
f 9/8/8 10/9/9 8/10/10
f 8/10/10 10/9/9 11/11/11
f 1/12/12 7/13/13 12/14/14
f 12/14/14 7/13/13 13/15/15
f 12/14/14 13/15/15 4/16/16
f 4/16/16 13/15/15 14/17/17
f 4/16/16 14/17/17 15/18/18
f 4/16/16 3/19/19 12/14/14
f 7/20/20 6/21/21 13/22/22
f 13/22/22 6/21/21 16/23/23
f 17/24/24 18/25/25 20/26/26
f 20/26/26 18/25/25 19/27/27
f 19/28/28 21/29/29 20/30/30
f 20/30/30 21/29/29 22/31/31
f 36/32/32 23/33/33 26/34/34
f 26/34/34 23/33/33 24/35/35
f 26/34/34 24/35/35 25/36/36
f 26/34/34 27/37/37 36/32/32
f 36/32/32 27/37/37 29/38/38
f 36/32/32 29/38/38 35/39/39
f 35/39/39 29/38/38 31/40/40
f 35/39/39 31/40/40 32/41/41
f 27/37/37 28/42/42 29/38/38
f 29/38/38 30/43/43 31/40/40
f 33/44/44 34/45/45 32/41/41
f 32/41/41 34/45/45 35/39/39
f 17/46/46 37/47/47 18/48/48
f 18/48/48 37/47/47 38/49/49
f 18/48/48 38/49/49 39/50/50
f 36/51/51 35/52/52 37/53/53
f 37/53/53 35/52/52 38/54/54
f 41/55/55 42/56/56 40/57/57
f 40/57/57 42/56/56 43/58/58
f 25/59/59 44/60/60 26/61/61
f 26/61/61 44/60/60 45/62/62
f 26/61/61 45/62/62 46/63/63
f 46/63/63 47/64/64 26/61/61
f 26/61/61 47/64/64 40/65/65
f 26/61/61 40/65/65 43/66/66
f 40/65/65 47/64/64 51/67/67
f 51/67/67 47/64/64 48/68/68
f 51/67/67 48/68/68 50/69/69
f 50/69/69 48/68/68 49/70/70
f 24/71/71 52/72/72 25/73/73
f 25/73/73 52/72/72 44/74/74
f 54/75/75 48/76/76 53/77/77
f 53/77/77 48/76/76 47/78/78
f 55/79/79 41/80/80 51/81/81
f 51/81/81 41/80/80 40/82/82
f 56/83/83 58/84/84 54/85/75
f 54/85/75 58/84/84 59/86/85
f 54/85/75 59/86/85 60/87/86
f 60/87/86 59/86/85 51/88/87
f 60/87/86 51/88/87 61/89/88
f 61/89/88 51/88/87 50/90/89
f 61/89/88 50/90/89 49/91/90
f 56/83/83 57/92/91 58/84/84
f 58/84/84 57/92/91 59/86/85
f 55/93/92 51/88/87 57/92/91
f 57/92/91 51/88/87 59/86/85
f 48/94/76 54/85/75 49/91/90
f 49/91/90 54/85/75 60/87/86
f 49/91/90 60/87/86 61/89/88
f 62/95/93 64/96/94 52/97/95
f 52/97/95 64/96/94 65/98/96
f 52/97/95 65/98/96 66/99/97
f 66/99/97 65/98/96 47/100/78
f 66/99/97 47/100/78 67/101/98
f 67/101/98 47/100/78 46/102/99
f 67/101/98 46/102/99 45/103/100
f 62/95/93 63/104/101 64/96/94
f 64/96/94 63/104/101 65/98/96
f 53/105/102 47/100/78 63/104/101
f 63/104/101 47/100/78 65/98/96
f 44/106/103 52/97/95 45/103/100
f 45/103/100 52/97/95 66/99/97
f 45/103/100 66/99/97 67/101/98
f 18/107/104 73/108/105 27/109/106
f 27/109/106 73/108/105 74/110/107
f 27/109/106 74/110/107 28/111/108
f 28/111/108 74/110/107 75/112/109
f 28/111/108 75/112/109 71/113/110
f 71/113/110 75/112/109 39/114/111
f 71/113/110 39/114/111 69/115/112
f 69/115/112 39/114/111 68/116/113
f 68/116/113 39/114/111 34/117/114
f 68/116/113 34/117/114 33/118/115
f 73/108/105 18/107/104 72/119/116
f 72/119/116 18/107/104 39/114/111
f 72/119/116 39/114/111 75/112/109
f 69/115/112 70/120/117 71/113/110
f 75/121/118 74/122/119 9/123/120
f 9/123/120 74/122/119 10/124/121
f 72/125/122 75/126/123 8/127/124
f 8/127/124 75/126/123 9/128/125
f 77/129/126 78/130/127 76/131/128
f 76/131/128 78/130/127 79/132/129
f 76/131/128 79/132/129 80/133/130
f 80/133/130 81/134/131 76/131/128
f 29/135/132 28/136/133 88/137/134
f 88/137/134 28/136/133 85/138/135
f 88/137/134 85/138/135 86/139/136
f 85/138/135 28/136/133 84/140/137
f 84/140/137 28/136/133 71/141/138
f 84/140/137 71/141/138 83/142/139
f 83/142/139 71/141/138 82/143/140
f 86/139/136 87/144/141 88/137/134
f 70/145/142 89/146/143 71/147/144
f 71/147/144 89/146/143 82/148/145
f 89/149/146 83/150/147 82/151/148
f 91/152/149 85/153/150 90/154/151
f 90/154/151 85/153/150 92/155/152
f 90/154/151 92/155/152 93/156/153
f 85/153/150 84/157/154 92/155/152
f 93/156/153 94/158/155 90/154/151
f 90/154/151 94/158/155 95/159/156
f 90/154/151 95/159/156 96/160/157
f 96/160/157 97/161/158 90/154/151
f 90/154/151 97/161/158 98/162/159
f 90/154/151 98/162/159 99/163/160
f 30/164/161 29/165/162 88/166/163
f 31/167/164 30/168/165 87/169/166
f 87/169/166 30/168/165 88/170/167
f 34/171/168 39/172/169 35/173/170
f 35/173/170 39/172/169 38/174/171
f 70/175/172 69/176/173 89/177/174
f 89/177/174 69/176/173 101/178/175
f 101/178/175 69/176/173 100/179/176
f 69/180/177 68/181/178 100/182/179
f 100/182/179 68/181/178 78/183/180
f 100/182/179 78/183/180 77/184/181
f 4/185/182 15/186/183 5/187/184
f 5/187/184 15/186/183 102/188/185
f 32/189/186 31/190/187 86/191/188
f 86/191/188 31/190/187 87/192/189
f 32/193/190 86/194/191 33/195/192
f 33/195/192 86/194/191 91/196/193
f 33/195/192 91/196/193 103/197/194
f 86/194/191 85/198/195 91/196/193
f 103/197/194 104/199/196 33/195/192
f 33/195/192 104/199/196 105/200/197
f 33/195/192 105/200/197 106/201/198
f 106/201/198 107/202/199 33/195/192
f 33/195/192 107/202/199 108/203/200
f 33/195/192 108/203/200 68/204/201
f 68/204/201 108/203/200 79/205/202
f 68/204/201 79/205/202 78/206/203
f 108/203/200 109/207/204 79/205/202
f 15/208/205 14/209/206 102/210/207
f 102/210/207 14/209/206 110/211/208
f 13/212/209 16/213/210 14/214/211
f 14/214/211 16/213/210 110/215/212
f 76/216/213 101/217/214 77/218/215
f 77/218/215 101/217/214 100/219/216
f 84/220/217 83/221/218 132/222/219
f 132/222/219 83/221/218 111/223/220
f 132/222/219 111/223/220 126/224/221
f 126/224/221 111/223/220 125/225/222
f 125/225/222 111/223/220 112/226/223
f 125/225/222 112/226/223 113/227/224
f 114/228/225 122/229/226 113/227/224
f 113/227/224 122/229/226 123/230/227
f 113/227/224 123/230/227 124/231/228
f 114/228/225 115/232/229 122/229/226
f 122/229/226 115/232/229 116/233/230
f 122/229/226 116/233/230 117/234/231
f 117/234/231 118/235/232 122/229/226
f 122/229/226 118/235/232 119/236/233
f 122/229/226 119/236/233 120/237/234
f 120/237/234 121/238/235 122/229/226
f 124/231/228 125/225/222 113/227/224
f 127/239/236 128/240/237 126/224/221
f 126/224/221 128/240/237 129/241/238
f 126/224/221 129/241/238 130/242/239
f 130/242/239 131/243/240 126/224/221
f 126/224/221 131/243/240 132/222/219
f 174/244/241 133/245/242 80/246/243
f 80/246/243 133/245/242 134/247/244
f 80/246/243 134/247/244 135/248/245
f 79/249/246 16/250/247 80/246/243
f 80/246/243 16/250/247 171/251/248
f 80/246/243 171/251/248 172/252/249
f 16/250/247 79/249/246 110/253/250
f 110/253/250 79/249/246 109/254/251
f 110/253/250 109/254/251 102/255/252
f 102/255/252 109/254/251 136/256/253
f 102/255/252 136/256/253 137/257/254
f 137/257/254 138/258/255 102/255/252
f 102/255/252 138/258/255 5/259/256
f 5/259/256 138/258/255 139/260/257
f 5/259/256 139/260/257 140/261/258
f 140/261/258 141/262/259 5/259/256
f 5/259/256 141/262/259 142/263/260
f 5/259/256 142/263/260 6/264/261
f 6/264/261 142/263/260 143/265/262
f 6/264/261 143/265/262 144/266/263
f 144/266/263 145/267/264 6/264/261
f 6/264/261 145/267/264 160/268/265
f 6/264/261 160/268/265 161/269/266
f 145/267/264 146/270/267 160/268/265
f 160/268/265 146/270/267 147/271/268
f 160/268/265 147/271/268 148/272/269
f 148/272/269 149/273/270 160/268/265
f 160/268/265 149/273/270 150/274/271
f 160/268/265 150/274/271 151/275/272
f 151/275/272 152/276/273 160/268/265
f 160/268/265 152/276/273 153/277/274
f 160/268/265 153/277/274 154/278/275
f 154/278/275 155/279/276 160/268/265
f 160/268/265 155/279/276 156/280/277
f 160/268/265 156/280/277 157/281/278
f 157/281/278 158/282/279 160/268/265
f 160/268/265 158/282/279 159/283/280
f 6/264/261 161/269/266 16/250/247
f 16/250/247 161/269/266 162/284/281
f 16/250/247 162/284/281 163/285/282
f 163/285/282 164/286/283 16/250/247
f 16/250/247 164/286/283 165/287/284
f 16/250/247 165/287/284 166/288/285
f 166/288/285 167/289/286 16/250/247
f 16/250/247 167/289/286 168/290/287
f 16/250/247 168/290/287 169/291/288
f 169/291/288 170/292/289 16/250/247
f 16/250/247 170/292/289 171/251/248
f 172/252/249 173/293/290 80/246/243
f 80/246/243 173/293/290 174/244/241
f 168/294/291 167/295/292 180/296/293
f 180/296/293 167/295/292 181/297/294
f 180/296/293 181/297/294 179/298/295
f 179/298/295 181/297/294 182/299/296
f 179/298/295 182/299/296 178/300/297
f 178/300/297 182/299/296 177/301/298
f 177/301/298 182/299/296 176/302/299
f 176/302/299 182/299/296 181/297/294
f 176/302/299 181/297/294 183/303/300
f 183/303/300 181/297/294 166/304/301
f 183/303/300 166/304/301 175/305/302
f 175/305/302 166/304/301 165/306/303
f 167/295/292 166/304/301 181/297/294
f 175/305/302 176/302/299 183/303/300
f 172/307/304 171/308/305 190/309/306
f 190/309/306 171/308/305 189/310/307
f 189/310/307 171/308/305 170/311/308
f 189/310/307 170/311/308 188/312/309
f 188/312/309 170/311/308 169/313/310
f 188/312/309 169/313/310 187/314/311
f 187/314/311 169/313/310 168/315/312
f 187/314/311 168/315/312 186/316/313
f 186/316/313 168/315/312 180/317/314
f 186/316/313 180/317/314 185/318/315
f 185/318/315 180/317/314 179/319/316
f 185/318/315 179/319/316 184/320/317
f 184/320/317 179/319/316 178/321/318
f 133/322/319 174/323/320 200/324/321
f 200/324/321 174/323/320 201/325/322
f 200/324/321 201/325/322 202/326/323
f 202/326/323 201/325/322 207/327/324
f 202/326/323 207/327/324 208/328/325
f 208/328/325 207/327/324 212/329/326
f 208/328/325 212/329/326 213/330/327
f 213/330/327 212/329/326 187/331/328
f 213/330/327 187/331/328 215/332/329
f 215/332/329 187/331/328 186/333/330
f 215/332/329 186/333/330 216/334/331
f 216/334/331 186/333/330 185/335/332
f 216/334/331 185/335/332 191/336/333
f 191/336/333 185/335/332 184/337/334
f 174/323/320 173/338/335 201/325/322
f 201/325/322 173/338/335 172/339/336
f 201/325/322 172/339/336 206/340/337
f 206/340/337 172/339/336 190/341/338
f 206/340/337 190/341/338 189/342/339
f 188/343/340 211/344/341 189/342/339
f 189/342/339 211/344/341 207/327/324
f 189/342/339 207/327/324 206/340/337
f 206/340/337 207/327/324 201/325/322
f 211/344/341 188/343/340 212/329/326
f 212/329/326 188/343/340 187/331/328
f 216/334/331 191/336/333 214/345/342
f 214/345/342 191/336/333 192/346/343
f 214/345/342 192/346/343 210/347/344
f 210/347/344 192/346/343 193/348/345
f 210/347/344 193/348/345 205/349/346
f 205/349/346 193/348/345 194/350/347
f 205/349/346 194/350/347 196/351/348
f 196/351/348 194/350/347 195/352/349
f 196/351/348 197/353/350 205/349/346
f 205/349/346 197/353/350 204/354/351
f 205/349/346 204/354/351 210/347/344
f 210/347/344 204/354/351 209/355/352
f 210/347/344 209/355/352 214/345/342
f 214/345/342 209/355/352 213/330/327
f 214/345/342 213/330/327 216/334/331
f 216/334/331 213/330/327 215/332/329
f 197/353/350 198/356/353 204/354/351
f 204/354/351 198/356/353 203/357/354
f 204/354/351 203/357/354 209/355/352
f 209/355/352 203/357/354 208/328/325
f 209/355/352 208/328/325 213/330/327
f 198/356/353 199/358/355 203/357/354
f 203/357/354 199/358/355 202/326/323
f 203/357/354 202/326/323 208/328/325
f 199/358/355 200/324/321 202/326/323
f 211/344/341 212/329/326 207/327/324
f 135/359/356 134/360/357 222/361/358
f 222/361/358 134/360/357 200/362/359
f 222/361/358 200/362/359 199/363/360
f 134/360/357 133/364/361 200/362/359
f 222/361/358 199/363/360 221/365/362
f 221/365/362 199/363/360 198/366/363
f 221/365/362 198/366/363 220/367/364
f 220/367/364 198/366/363 197/368/365
f 220/367/364 197/368/365 219/369/366
f 219/369/366 197/368/365 196/370/367
f 219/369/366 196/370/367 218/371/368
f 218/371/368 196/370/367 195/372/369
f 218/371/368 195/372/369 217/373/370
f 217/374/370 195/375/369 223/376/371
f 223/376/371 195/375/369 232/377/372
f 232/377/372 195/375/369 231/378/373
f 231/378/373 195/375/369 230/379/374
f 230/379/374 195/375/369 229/380/375
f 229/380/375 195/375/369 228/381/376
f 228/381/376 195/375/369 227/382/377
f 227/382/377 195/375/369 226/383/378
f 226/383/378 195/375/369 225/384/379
f 225/384/379 195/375/369 224/385/380
f 233/386/381 234/387/382 239/388/383
f 239/388/383 234/387/382 238/389/384
f 238/389/384 234/387/382 235/390/385
f 238/389/384 235/390/385 237/391/386
f 237/391/386 235/390/385 236/392/387
f 237/391/386 236/392/387 232/393/372
f 232/393/372 236/392/387 223/394/371
f 240/395/388 233/396/389 239/397/390
f 255/398/391 241/399/392 256/400/393
f 256/400/393 241/399/392 242/401/394
f 256/400/393 242/401/394 243/402/395
f 256/400/393 243/402/395 257/403/396
f 257/403/396 243/402/395 244/404/397
f 257/403/396 244/404/397 239/405/390
f 239/405/390 244/404/397 240/406/388
f 239/405/390 245/407/398 257/403/396
f 257/403/396 245/407/398 246/408/399
f 257/403/396 246/408/399 247/409/400
f 247/409/400 248/410/401 257/403/396
f 257/403/396 248/410/401 249/411/402
f 257/403/396 249/411/402 256/400/393
f 256/400/393 249/411/402 250/412/403
f 256/400/393 250/412/403 251/413/404
f 251/413/404 252/414/405 256/400/393
f 256/400/393 252/414/405 253/415/406
f 256/400/393 253/415/406 254/416/407
f 254/416/407 255/398/391 256/400/393
f 258/417/408 241/418/409 259/419/410
f 259/419/410 241/418/409 255/420/411
f 261/421/412 275/422/413 260/423/414
f 260/423/414 275/422/413 273/424/415
f 260/423/414 273/424/415 274/425/416
f 261/421/412 262/426/417 275/422/413
f 275/422/413 262/426/417 276/427/418
f 275/422/413 276/427/418 269/428/419
f 269/428/419 276/427/418 268/429/420
f 268/429/420 276/427/418 267/430/421
f 267/430/421 276/427/418 266/431/422
f 266/431/422 276/427/418 265/432/423
f 265/432/423 276/427/418 259/433/424
f 265/432/423 259/433/424 264/434/425
f 262/426/417 263/435/426 276/427/418
f 276/427/418 263/435/426 259/433/424
f 263/435/426 258/436/408 259/433/424
f 269/428/419 270/437/427 275/422/413
f 275/422/413 270/437/427 271/438/428
f 275/422/413 271/438/428 272/439/429
f 272/439/429 273/424/415 275/422/413
f 277/440/430 260/441/431 274/442/416
f 278/443/432 279/444/433 284/445/434
f 284/445/434 279/444/433 283/446/435
f 283/446/435 279/444/433 280/447/436
f 283/446/435 280/447/436 282/448/437
f 282/448/437 280/447/436 281/449/438
f 282/448/437 281/449/438 274/450/416
f 274/450/416 281/449/438 277/451/430
f 285/452/439 278/453/432 294/454/440
f 294/454/440 278/453/432 284/455/434
f 294/454/440 284/455/434 286/456/441
f 286/456/441 287/457/442 294/454/440
f 294/454/440 287/457/442 288/458/443
f 294/454/440 288/458/443 289/459/444
f 289/459/444 290/460/445 294/454/440
f 294/454/440 290/460/445 291/461/446
f 294/454/440 291/461/446 292/462/447
f 292/462/447 293/463/448 294/454/440
f 149/464/449 299/465/450 150/466/451
f 150/466/451 299/465/450 300/467/452
f 150/466/451 300/467/452 313/468/453
f 313/468/453 300/467/452 301/469/454
f 313/468/453 301/469/454 312/470/455
f 312/470/455 301/469/454 302/471/456
f 312/470/455 302/471/456 311/472/457
f 311/472/457 302/471/456 303/473/458
f 311/472/457 303/473/458 310/474/459
f 310/474/459 303/473/458 304/475/460
f 310/474/459 304/475/460 309/476/461
f 309/476/461 304/475/460 305/477/462
f 309/476/461 305/477/462 308/478/463
f 308/478/463 305/477/462 306/479/464
f 308/478/463 306/479/464 307/480/465
f 149/464/449 148/481/466 299/465/450
f 299/465/450 148/481/466 298/482/467
f 298/482/467 148/481/466 147/483/468
f 298/482/467 147/483/468 297/484/469
f 297/484/469 147/483/468 146/485/470
f 297/484/469 146/485/470 296/486/471
f 296/486/471 146/485/470 145/487/472
f 296/486/471 145/487/472 295/488/473
f 295/488/473 145/487/472 144/489/474
f 318/490/475 224/491/476 320/492/477
f 320/492/477 224/491/476 195/493/478
f 320/492/477 195/493/478 319/494/479
f 319/494/479 195/493/478 194/495/480
f 319/494/479 194/495/480 321/496/481
f 321/496/481 194/495/480 193/497/482
f 321/496/481 193/497/482 323/498/483
f 323/498/483 193/497/482 192/499/484
f 323/498/483 192/499/484 325/500/485
f 325/500/485 192/499/484 191/501/486
f 325/500/485 191/501/486 184/502/487
f 184/502/487 314/503/488 325/500/485
f 325/500/485 314/503/488 326/504/489
f 325/500/485 326/504/489 323/498/483
f 323/498/483 326/504/489 324/505/490
f 323/498/483 324/505/490 321/496/481
f 321/496/481 324/505/490 322/506/491
f 321/496/481 322/506/491 319/494/479
f 319/494/479 322/506/491 320/492/477
f 314/503/488 315/507/492 326/504/489
f 326/504/489 315/507/492 324/505/490
f 315/507/492 316/508/493 324/505/490
f 324/505/490 316/508/493 322/506/491
f 316/508/493 317/509/494 322/506/491
f 322/506/491 317/509/494 320/492/477
f 317/509/494 318/490/475 320/492/477
f 143/510/495 142/511/496 336/512/497
f 336/512/497 142/511/496 335/513/498
f 335/513/498 142/511/496 334/514/499
f 334/514/499 142/511/496 333/515/500
f 333/515/500 142/511/496 332/516/501
f 332/516/501 142/511/496 331/517/502
f 331/517/502 142/511/496 330/518/503
f 330/518/503 142/511/496 329/519/504
f 329/519/504 142/511/496 328/520/505
f 328/520/505 142/511/496 327/521/506
f 136/522/507 109/523/508 337/524/509
f 337/524/509 109/523/508 108/525/510
f 338/526/511 339/527/512 341/528/513
f 341/528/513 339/527/512 340/529/514
f 161/530/515 160/531/516 342/532/517
f 342/532/517 160/531/516 307/533/465
f 342/532/517 307/533/465 306/534/518
f 184/535/317 178/536/519 314/537/520
f 314/537/520 178/536/519 348/538/521
f 348/538/521 178/536/519 347/539/522
f 347/539/522 178/536/519 344/540/523
f 347/539/522 344/540/523 346/541/524
f 346/541/524 344/540/523 345/542/525
f 178/536/519 343/543/526 344/540/523
f 341/544/513 340/545/514 361/546/527
f 361/546/527 340/545/514 360/547/528
f 360/547/528 340/545/514 367/548/529
f 360/547/528 367/548/529 368/549/530
f 368/549/530 367/548/529 377/550/531
f 368/549/530 377/550/531 378/551/532
f 378/551/532 377/550/531 387/552/533
f 378/551/532 387/552/533 388/553/534
f 388/553/534 387/552/533 397/554/535
f 388/553/534 397/554/535 354/555/536
f 354/555/536 397/554/535 353/556/537
f 353/556/537 397/554/535 306/557/518
f 306/557/518 397/554/535 396/558/538
f 306/557/518 396/558/538 395/559/539
f 395/559/539 396/558/538 386/560/540
f 395/559/539 386/560/540 385/561/541
f 385/561/541 386/560/540 376/562/542
f 385/561/541 376/562/542 375/563/543
f 375/563/543 376/562/542 366/564/544
f 375/563/543 366/564/544 365/565/545
f 365/565/545 366/564/544 340/545/514
f 365/565/545 340/545/514 364/566/546
f 364/566/546 340/545/514 363/567/547
f 364/566/546 363/567/547 373/568/548
f 373/568/548 363/567/547 372/569/549
f 373/568/548 372/569/549 382/570/550
f 382/570/550 372/569/549 381/571/551
f 382/570/550 381/571/551 391/572/552
f 391/572/552 381/571/551 390/573/553
f 391/572/552 390/573/553 342/574/554
f 342/574/554 390/573/553 389/575/555
f 342/574/554 389/575/555 352/576/556
f 352/576/556 389/575/555 351/577/557
f 351/577/557 389/575/555 380/578/558
f 351/577/557 380/578/558 350/579/559
f 350/579/559 380/578/558 371/580/560
f 350/579/559 371/580/560 349/581/561
f 349/581/561 371/580/560 362/582/562
f 349/581/561 362/582/562 340/545/514
f 340/545/514 362/582/562 363/567/547
f 306/557/518 393/583/563 342/574/554
f 342/574/554 393/583/563 392/584/564
f 342/574/554 392/584/564 391/572/552
f 391/572/552 392/584/564 382/570/550
f 354/555/536 355/585/565 388/553/534
f 388/553/534 355/585/565 356/586/566
f 388/553/534 356/586/566 379/587/567
f 379/587/567 356/586/566 357/588/568
f 379/587/567 357/588/568 358/589/569
f 379/587/567 358/589/569 370/590/570
f 370/590/570 358/589/569 359/591/571
f 370/590/570 359/591/571 369/592/572
f 369/592/572 359/591/571 360/547/528
f 369/592/572 360/547/528 368/549/530
f 372/569/549 363/567/547 362/582/562
f 372/569/549 362/582/562 371/580/560
f 367/548/529 340/545/514 366/564/544
f 365/565/545 364/566/546 374/593/573
f 374/593/573 364/566/546 373/568/548
f 374/593/573 373/568/548 383/594/574
f 383/594/574 373/568/548 382/570/550
f 383/594/574 382/570/550 392/584/564
f 377/550/531 367/548/529 376/562/542
f 376/562/542 367/548/529 366/564/544
f 379/587/567 370/590/570 369/592/572
f 379/587/567 369/592/572 378/551/532
f 378/551/532 369/592/572 368/549/530
f 381/571/551 372/569/549 371/580/560
f 381/571/551 371/580/560 380/578/558
f 365/565/545 374/593/573 375/563/543
f 375/563/543 374/593/573 384/595/575
f 375/563/543 384/595/575 385/561/541
f 385/561/541 384/595/575 394/596/576
f 385/561/541 394/596/576 395/559/539
f 395/559/539 394/596/576 306/557/518
f 384/595/575 374/593/573 383/594/574
f 387/552/533 377/550/531 386/560/540
f 386/560/540 377/550/531 376/562/542
f 388/553/534 379/587/567 378/551/532
f 390/573/553 381/571/551 380/578/558
f 390/573/553 380/578/558 389/575/555
f 392/584/564 393/583/563 383/594/574
f 383/594/574 393/583/563 384/595/575
f 397/554/535 387/552/533 396/558/538
f 396/558/538 387/552/533 386/560/540
f 306/557/518 394/596/576 393/583/563
f 393/583/563 394/596/576 384/595/575
f 398/597/577 408/598/578 339/599/512
f 339/599/512 408/598/578 409/600/579
f 339/599/512 409/600/579 410/601/580
f 410/601/580 409/600/579 422/602/581
f 410/601/580 422/602/581 423/603/582
f 423/603/582 422/602/581 434/604/583
f 423/603/582 434/604/583 435/605/584
f 435/605/584 434/604/583 446/606/585
f 435/605/584 446/606/585 447/607/586
f 447/607/586 446/606/585 403/608/587
f 447/607/586 403/608/587 448/609/588
f 448/609/588 403/608/587 449/610/589
f 448/609/588 449/610/589 437/611/590
f 437/611/590 449/610/589 438/612/591
f 437/611/590 438/612/591 426/613/592
f 426/613/592 438/612/591 427/614/593
f 426/613/592 427/614/593 414/615/594
f 414/615/594 427/614/593 415/616/595
f 414/615/594 415/616/595 340/617/514
f 340/617/514 415/616/595 416/618/596
f 340/617/514 416/618/596 417/619/597
f 417/619/597 416/618/596 429/620/598
f 417/619/597 429/620/598 430/621/599
f 430/621/599 429/620/598 441/622/600
f 430/621/599 441/622/600 442/623/601
f 442/623/601 441/622/600 453/624/602
f 442/623/601 453/624/602 454/625/603
f 454/625/603 453/624/602 343/626/526
f 454/625/603 343/626/526 455/627/604
f 455/627/604 343/626/526 404/628/605
f 455/627/604 404/628/605 405/629/606
f 398/597/577 399/630/607 408/598/578
f 408/598/578 399/630/607 420/631/608
f 408/598/578 420/631/608 421/632/609
f 421/632/609 420/631/608 432/633/610
f 421/632/609 432/633/610 433/634/611
f 433/634/611 432/633/610 444/635/612
f 433/634/611 444/635/612 445/636/613
f 445/636/613 444/635/612 403/608/587
f 445/636/613 403/608/587 446/606/585
f 399/630/607 400/637/614 420/631/608
f 420/631/608 400/637/614 401/638/615
f 420/631/608 401/638/615 432/633/610
f 432/633/610 401/638/615 402/639/616
f 432/633/610 402/639/616 444/635/612
f 444/635/612 402/639/616 403/608/587
f 344/640/617 343/626/526 403/608/587
f 403/608/587 343/626/526 449/610/589
f 455/627/604 405/629/606 443/641/618
f 443/641/618 405/629/606 406/642/619
f 443/641/618 406/642/619 431/643/620
f 431/643/620 406/642/619 419/644/621
f 431/643/620 419/644/621 418/645/622
f 418/645/622 419/644/621 340/617/514
f 418/645/622 340/617/514 417/619/597
f 406/642/619 407/646/623 419/644/621
f 419/644/621 407/646/623 340/617/514
f 340/617/514 339/599/512 414/615/594
f 414/615/594 339/599/512 413/647/624
f 414/615/594 413/647/624 426/613/592
f 426/613/592 413/647/624 425/648/625
f 426/613/592 425/648/625 437/611/590
f 437/611/590 425/648/625 436/649/626
f 437/611/590 436/649/626 448/609/588
f 448/609/588 436/649/626 447/607/586
f 454/625/603 455/627/604 443/641/618
f 422/602/581 409/600/579 421/632/609
f 421/632/609 409/600/579 408/598/578
f 410/601/580 411/650/627 339/599/512
f 339/599/512 411/650/627 412/651/628
f 339/599/512 412/651/628 413/647/624
f 413/647/624 412/651/628 425/648/625
f 410/601/580 423/603/582 411/650/627
f 411/650/627 423/603/582 424/652/629
f 411/650/627 424/652/629 412/651/628
f 412/651/628 424/652/629 425/648/625
f 416/618/596 415/616/595 428/653/630
f 428/653/630 415/616/595 427/614/593
f 428/653/630 427/614/593 439/654/631
f 439/654/631 427/614/593 438/612/591
f 439/654/631 438/612/591 450/655/632
f 450/655/632 438/612/591 449/610/589
f 450/655/632 449/610/589 343/626/526
f 431/643/620 418/645/622 430/621/599
f 430/621/599 418/645/622 417/619/597
f 434/604/583 422/602/581 433/634/611
f 433/634/611 422/602/581 421/632/609
f 436/649/626 425/648/625 424/652/629
f 436/649/626 424/652/629 435/605/584
f 435/605/584 424/652/629 423/603/582
f 416/618/596 428/653/630 429/620/598
f 429/620/598 428/653/630 440/656/633
f 429/620/598 440/656/633 441/622/600
f 441/622/600 440/656/633 452/657/634
f 441/622/600 452/657/634 453/624/602
f 453/624/602 452/657/634 343/626/526
f 440/656/633 428/653/630 439/654/631
f 443/641/618 431/643/620 442/623/601
f 442/623/601 431/643/620 430/621/599
f 446/606/585 434/604/583 445/636/613
f 445/636/613 434/604/583 433/634/611
f 447/607/586 436/649/626 435/605/584
f 440/656/633 439/654/631 451/658/635
f 451/658/635 439/654/631 450/655/632
f 451/658/635 450/655/632 343/626/526
f 454/625/603 443/641/618 442/623/601
f 343/626/526 452/657/634 451/658/635
f 451/658/635 452/657/634 440/656/633
f 349/659/636 340/660/514 461/661/637
f 461/661/637 340/660/514 407/662/638
f 461/661/637 407/662/638 465/663/639
f 465/663/639 407/662/638 406/664/640
f 465/663/639 406/664/640 468/665/641
f 468/665/641 406/664/640 405/666/606
f 468/665/641 405/666/606 470/667/642
f 470/667/642 405/666/606 404/668/643
f 470/667/642 404/668/643 456/669/644
f 456/669/644 404/668/643 343/670/645
f 456/669/644 457/671/646 470/667/642
f 470/667/642 457/671/646 468/665/641
f 468/665/641 457/671/646 469/672/647
f 469/672/647 457/671/646 458/673/648
f 469/672/647 458/673/648 466/674/649
f 466/674/649 458/673/648 467/675/650
f 466/674/649 467/675/650 462/676/651
f 462/676/651 467/675/650 463/677/652
f 462/676/651 463/677/652 350/678/653
f 350/678/653 463/677/652 351/679/654
f 351/679/654 463/677/652 464/680/655
f 351/679/654 464/680/655 352/681/656
f 352/681/656 464/680/655 460/682/657
f 352/681/656 460/682/657 342/683/658
f 458/673/648 459/684/659 467/675/650
f 467/675/650 459/684/659 463/677/652
f 463/677/652 459/684/659 464/680/655
f 464/680/655 459/684/659 460/682/657
f 350/678/653 349/659/636 462/676/651
f 462/676/651 349/659/636 461/661/637
f 462/676/651 461/661/637 466/674/649
f 466/674/649 461/661/637 465/663/639
f 466/674/649 465/663/639 469/672/647
f 469/672/647 465/663/639 468/665/641
f 175/685/660 165/686/661 458/687/662
f 458/687/662 165/686/661 164/688/663
f 458/687/662 164/688/663 459/689/664
f 459/689/664 164/688/663 163/690/665
f 459/689/664 163/690/665 460/691/666
f 460/691/666 163/690/665 162/692/667
f 460/691/666 162/692/667 342/693/668
f 342/693/668 162/692/667 161/694/669
f 458/687/662 457/695/670 175/685/660
f 175/685/660 457/695/670 176/696/671
f 176/696/671 457/695/670 456/697/672
f 176/696/671 456/697/672 177/698/673
f 177/698/673 456/697/672 343/699/674
f 177/698/673 343/699/674 178/700/519
f 480/701/675 346/702/676 482/703/677
f 482/703/677 346/702/676 345/704/525
f 482/703/677 345/704/525 481/705/678
f 481/705/678 345/704/525 471/706/679
f 481/705/678 471/706/679 472/707/680
f 481/705/678 472/707/680 483/708/681
f 483/708/681 472/707/680 473/709/682
f 483/708/681 473/709/682 474/710/683
f 483/708/681 474/710/683 485/711/684
f 485/711/684 474/710/683 475/712/685
f 485/711/684 475/712/685 487/713/686
f 487/713/686 475/712/685 476/714/687
f 487/713/686 476/714/687 488/715/688
f 488/715/688 476/714/687 293/716/689
f 488/715/688 293/716/689 477/717/690
f 476/714/687 294/718/691 293/716/689
f 477/717/690 478/719/692 488/715/688
f 488/715/688 478/719/692 486/720/693
f 488/715/688 486/720/693 487/713/686
f 487/713/686 486/720/693 485/711/684
f 478/719/692 479/721/694 486/720/693
f 486/720/693 479/721/694 484/722/695
f 486/720/693 484/722/695 485/711/684
f 485/711/684 484/722/695 483/708/681
f 484/722/695 479/721/694 482/703/677
f 482/703/677 479/721/694 480/701/675
f 484/722/695 482/703/677 481/705/678
f 484/722/695 481/705/678 483/708/681
f 141/723/696 496/724/697 142/725/698
f 142/725/698 496/724/697 497/726/699
f 142/725/698 497/726/699 498/727/700
f 498/727/700 497/726/699 508/728/701
f 498/727/700 508/728/701 509/729/702
f 509/729/702 508/728/701 519/730/703
f 509/729/702 519/730/703 520/731/704
f 520/731/704 519/730/703 530/732/705
f 520/731/704 530/732/705 531/733/706
f 531/733/706 530/732/705 542/734/707
f 531/733/706 542/734/707 543/735/708
f 543/735/708 542/734/707 136/736/709
f 543/735/708 136/736/709 544/737/710
f 544/737/710 136/736/709 545/738/711
f 544/737/710 545/738/711 533/739/712
f 533/739/712 545/738/711 534/740/713
f 533/739/712 534/740/713 523/741/714
f 523/741/714 534/740/713 524/742/715
f 523/741/714 524/742/715 513/743/716
f 513/743/716 524/742/715 514/744/717
f 513/743/716 514/744/717 503/745/718
f 503/745/718 514/744/717 504/746/719
f 503/745/718 504/746/719 495/747/720
f 495/747/720 504/746/719 505/748/721
f 495/747/720 505/748/721 506/749/722
f 506/749/722 505/748/721 516/750/723
f 506/749/722 516/750/723 517/751/724
f 517/751/724 516/750/723 527/752/725
f 517/751/724 527/752/725 528/753/726
f 528/753/726 527/752/725 538/754/727
f 528/753/726 538/754/727 539/755/728
f 539/755/728 538/754/727 550/756/729
f 539/755/728 550/756/729 491/757/730
f 491/757/730 550/756/729 490/758/731
f 490/758/731 550/756/729 489/759/732
f 489/759/732 550/756/729 337/760/509
f 337/760/509 550/756/729 549/761/733
f 337/760/509 549/761/733 548/762/734
f 548/762/734 549/761/733 537/763/735
f 548/762/734 537/763/735 536/764/736
f 536/764/736 537/763/735 526/765/737
f 536/764/736 526/765/737 525/766/738
f 525/766/738 526/765/737 515/767/739
f 525/766/738 515/767/739 514/744/717
f 514/744/717 515/767/739 504/746/719
f 141/723/696 140/768/740 496/724/697
f 496/724/697 140/768/740 507/769/741
f 496/724/697 507/769/741 497/726/699
f 497/726/699 507/769/741 508/728/701
f 140/768/740 139/770/742 507/769/741
f 507/769/741 139/770/742 518/771/743
f 507/769/741 518/771/743 508/728/701
f 508/728/701 518/771/743 519/730/703
f 139/770/742 138/772/744 518/771/743
f 518/771/743 138/772/744 529/773/745
f 518/771/743 529/773/745 519/730/703
f 519/730/703 529/773/745 530/732/705
f 138/772/744 137/774/746 529/773/745
f 529/773/745 137/774/746 540/775/747
f 529/773/745 540/775/747 541/776/748
f 541/776/748 540/775/747 136/736/709
f 541/776/748 136/736/709 542/734/707
f 137/774/746 136/736/709 540/775/747
f 136/736/709 337/760/509 545/738/711
f 545/738/711 337/760/509 546/777/749
f 545/738/711 546/777/749 534/740/713
f 534/740/713 546/777/749 535/778/750
f 534/740/713 535/778/750 524/742/715
f 524/742/715 535/778/750 525/766/738
f 524/742/715 525/766/738 514/744/717
f 491/757/730 492/779/751 539/755/728
f 539/755/728 492/779/751 528/753/726
f 492/779/751 493/780/752 528/753/726
f 528/753/726 493/780/752 517/751/724
f 493/780/752 494/781/753 517/751/724
f 517/751/724 494/781/753 506/749/722
f 494/781/753 495/747/720 506/749/722
f 327/782/754 142/725/698 495/747/720
f 495/747/720 142/725/698 501/783/755
f 495/747/720 501/783/755 502/784/756
f 502/784/756 501/783/755 512/785/757
f 502/784/756 512/785/757 513/743/716
f 513/743/716 512/785/757 523/741/714
f 498/727/700 499/786/758 142/725/698
f 142/725/698 499/786/758 500/787/759
f 142/725/698 500/787/759 501/783/755
f 501/783/755 500/787/759 511/788/760
f 501/783/755 511/788/760 512/785/757
f 512/785/757 511/788/760 522/789/761
f 512/785/757 522/789/761 523/741/714
f 523/741/714 522/789/761 533/739/712
f 498/727/700 509/729/702 499/786/758
f 499/786/758 509/729/702 510/790/762
f 499/786/758 510/790/762 500/787/759
f 500/787/759 510/790/762 511/788/760
f 503/745/718 495/747/720 502/784/756
f 513/743/716 503/745/718 502/784/756
f 516/750/723 505/748/721 515/767/739
f 515/767/739 505/748/721 504/746/719
f 509/729/702 520/731/704 510/790/762
f 510/790/762 520/731/704 521/791/763
f 510/790/762 521/791/763 511/788/760
f 511/788/760 521/791/763 522/789/761
f 527/752/725 516/750/723 526/765/737
f 526/765/737 516/750/723 515/767/739
f 520/731/704 531/733/706 521/791/763
f 521/791/763 531/733/706 532/792/764
f 521/791/763 532/792/764 522/789/761
f 522/789/761 532/792/764 533/739/712
f 536/764/736 525/766/738 535/778/750
f 538/754/727 527/752/725 537/763/735
f 537/763/735 527/752/725 526/765/737
f 542/734/707 530/732/705 541/776/748
f 541/776/748 530/732/705 529/773/745
f 544/737/710 533/739/712 532/792/764
f 544/737/710 532/792/764 543/735/708
f 543/735/708 532/792/764 531/733/706
f 536/764/736 535/778/750 547/793/765
f 547/793/765 535/778/750 546/777/749
f 547/793/765 546/777/749 337/760/509
f 550/756/729 538/754/727 549/761/733
f 549/761/733 538/754/727 537/763/735
f 337/760/509 548/762/734 547/793/765
f 547/793/765 548/762/734 536/764/736
f 551/794/766 577/795/767 328/796/768
f 328/796/768 577/795/767 578/797/769
f 328/796/768 578/797/769 579/798/770
f 579/798/770 578/797/769 594/799/771
f 579/798/770 594/799/771 595/800/772
f 595/800/772 594/799/771 610/801/773
f 595/800/772 610/801/773 611/802/774
f 611/802/774 610/801/773 626/803/775
f 611/802/774 626/803/775 627/804/776
f 627/804/776 626/803/775 642/805/777
f 627/804/776 642/805/777 643/806/778
f 643/806/778 642/805/777 658/807/779
f 643/806/778 658/807/779 659/808/780
f 659/808/780 658/807/779 674/809/781
f 659/808/780 674/809/781 675/810/782
f 675/810/782 674/809/781 690/811/783
f 675/810/782 690/811/783 691/812/784
f 691/812/784 690/811/783 706/813/785
f 691/812/784 706/813/785 707/814/786
f 707/814/786 706/813/785 722/815/787
f 707/814/786 722/815/787 723/816/788
f 723/816/788 722/815/787 738/817/789
f 723/816/788 738/817/789 739/818/790
f 739/818/790 738/817/789 754/819/791
f 739/818/790 754/819/791 755/820/792
f 755/820/792 754/819/791 770/821/793
f 755/820/792 770/821/793 771/822/794
f 771/822/794 770/821/793 338/823/795
f 771/822/794 338/823/795 772/824/796
f 772/824/796 338/823/795 773/825/797
f 772/824/796 773/825/797 757/826/798
f 757/826/798 773/825/797 758/827/799
f 757/826/798 758/827/799 742/828/800
f 742/828/800 758/827/799 743/829/801
f 742/828/800 743/829/801 727/830/802
f 727/830/802 743/829/801 728/831/803
f 727/830/802 728/831/803 712/832/804
f 712/832/804 728/831/803 713/833/805
f 712/832/804 713/833/805 697/834/806
f 697/834/806 713/833/805 698/835/807
f 697/834/806 698/835/807 682/836/808
f 682/836/808 698/835/807 683/837/809
f 682/836/808 683/837/809 667/838/810
f 667/838/810 683/837/809 668/839/811
f 667/838/810 668/839/811 652/840/812
f 652/840/812 668/839/811 653/841/813
f 652/840/812 653/841/813 637/842/814
f 637/842/814 653/841/813 638/843/815
f 637/842/814 638/843/815 622/844/816
f 622/844/816 638/843/815 623/845/817
f 622/844/816 623/845/817 607/846/818
f 607/846/818 623/845/817 608/847/819
f 607/846/818 608/847/819 592/848/820
f 592/848/820 608/847/819 576/849/821
f 592/848/820 576/849/821 329/850/822
f 551/794/766 552/851/823 577/795/767
f 577/795/767 552/851/823 593/852/824
f 577/795/767 593/852/824 578/797/769
f 578/797/769 593/852/824 594/799/771
f 552/851/823 553/853/825 593/852/824
f 593/852/824 553/853/825 609/854/826
f 593/852/824 609/854/826 594/799/771
f 594/799/771 609/854/826 610/801/773
f 553/853/825 554/855/827 609/854/826
f 609/854/826 554/855/827 625/856/828
f 609/854/826 625/856/828 610/801/773
f 610/801/773 625/856/828 626/803/775
f 554/855/827 555/857/829 625/856/828
f 625/856/828 555/857/829 641/858/830
f 625/856/828 641/858/830 626/803/775
f 626/803/775 641/858/830 642/805/777
f 555/857/829 556/859/831 641/858/830
f 641/858/830 556/859/831 657/860/832
f 641/858/830 657/860/832 642/805/777
f 642/805/777 657/860/832 658/807/779
f 556/859/831 557/861/833 657/860/832
f 657/860/832 557/861/833 673/862/834
f 657/860/832 673/862/834 658/807/779
f 658/807/779 673/862/834 674/809/781
f 557/861/833 558/863/835 673/862/834
f 673/862/834 558/863/835 689/864/836
f 673/862/834 689/864/836 674/809/781
f 674/809/781 689/864/836 690/811/783
f 558/863/835 559/865/837 689/864/836
f 689/864/836 559/865/837 705/866/838
f 689/864/836 705/866/838 690/811/783
f 690/811/783 705/866/838 706/813/785
f 559/865/837 560/867/839 705/866/838
f 705/866/838 560/867/839 721/868/840
f 705/866/838 721/868/840 706/813/785
f 706/813/785 721/868/840 722/815/787
f 560/867/839 561/869/841 721/868/840
f 721/868/840 561/869/841 737/870/842
f 721/868/840 737/870/842 722/815/787
f 722/815/787 737/870/842 738/817/789
f 561/869/841 562/871/843 737/870/842
f 737/870/842 562/871/843 753/872/844
f 737/870/842 753/872/844 738/817/789
f 738/817/789 753/872/844 754/819/791
f 562/871/843 563/873/845 753/872/844
f 753/872/844 563/873/845 769/874/846
f 753/872/844 769/874/846 754/819/791
f 754/819/791 769/874/846 770/821/793
f 563/873/845 338/823/795 769/874/846
f 769/874/846 338/823/795 770/821/793
f 341/875/513 777/876/847 338/823/795
f 338/823/795 777/876/847 776/877/848
f 338/823/795 776/877/848 775/878/849
f 775/878/849 776/877/848 760/879/850
f 775/878/849 760/879/850 759/880/851
f 759/880/851 760/879/850 744/881/852
f 759/880/851 744/881/852 743/829/801
f 743/829/801 744/881/852 728/831/803
f 564/882/853 784/883/854 341/875/513
f 341/875/513 784/883/854 783/884/855
f 341/875/513 783/884/855 782/885/856
f 782/885/856 783/884/855 767/886/857
f 782/885/856 767/886/857 766/887/858
f 766/887/858 767/886/857 751/888/859
f 766/887/858 751/888/859 750/889/860
f 750/889/860 751/888/859 735/890/861
f 750/889/860 735/890/861 734/891/862
f 734/891/862 735/890/861 719/892/863
f 734/891/862 719/892/863 718/893/864
f 718/893/864 719/892/863 703/894/865
f 718/893/864 703/894/865 702/895/866
f 702/895/866 703/894/865 687/896/867
f 702/895/866 687/896/867 686/897/868
f 686/897/868 687/896/867 671/898/869
f 686/897/868 671/898/869 670/899/870
f 670/899/870 671/898/869 655/900/871
f 670/899/870 655/900/871 654/901/872
f 654/901/872 655/900/871 639/902/873
f 654/901/872 639/902/873 638/843/815
f 638/843/815 639/902/873 623/845/817
f 564/882/853 565/903/874 784/883/854
f 784/883/854 565/903/874 768/904/875
f 784/883/854 768/904/875 783/884/855
f 783/884/855 768/904/875 767/886/857
f 565/903/874 566/905/876 768/904/875
f 768/904/875 566/905/876 752/906/877
f 768/904/875 752/906/877 767/886/857
f 767/886/857 752/906/877 751/888/859
f 566/905/876 567/907/878 752/906/877
f 752/906/877 567/907/878 736/908/879
f 752/906/877 736/908/879 751/888/859
f 751/888/859 736/908/879 735/890/861
f 567/907/878 568/909/880 736/908/879
f 736/908/879 568/909/880 720/910/881
f 736/908/879 720/910/881 735/890/861
f 735/890/861 720/910/881 719/892/863
f 568/909/880 569/911/882 720/910/881
f 720/910/881 569/911/882 704/912/883
f 720/910/881 704/912/883 719/892/863
f 719/892/863 704/912/883 703/894/865
f 569/911/882 570/913/884 704/912/883
f 704/912/883 570/913/884 688/914/885
f 704/912/883 688/914/885 703/894/865
f 703/894/865 688/914/885 687/896/867
f 570/913/884 571/915/886 688/914/885
f 688/914/885 571/915/886 672/916/887
f 688/914/885 672/916/887 687/896/867
f 687/896/867 672/916/887 671/898/869
f 571/915/886 572/917/888 672/916/887
f 672/916/887 572/917/888 656/918/889
f 672/916/887 656/918/889 671/898/869
f 671/898/869 656/918/889 655/900/871
f 572/917/888 573/919/890 656/918/889
f 656/918/889 573/919/890 640/920/891
f 656/918/889 640/920/891 655/900/871
f 655/900/871 640/920/891 639/902/873
f 573/919/890 574/921/892 640/920/891
f 640/920/891 574/921/892 624/922/893
f 640/920/891 624/922/893 639/902/873
f 639/902/873 624/922/893 623/845/817
f 574/921/892 575/923/894 624/922/893
f 624/922/893 575/923/894 608/847/819
f 624/922/893 608/847/819 623/845/817
f 575/923/894 576/849/821 608/847/819
f 328/796/768 584/924/895 329/850/822
f 329/850/822 584/924/895 585/925/896
f 329/850/822 585/925/896 586/926/897
f 586/926/897 585/925/896 601/927/898
f 586/926/897 601/927/898 602/928/899
f 602/928/899 601/927/898 617/929/900
f 602/928/899 617/929/900 618/930/901
f 618/930/901 617/929/900 633/931/902
f 618/930/901 633/931/902 634/932/903
f 634/932/903 633/931/902 649/933/904
f 634/932/903 649/933/904 650/934/905
f 650/934/905 649/933/904 665/935/906
f 650/934/905 665/935/906 666/936/907
f 666/936/907 665/935/906 681/937/908
f 666/936/907 681/937/908 682/836/808
f 682/836/808 681/937/908 697/834/806
f 579/798/770 580/938/909 328/796/768
f 328/796/768 580/938/909 581/939/910
f 328/796/768 581/939/910 582/940/911
f 582/940/911 581/939/910 597/941/912
f 582/940/911 597/941/912 598/942/913
f 598/942/913 597/941/912 613/943/914
f 598/942/913 613/943/914 614/944/915
f 614/944/915 613/943/914 629/945/916
f 614/944/915 629/945/916 630/946/917
f 630/946/917 629/945/916 645/947/918
f 630/946/917 645/947/918 646/948/919
f 646/948/919 645/947/918 661/949/920
f 646/948/919 661/949/920 662/950/921
f 662/950/921 661/949/920 677/951/922
f 662/950/921 677/951/922 678/952/923
f 678/952/923 677/951/922 693/953/924
f 678/952/923 693/953/924 694/954/925
f 694/954/925 693/953/924 709/955/926
f 694/954/925 709/955/926 710/956/927
f 710/956/927 709/955/926 725/957/928
f 710/956/927 725/957/928 726/958/929
f 726/958/929 725/957/928 741/959/930
f 726/958/929 741/959/930 742/828/800
f 742/828/800 741/959/930 757/826/798
f 579/798/770 595/800/772 580/938/909
f 580/938/909 595/800/772 596/960/931
f 580/938/909 596/960/931 581/939/910
f 581/939/910 596/960/931 597/941/912
f 584/924/895 328/796/768 583/961/932
f 583/961/932 328/796/768 582/940/911
f 583/961/932 582/940/911 598/942/913
f 584/924/895 583/961/932 599/962/933
f 599/962/933 583/961/932 598/942/913
f 599/962/933 598/942/913 614/944/915
f 585/925/896 584/924/895 600/963/934
f 600/963/934 584/924/895 599/962/933
f 600/963/934 599/962/933 615/964/935
f 615/964/935 599/962/933 614/944/915
f 615/964/935 614/944/915 630/946/917
f 586/926/897 587/965/936 329/850/822
f 329/850/822 587/965/936 588/966/937
f 329/850/822 588/966/937 589/967/938
f 589/967/938 588/966/937 604/968/939
f 589/967/938 604/968/939 605/969/940
f 605/969/940 604/968/939 620/970/941
f 605/969/940 620/970/941 621/971/942
f 621/971/942 620/970/941 636/972/943
f 621/971/942 636/972/943 637/842/814
f 637/842/814 636/972/943 652/840/812
f 586/926/897 602/928/899 587/965/936
f 587/965/936 602/928/899 603/973/944
f 587/965/936 603/973/944 588/966/937
f 588/966/937 603/973/944 604/968/939
f 589/967/938 590/974/945 329/850/822
f 329/850/822 590/974/945 591/975/946
f 329/850/822 591/975/946 592/848/820
f 592/848/820 591/975/946 607/846/818
f 589/967/938 605/969/940 590/974/945
f 590/974/945 605/969/940 606/976/947
f 590/974/945 606/976/947 591/975/946
f 591/975/946 606/976/947 607/846/818
f 595/800/772 611/802/774 596/960/931
f 596/960/931 611/802/774 612/977/948
f 596/960/931 612/977/948 597/941/912
f 597/941/912 612/977/948 613/943/914
f 585/925/896 600/963/934 601/927/898
f 601/927/898 600/963/934 616/978/949
f 601/927/898 616/978/949 617/929/900
f 617/929/900 616/978/949 632/979/950
f 617/929/900 632/979/950 633/931/902
f 633/931/902 632/979/950 648/980/951
f 633/931/902 648/980/951 649/933/904
f 649/933/904 648/980/951 664/981/952
f 649/933/904 664/981/952 665/935/906
f 665/935/906 664/981/952 680/982/953
f 665/935/906 680/982/953 681/937/908
f 681/937/908 680/982/953 696/983/954
f 681/937/908 696/983/954 697/834/806
f 697/834/806 696/983/954 712/832/804
f 616/978/949 600/963/934 615/964/935
f 602/928/899 618/930/901 603/973/944
f 603/973/944 618/930/901 619/984/955
f 603/973/944 619/984/955 604/968/939
f 604/968/939 619/984/955 620/970/941
f 622/844/816 607/846/818 606/976/947
f 622/844/816 606/976/947 621/971/942
f 621/971/942 606/976/947 605/969/940
f 611/802/774 627/804/776 612/977/948
f 612/977/948 627/804/776 628/985/956
f 612/977/948 628/985/956 613/943/914
f 613/943/914 628/985/956 629/945/916
f 616/978/949 615/964/935 631/986/957
f 631/986/957 615/964/935 630/946/917
f 631/986/957 630/946/917 646/948/919
f 618/930/901 634/932/903 619/984/955
f 619/984/955 634/932/903 635/987/958
f 619/984/955 635/987/958 620/970/941
f 620/970/941 635/987/958 636/972/943
f 637/842/814 622/844/816 621/971/942
f 627/804/776 643/806/778 628/985/956
f 628/985/956 643/806/778 644/988/959
f 628/985/956 644/988/959 629/945/916
f 629/945/916 644/988/959 645/947/918
f 616/978/949 631/986/957 632/979/950
f 632/979/950 631/986/957 647/989/960
f 632/979/950 647/989/960 648/980/951
f 648/980/951 647/989/960 663/990/961
f 648/980/951 663/990/961 664/981/952
f 664/981/952 663/990/961 679/991/962
f 664/981/952 679/991/962 680/982/953
f 680/982/953 679/991/962 695/992/963
f 680/982/953 695/992/963 696/983/954
f 696/983/954 695/992/963 711/993/964
f 696/983/954 711/993/964 712/832/804
f 712/832/804 711/993/964 727/830/802
f 647/989/960 631/986/957 646/948/919
f 634/932/903 650/934/905 635/987/958
f 635/987/958 650/934/905 651/994/965
f 635/987/958 651/994/965 636/972/943
f 636/972/943 651/994/965 652/840/812
f 654/901/872 638/843/815 653/841/813
f 643/806/778 659/808/780 644/988/959
f 644/988/959 659/808/780 660/995/966
f 644/988/959 660/995/966 645/947/918
f 645/947/918 660/995/966 661/949/920
f 663/990/961 647/989/960 662/950/921
f 662/950/921 647/989/960 646/948/919
f 667/838/810 652/840/812 651/994/965
f 667/838/810 651/994/965 666/936/907
f 666/936/907 651/994/965 650/934/905
f 654/901/872 653/841/813 669/996/967
f 669/996/967 653/841/813 668/839/811
f 669/996/967 668/839/811 684/997/968
f 684/997/968 668/839/811 683/837/809
f 684/997/968 683/837/809 699/998/969
f 699/998/969 683/837/809 698/835/807
f 699/998/969 698/835/807 714/999/970
f 714/999/970 698/835/807 713/833/805
f 714/999/970 713/833/805 729/1000/971
f 729/1000/971 713/833/805 728/831/803
f 729/1000/971 728/831/803 744/881/852
f 659/808/780 675/810/782 660/995/966
f 660/995/966 675/810/782 676/1001/972
f 660/995/966 676/1001/972 661/949/920
f 661/949/920 676/1001/972 677/951/922
f 679/991/962 663/990/961 678/952/923
f 678/952/923 663/990/961 662/950/921
f 682/836/808 667/838/810 666/936/907
f 654/901/872 669/996/967 670/899/870
f 670/899/870 669/996/967 685/1002/973
f 670/899/870 685/1002/973 686/897/868
f 686/897/868 685/1002/973 701/1003/974
f 686/897/868 701/1003/974 702/895/866
f 702/895/866 701/1003/974 717/1004/975
f 702/895/866 717/1004/975 718/893/864
f 718/893/864 717/1004/975 733/1005/976
f 718/893/864 733/1005/976 734/891/862
f 734/891/862 733/1005/976 749/1006/977
f 734/891/862 749/1006/977 750/889/860
f 750/889/860 749/1006/977 765/1007/978
f 750/889/860 765/1007/978 766/887/858
f 766/887/858 765/1007/978 781/1008/979
f 766/887/858 781/1008/979 782/885/856
f 782/885/856 781/1008/979 341/875/513
f 685/1002/973 669/996/967 684/997/968
f 675/810/782 691/812/784 676/1001/972
f 676/1001/972 691/812/784 692/1009/980
f 676/1001/972 692/1009/980 677/951/922
f 677/951/922 692/1009/980 693/953/924
f 695/992/963 679/991/962 694/954/925
f 694/954/925 679/991/962 678/952/923
f 685/1002/973 684/997/968 700/1010/981
f 700/1010/981 684/997/968 699/998/969
f 700/1010/981 699/998/969 715/1011/982
f 715/1011/982 699/998/969 714/999/970
f 715/1011/982 714/999/970 730/1012/983
f 730/1012/983 714/999/970 729/1000/971
f 730/1012/983 729/1000/971 745/1013/984
f 745/1013/984 729/1000/971 744/881/852
f 745/1013/984 744/881/852 760/879/850
f 691/812/784 707/814/786 692/1009/980
f 692/1009/980 707/814/786 708/1014/985
f 692/1009/980 708/1014/985 693/953/924
f 693/953/924 708/1014/985 709/955/926
f 711/993/964 695/992/963 710/956/927
f 710/956/927 695/992/963 694/954/925
f 685/1002/973 700/1010/981 701/1003/974
f 701/1003/974 700/1010/981 716/1015/986
f 701/1003/974 716/1015/986 717/1004/975
f 717/1004/975 716/1015/986 732/1016/987
f 717/1004/975 732/1016/987 733/1005/976
f 733/1005/976 732/1016/987 748/1017/988
f 733/1005/976 748/1017/988 749/1006/977
f 749/1006/977 748/1017/988 764/1018/989
f 749/1006/977 764/1018/989 765/1007/978
f 765/1007/978 764/1018/989 780/1019/990
f 765/1007/978 780/1019/990 781/1008/979
f 781/1008/979 780/1019/990 341/875/513
f 716/1015/986 700/1010/981 715/1011/982
f 707/814/786 723/816/788 708/1014/985
f 708/1014/985 723/816/788 724/1020/991
f 708/1014/985 724/1020/991 709/955/926
f 709/955/926 724/1020/991 725/957/928
f 727/830/802 711/993/964 726/958/929
f 726/958/929 711/993/964 710/956/927
f 716/1015/986 715/1011/982 731/1021/992
f 731/1021/992 715/1011/982 730/1012/983
f 731/1021/992 730/1012/983 746/1022/993
f 746/1022/993 730/1012/983 745/1013/984
f 746/1022/993 745/1013/984 761/1023/994
f 761/1023/994 745/1013/984 760/879/850
f 761/1023/994 760/879/850 776/877/848
f 723/816/788 739/818/790 724/1020/991
f 724/1020/991 739/818/790 740/1024/995
f 724/1020/991 740/1024/995 725/957/928
f 725/957/928 740/1024/995 741/959/930
f 742/828/800 727/830/802 726/958/929
f 716/1015/986 731/1021/992 732/1016/987
f 732/1016/987 731/1021/992 747/1025/996
f 732/1016/987 747/1025/996 748/1017/988
f 748/1017/988 747/1025/996 763/1026/997
f 748/1017/988 763/1026/997 764/1018/989
f 764/1018/989 763/1026/997 779/1027/998
f 764/1018/989 779/1027/998 780/1019/990
f 780/1019/990 779/1027/998 341/875/513
f 747/1025/996 731/1021/992 746/1022/993
f 739/818/790 755/820/792 740/1024/995
f 740/1024/995 755/820/792 756/1028/999
f 740/1024/995 756/1028/999 741/959/930
f 741/959/930 756/1028/999 757/826/798
f 759/880/851 743/829/801 758/827/799
f 747/1025/996 746/1022/993 762/1029/1000
f 762/1029/1000 746/1022/993 761/1023/994
f 762/1029/1000 761/1023/994 777/876/847
f 777/876/847 761/1023/994 776/877/848
f 772/824/796 757/826/798 756/1028/999
f 772/824/796 756/1028/999 771/822/794
f 771/822/794 756/1028/999 755/820/792
f 759/880/851 758/827/799 774/1030/1001
f 774/1030/1001 758/827/799 773/825/797
f 774/1030/1001 773/825/797 338/823/795
f 747/1025/996 762/1029/1000 763/1026/997
f 763/1026/997 762/1029/1000 778/1031/1002
f 763/1026/997 778/1031/1002 779/1027/998
f 779/1027/998 778/1031/1002 341/875/513
f 778/1031/1002 762/1029/1000 777/876/847
f 338/823/795 775/878/849 774/1030/1001
f 774/1030/1001 775/878/849 759/880/851
f 341/875/513 778/1031/1002 777/876/847
f 143/1032/1003 336/1033/1004 144/1034/1005
f 144/1034/1005 336/1033/1004 796/1035/1006
f 144/1034/1005 796/1035/1006 785/1036/1007
f 785/1036/1007 796/1035/1006 795/1037/1008
f 785/1036/1007 795/1037/1008 803/1038/1009
f 803/1038/1009 795/1037/1008 794/1039/1010
f 803/1038/1009 794/1039/1010 802/1040/1011
f 802/1040/1011 794/1039/1010 793/1041/1012
f 802/1040/1011 793/1041/1012 801/1042/1013
f 801/1042/1013 793/1041/1012 792/1043/1014
f 801/1042/1013 792/1043/1014 800/1044/1015
f 800/1044/1015 792/1043/1014 791/1045/1016
f 800/1044/1015 791/1045/1016 799/1046/1017
f 799/1046/1017 791/1045/1016 790/1047/1018
f 799/1046/1017 790/1047/1018 798/1048/1019
f 798/1048/1019 790/1047/1018 789/1049/1020
f 798/1048/1019 789/1049/1020 797/1050/1021
f 797/1050/1021 789/1049/1020 576/1051/1022
f 797/1050/1021 576/1051/1022 575/1052/1023
f 336/1033/1004 335/1053/1024 796/1035/1006
f 796/1035/1006 335/1053/1024 795/1037/1008
f 335/1053/1024 334/1054/1025 795/1037/1008
f 795/1037/1008 334/1054/1025 794/1039/1010
f 334/1054/1025 333/1055/1026 794/1039/1010
f 794/1039/1010 333/1055/1026 793/1041/1012
f 333/1055/1026 332/1056/1027 793/1041/1012
f 793/1041/1012 332/1056/1027 792/1043/1014
f 332/1056/1027 331/1057/1028 792/1043/1014
f 792/1043/1014 331/1057/1028 791/1045/1016
f 791/1045/1016 331/1057/1028 790/1047/1018
f 790/1047/1018 331/1057/1028 330/1058/1029
f 790/1047/1018 330/1058/1029 789/1049/1020
f 789/1049/1020 330/1058/1029 329/1059/1030
f 789/1049/1020 329/1059/1030 576/1051/1022
f 797/1050/1021 575/1052/1023 804/1060/1031
f 804/1060/1031 575/1052/1023 574/1061/1032
f 804/1060/1031 574/1061/1032 812/1062/1033
f 812/1062/1033 574/1061/1032 573/1063/1034
f 812/1062/1033 573/1063/1034 820/1064/1035
f 820/1064/1035 573/1063/1034 572/1065/1036
f 820/1064/1035 572/1065/1036 828/1066/1037
f 828/1066/1037 572/1065/1036 571/1067/1038
f 828/1066/1037 571/1067/1038 836/1068/1039
f 836/1068/1039 571/1067/1038 570/1069/1040
f 836/1068/1039 570/1069/1040 843/1070/1041
f 843/1070/1041 570/1069/1040 569/1071/1042
f 843/1070/1041 569/1071/1042 851/1072/1043
f 851/1072/1043 569/1071/1042 568/1073/1044
f 851/1072/1043 568/1073/1044 874/1074/1045
f 874/1074/1045 568/1073/1044 859/1075/1046
f 874/1074/1045 859/1075/1046 860/1076/1047
f 860/1076/1047 859/1075/1046 876/1077/1048
f 860/1076/1047 876/1077/1048 877/1078/1049
f 877/1078/1049 876/1077/1048 885/1079/1050
f 877/1078/1049 885/1079/1050 886/1080/1051
f 886/1080/1051 885/1079/1050 893/1081/1052
f 886/1080/1051 893/1081/1052 894/1082/1053
f 894/1082/1053 893/1081/1052 902/1083/1054
f 894/1082/1053 902/1083/1054 903/1084/1055
f 903/1084/1055 902/1083/1054 356/1085/1056
f 903/1084/1055 356/1085/1056 355/1086/1057
f 568/1073/1044 567/1087/1058 859/1075/1046
f 859/1075/1046 567/1087/1058 875/1088/1059
f 859/1075/1046 875/1088/1059 876/1077/1048
f 876/1077/1048 875/1088/1059 884/1089/1060
f 876/1077/1048 884/1089/1060 885/1079/1050
f 885/1079/1050 884/1089/1060 892/1090/1061
f 885/1079/1050 892/1090/1061 893/1081/1052
f 893/1081/1052 892/1090/1061 901/1091/1062
f 893/1081/1052 901/1091/1062 902/1083/1054
f 902/1083/1054 901/1091/1062 357/1092/1063
f 902/1083/1054 357/1092/1063 356/1085/1056
f 567/1087/1058 566/1093/1064 875/1088/1059
f 875/1088/1059 566/1093/1064 883/1094/1065
f 875/1088/1059 883/1094/1065 884/1089/1060
f 884/1089/1060 883/1094/1065 891/1095/1066
f 884/1089/1060 891/1095/1066 892/1090/1061
f 892/1090/1061 891/1095/1066 900/1096/1067
f 892/1090/1061 900/1096/1067 901/1091/1062
f 901/1091/1062 900/1096/1067 357/1092/1063
f 566/1093/1064 565/1097/1068 883/1094/1065
f 883/1094/1065 565/1097/1068 890/1098/1069
f 883/1094/1065 890/1098/1069 891/1095/1066
f 891/1095/1066 890/1098/1069 899/1099/1070
f 891/1095/1066 899/1099/1070 900/1096/1067
f 900/1096/1067 899/1099/1070 358/1100/1071
f 900/1096/1067 358/1100/1071 357/1092/1063
f 565/1097/1068 564/1101/1072 890/1098/1069
f 890/1098/1069 564/1101/1072 898/1102/1073
f 890/1098/1069 898/1102/1073 899/1099/1070
f 899/1099/1070 898/1102/1073 359/1103/1074
f 899/1099/1070 359/1103/1074 358/1100/1071
f 564/1101/1072 341/1104/1075 898/1102/1073
f 898/1102/1073 341/1104/1075 361/1105/1076
f 898/1102/1073 361/1105/1076 360/1106/1077
f 360/1106/1077 359/1103/1074 898/1102/1073
f 903/1084/1055 355/1086/1057 904/1107/1078
f 904/1107/1078 355/1086/1057 354/1108/1079
f 904/1107/1078 354/1108/1079 788/1109/1080
f 788/1109/1080 354/1108/1079 353/1110/1081
f 788/1109/1080 353/1110/1081 306/1111/1082
f 306/1111/1082 305/1112/1083 788/1109/1080
f 788/1109/1080 305/1112/1083 897/1113/1084
f 788/1109/1080 897/1113/1084 896/1114/1085
f 896/1114/1085 897/1113/1084 889/1115/1086
f 896/1114/1085 889/1115/1086 888/1116/1087
f 888/1116/1087 889/1115/1086 880/1117/1088
f 888/1116/1087 880/1117/1088 879/1118/1089
f 879/1118/1089 880/1117/1088 863/1119/1090
f 879/1118/1089 863/1119/1090 862/1120/1091
f 862/1120/1091 863/1119/1090 871/1121/1092
f 862/1120/1091 871/1121/1092 872/1122/1093
f 872/1122/1093 871/1121/1092 853/1123/1094
f 872/1122/1093 853/1123/1094 852/1124/1095
f 852/1124/1095 853/1123/1094 844/1125/1096
f 852/1124/1095 844/1125/1096 843/1070/1041
f 843/1070/1041 844/1125/1096 836/1068/1039
f 305/1112/1083 304/1126/1097 897/1113/1084
f 897/1113/1084 304/1126/1097 787/1127/1098
f 897/1113/1084 787/1127/1098 889/1115/1086
f 889/1115/1086 787/1127/1098 881/1128/1099
f 889/1115/1086 881/1128/1099 880/1117/1088
f 880/1117/1088 881/1128/1099 864/1129/1100
f 880/1117/1088 864/1129/1100 863/1119/1090
f 863/1119/1090 864/1129/1100 870/1130/1101
f 863/1119/1090 870/1130/1101 871/1121/1092
f 871/1121/1092 870/1130/1101 854/1131/1102
f 871/1121/1092 854/1131/1102 853/1123/1094
f 853/1123/1094 854/1131/1102 845/1132/1103
f 853/1123/1094 845/1132/1103 844/1125/1096
f 844/1125/1096 845/1132/1103 837/1133/1104
f 844/1125/1096 837/1133/1104 836/1068/1039
f 836/1068/1039 837/1133/1104 828/1066/1037
f 304/1126/1097 303/1134/1105 787/1127/1098
f 787/1127/1098 303/1134/1105 882/1135/1106
f 787/1127/1098 882/1135/1106 881/1128/1099
f 881/1128/1099 882/1135/1106 865/1136/1107
f 881/1128/1099 865/1136/1107 864/1129/1100
f 864/1129/1100 865/1136/1107 869/1137/1108
f 864/1129/1100 869/1137/1108 870/1130/1101
f 870/1130/1101 869/1137/1108 855/1138/1109
f 870/1130/1101 855/1138/1109 854/1131/1102
f 854/1131/1102 855/1138/1109 846/1139/1110
f 854/1131/1102 846/1139/1110 845/1132/1103
f 845/1132/1103 846/1139/1110 838/1140/1111
f 845/1132/1103 838/1140/1111 837/1133/1104
f 837/1133/1104 838/1140/1111 829/1141/1112
f 837/1133/1104 829/1141/1112 828/1066/1037
f 828/1066/1037 829/1141/1112 820/1064/1035
f 882/1135/1106 303/1134/1105 866/1142/1113
f 866/1142/1113 303/1134/1105 302/1143/1114
f 866/1142/1113 302/1143/1114 867/1144/1115
f 867/1144/1115 302/1143/1114 301/1145/1116
f 867/1144/1115 301/1145/1116 858/1146/1117
f 858/1146/1117 301/1145/1116 300/1147/1118
f 858/1146/1117 300/1147/1118 850/1148/1119
f 850/1148/1119 300/1147/1118 299/1149/1120
f 850/1148/1119 299/1149/1120 786/1150/1121
f 786/1150/1121 299/1149/1120 298/1151/1122
f 786/1150/1121 298/1151/1122 835/1152/1123
f 835/1152/1123 298/1151/1122 827/1153/1124
f 835/1152/1123 827/1153/1124 826/1154/1125
f 826/1154/1125 827/1153/1124 818/1155/1126
f 826/1154/1125 818/1155/1126 817/1156/1127
f 817/1156/1127 818/1155/1126 809/1157/1128
f 817/1156/1127 809/1157/1128 808/1158/1129
f 808/1158/1129 809/1157/1128 801/1042/1013
f 808/1158/1129 801/1042/1013 800/1044/1015
f 298/1151/1122 297/1159/1130 827/1153/1124
f 827/1153/1124 297/1159/1130 819/1160/1131
f 827/1153/1124 819/1160/1131 818/1155/1126
f 818/1155/1126 819/1160/1131 810/1161/1132
f 818/1155/1126 810/1161/1132 809/1157/1128
f 809/1157/1128 810/1161/1132 802/1040/1011
f 809/1157/1128 802/1040/1011 801/1042/1013
f 297/1159/1130 296/1162/1133 819/1160/1131
f 819/1160/1131 296/1162/1133 811/1163/1134
f 819/1160/1131 811/1163/1134 810/1161/1132
f 810/1161/1132 811/1163/1134 803/1038/1009
f 810/1161/1132 803/1038/1009 802/1040/1011
f 296/1162/1133 295/1164/1135 811/1163/1134
f 811/1163/1134 295/1164/1135 785/1036/1007
f 811/1163/1134 785/1036/1007 803/1038/1009
f 295/1164/1135 144/1034/1005 785/1036/1007
f 798/1048/1019 797/1050/1021 805/1165/1136
f 805/1165/1136 797/1050/1021 804/1060/1031
f 805/1165/1136 804/1060/1031 813/1166/1137
f 813/1166/1137 804/1060/1031 812/1062/1033
f 813/1166/1137 812/1062/1033 821/1167/1138
f 821/1167/1138 812/1062/1033 820/1064/1035
f 821/1167/1138 820/1064/1035 829/1141/1112
f 799/1046/1017 798/1048/1019 806/1168/1139
f 806/1168/1139 798/1048/1019 805/1165/1136
f 806/1168/1139 805/1165/1136 814/1169/1140
f 814/1169/1140 805/1165/1136 813/1166/1137
f 814/1169/1140 813/1166/1137 822/1170/1141
f 822/1170/1141 813/1166/1137 821/1167/1138
f 822/1170/1141 821/1167/1138 830/1171/1142
f 830/1171/1142 821/1167/1138 829/1141/1112
f 830/1171/1142 829/1141/1112 838/1140/1111
f 800/1044/1015 799/1046/1017 807/1172/1143
f 807/1172/1143 799/1046/1017 806/1168/1139
f 807/1172/1143 806/1168/1139 815/1173/1144
f 815/1173/1144 806/1168/1139 814/1169/1140
f 815/1173/1144 814/1169/1140 823/1174/1145
f 823/1174/1145 814/1169/1140 822/1170/1141
f 823/1174/1145 822/1170/1141 831/1175/1146
f 831/1175/1146 822/1170/1141 830/1171/1142
f 831/1175/1146 830/1171/1142 839/1176/1147
f 839/1176/1147 830/1171/1142 838/1140/1111
f 839/1176/1147 838/1140/1111 846/1139/1110
f 800/1044/1015 807/1172/1143 808/1158/1129
f 808/1158/1129 807/1172/1143 816/1177/1148
f 808/1158/1129 816/1177/1148 817/1156/1127
f 817/1156/1127 816/1177/1148 825/1178/1149
f 817/1156/1127 825/1178/1149 826/1154/1125
f 826/1154/1125 825/1178/1149 834/1179/1150
f 826/1154/1125 834/1179/1150 835/1152/1123
f 835/1152/1123 834/1179/1150 786/1150/1121
f 816/1177/1148 807/1172/1143 815/1173/1144
f 816/1177/1148 815/1173/1144 824/1180/1151
f 824/1180/1151 815/1173/1144 823/1174/1145
f 824/1180/1151 823/1174/1145 832/1181/1152
f 832/1181/1152 823/1174/1145 831/1175/1146
f 832/1181/1152 831/1175/1146 840/1182/1153
f 840/1182/1153 831/1175/1146 839/1176/1147
f 840/1182/1153 839/1176/1147 847/1183/1154
f 847/1183/1154 839/1176/1147 846/1139/1110
f 847/1183/1154 846/1139/1110 855/1138/1109
f 816/1177/1148 824/1180/1151 825/1178/1149
f 825/1178/1149 824/1180/1151 833/1184/1155
f 825/1178/1149 833/1184/1155 834/1179/1150
f 834/1179/1150 833/1184/1155 842/1185/1156
f 834/1179/1150 842/1185/1156 786/1150/1121
f 786/1150/1121 842/1185/1156 850/1148/1119
f 833/1184/1155 824/1180/1151 832/1181/1152
f 833/1184/1155 832/1181/1152 841/1186/1157
f 841/1186/1157 832/1181/1152 840/1182/1153
f 841/1186/1157 840/1182/1153 848/1187/1158
f 848/1187/1158 840/1182/1153 847/1183/1154
f 848/1187/1158 847/1183/1154 856/1188/1159
f 856/1188/1159 847/1183/1154 855/1138/1109
f 856/1188/1159 855/1138/1109 869/1137/1108
f 833/1184/1155 841/1186/1157 842/1185/1156
f 842/1185/1156 841/1186/1157 849/1189/1160
f 842/1185/1156 849/1189/1160 850/1148/1119
f 850/1148/1119 849/1189/1160 858/1146/1117
f 849/1189/1160 841/1186/1157 848/1187/1158
f 849/1189/1160 848/1187/1158 857/1190/1161
f 857/1190/1161 848/1187/1158 856/1188/1159
f 857/1190/1161 856/1188/1159 868/1191/1162
f 868/1191/1162 856/1188/1159 869/1137/1108
f 868/1191/1162 869/1137/1108 865/1136/1107
f 843/1070/1041 851/1072/1043 852/1124/1095
f 852/1124/1095 851/1072/1043 873/1192/1163
f 852/1124/1095 873/1192/1163 872/1122/1093
f 872/1122/1093 873/1192/1163 861/1193/1164
f 872/1122/1093 861/1193/1164 862/1120/1091
f 862/1120/1091 861/1193/1164 878/1194/1165
f 862/1120/1091 878/1194/1165 879/1118/1089
f 879/1118/1089 878/1194/1165 887/1195/1166
f 879/1118/1089 887/1195/1166 888/1116/1087
f 888/1116/1087 887/1195/1166 895/1196/1167
f 888/1116/1087 895/1196/1167 896/1114/1085
f 896/1114/1085 895/1196/1167 904/1107/1078
f 896/1114/1085 904/1107/1078 788/1109/1080
f 867/1144/1115 858/1146/1117 857/1190/1161
f 857/1190/1161 858/1146/1117 849/1189/1160
f 867/1144/1115 857/1190/1161 868/1191/1162
f 874/1074/1045 860/1076/1047 873/1192/1163
f 873/1192/1163 860/1076/1047 861/1193/1164
f 878/1194/1165 861/1193/1164 877/1078/1049
f 877/1078/1049 861/1193/1164 860/1076/1047
f 867/1144/1115 868/1191/1162 866/1142/1113
f 866/1142/1113 868/1191/1162 865/1136/1107
f 866/1142/1113 865/1136/1107 882/1135/1106
f 851/1072/1043 874/1074/1045 873/1192/1163
f 887/1195/1166 878/1194/1165 886/1080/1051
f 886/1080/1051 878/1194/1165 877/1078/1049
f 895/1196/1167 887/1195/1166 894/1082/1053
f 894/1082/1053 887/1195/1166 886/1080/1051
f 904/1107/1078 895/1196/1167 903/1084/1055
f 903/1084/1055 895/1196/1167 894/1082/1053
f 286/1197/1168 284/1198/1169 911/1199/1170
f 911/1199/1170 284/1198/1169 283/1200/1171
f 911/1199/1170 283/1200/1171 909/1201/1172
f 909/1201/1172 283/1200/1171 282/1202/1173
f 909/1201/1172 282/1202/1173 920/1203/1174
f 920/1203/1174 282/1202/1173 915/1204/1175
f 920/1203/1174 915/1204/1175 916/1205/1176
f 916/1205/1176 915/1204/1175 921/1206/1177
f 916/1205/1176 921/1206/1177 908/1207/1178
f 908/1207/1178 921/1206/1177 267/1208/1179
f 908/1207/1178 267/1208/1179 266/1209/1180
f 915/1204/1175 282/1202/1173 907/1210/1181
f 907/1210/1181 282/1202/1173 274/1211/1182
f 907/1210/1181 274/1211/1182 273/1212/1183
f 273/1212/1183 272/1213/1184 907/1210/1181
f 907/1210/1181 272/1213/1184 271/1214/1185
f 907/1210/1181 271/1214/1185 921/1206/1177
f 921/1206/1177 271/1214/1185 270/1215/1186
f 921/1206/1177 270/1215/1186 269/1216/1187
f 269/1216/1187 268/1217/1188 921/1206/1177
f 921/1206/1177 268/1217/1188 267/1208/1179
f 266/1209/1180 265/1218/1189 908/1207/1178
f 908/1207/1178 265/1218/1189 264/1219/1190
f 908/1207/1178 264/1219/1190 905/1220/1191
f 906/1221/1192 910/1222/1193 905/1220/1191
f 905/1220/1191 910/1222/1193 918/1223/1194
f 905/1220/1191 918/1223/1194 917/1224/1195
f 917/1224/1195 918/1223/1194 919/1225/1196
f 917/1224/1195 919/1225/1196 916/1205/1176
f 916/1205/1176 919/1225/1196 920/1203/1174
f 910/1222/1193 906/1221/1192 912/1226/1197
f 912/1226/1197 906/1221/1192 293/1227/1198
f 912/1226/1197 293/1227/1198 292/1228/1199
f 292/1228/1199 291/1229/1200 912/1226/1197
f 912/1226/1197 291/1229/1200 290/1230/1201
f 912/1226/1197 290/1230/1201 913/1231/1202
f 913/1231/1202 290/1230/1201 289/1232/1203
f 913/1231/1202 289/1232/1203 288/1233/1204
f 288/1233/1204 287/1234/1205 913/1231/1202
f 913/1231/1202 287/1234/1205 286/1197/1168
f 913/1231/1202 286/1197/1168 911/1199/1170
f 916/1205/1176 908/1207/1178 917/1224/1195
f 917/1224/1195 908/1207/1178 905/1220/1191
f 910/1222/1193 912/1226/1197 913/1231/1202
f 913/1231/1202 911/1199/1170 914/1235/1206
f 914/1235/1206 911/1199/1170 909/1201/1172
f 914/1235/1206 909/1201/1172 919/1225/1196
f 919/1225/1196 909/1201/1172 920/1203/1174
f 918/1223/1194 910/1222/1193 914/1235/1206
f 914/1235/1206 910/1222/1193 913/1231/1202
f 918/1223/1194 914/1235/1206 919/1225/1196
f 907/1210/1181 921/1206/1177 915/1204/1175
f 906/1236/1207 924/1237/1208 293/1238/1209
f 293/1238/1209 924/1237/1208 925/1239/1210
f 293/1238/1209 925/1239/1210 926/1240/1211
f 924/1237/1208 906/1236/1207 923/1241/1212
f 923/1241/1212 906/1236/1207 905/1242/1213
f 923/1241/1212 905/1242/1213 922/1243/1214
f 922/1243/1214 905/1242/1213 264/1244/1215
f 293/1238/1209 926/1240/1211 477/1245/690
f 477/1245/690 926/1240/1211 927/1246/1216
f 477/1245/690 927/1246/1216 478/1247/1217
f 478/1247/1217 927/1246/1216 928/1248/1218
f 478/1247/1217 928/1248/1218 929/1249/1219
f 478/1247/1217 929/1249/1219 479/1250/1220
f 479/1250/1220 929/1249/1219 930/1251/1221
f 479/1250/1220 930/1251/1221 931/1252/1222
f 479/1250/1220 931/1252/1222 480/1253/1223
f 480/1253/1223 931/1252/1222 932/1254/1224
f 480/1253/1223 932/1254/1224 346/1255/1225
f 346/1256/1226 932/1257/1227 347/1258/1228
f 347/1258/1228 932/1257/1227 939/1259/1229
f 939/1259/1229 932/1257/1227 931/1260/1230
f 939/1259/1229 931/1260/1230 930/1261/1231
f 939/1259/1229 930/1261/1231 938/1262/1232
f 938/1262/1232 930/1261/1231 929/1263/1233
f 938/1262/1232 929/1263/1233 937/1264/1234
f 937/1264/1234 929/1263/1233 928/1265/1235
f 937/1264/1234 928/1265/1235 927/1266/1236
f 937/1264/1234 927/1266/1236 936/1267/1237
f 936/1267/1237 927/1266/1236 926/1268/1238
f 936/1267/1237 926/1268/1238 925/1269/1239
f 936/1267/1237 925/1269/1239 935/1270/1240
f 935/1270/1240 925/1269/1239 924/1271/1241
f 935/1270/1240 924/1271/1241 934/1272/1242
f 934/1272/1242 924/1271/1241 923/1273/1243
f 934/1272/1242 923/1273/1243 933/1274/1244
f 933/1274/1244 923/1273/1243 922/1275/1245
f 933/1274/1244 922/1275/1245 259/1276/1246
f 259/1276/1246 922/1275/1245 264/1277/1247
f 939/1278/1248 947/1279/1249 347/1280/1250
f 347/1280/1250 947/1279/1249 948/1281/1251
f 347/1280/1250 948/1281/1251 949/1282/1252
f 949/1282/1252 948/1281/1251 955/1283/1253
f 949/1282/1252 955/1283/1253 956/1284/1254
f 956/1284/1254 955/1283/1253 962/1285/1255
f 956/1284/1254 962/1285/1255 963/1286/1256
f 963/1286/1256 962/1285/1255 969/1287/1257
f 963/1286/1256 969/1287/1257 970/1288/1258
f 970/1288/1258 969/1287/1257 976/1289/1259
f 970/1288/1258 976/1289/1259 977/1290/1260
f 977/1290/1260 976/1289/1259 983/1291/1261
f 977/1290/1260 983/1291/1261 984/1292/1262
f 984/1292/1262 983/1291/1261 990/1293/1263
f 984/1292/1262 990/1293/1263 991/1294/1264
f 991/1294/1264 990/1293/1263 259/1295/1265
f 991/1294/1264 259/1295/1265 992/1296/1266
f 992/1296/1266 259/1295/1265 255/1297/1267
f 992/1296/1266 255/1297/1267 993/1298/1268
f 993/1298/1268 255/1297/1267 994/1299/1269
f 993/1298/1268 994/1299/1269 987/1300/1270
f 987/1300/1270 994/1299/1269 988/1301/1271
f 987/1300/1270 988/1301/1271 981/1302/1272
f 981/1302/1272 988/1301/1271 942/1303/1273
f 981/1302/1272 942/1303/1273 943/1304/1274
f 939/1278/1248 938/1305/1275 947/1279/1249
f 947/1279/1249 938/1305/1275 954/1306/1276
f 947/1279/1249 954/1306/1276 948/1281/1251
f 948/1281/1251 954/1306/1276 955/1283/1253
f 938/1305/1275 937/1307/1277 954/1306/1276
f 954/1306/1276 937/1307/1277 961/1308/1278
f 954/1306/1276 961/1308/1278 955/1283/1253
f 955/1283/1253 961/1308/1278 962/1285/1255
f 937/1307/1277 936/1309/1279 961/1308/1278
f 961/1308/1278 936/1309/1279 968/1310/1280
f 961/1308/1278 968/1310/1280 962/1285/1255
f 962/1285/1255 968/1310/1280 969/1287/1257
f 936/1309/1279 935/1311/1281 968/1310/1280
f 968/1310/1280 935/1311/1281 975/1312/1282
f 968/1310/1280 975/1312/1282 969/1287/1257
f 969/1287/1257 975/1312/1282 976/1289/1259
f 935/1311/1281 934/1313/1283 975/1312/1282
f 975/1312/1282 934/1313/1283 982/1314/1284
f 975/1312/1282 982/1314/1284 976/1289/1259
f 976/1289/1259 982/1314/1284 983/1291/1261
f 934/1313/1283 933/1315/1285 982/1314/1284
f 982/1314/1284 933/1315/1285 989/1316/1286
f 982/1314/1284 989/1316/1286 983/1291/1261
f 983/1291/1261 989/1316/1286 990/1293/1263
f 933/1315/1285 259/1295/1265 989/1316/1286
f 989/1316/1286 259/1295/1265 990/1293/1263
f 994/1299/1269 255/1297/1267 995/1317/1287
f 995/1317/1287 255/1297/1267 940/1318/1288
f 995/1317/1287 940/1318/1288 941/1319/1289
f 995/1317/1287 941/1319/1289 988/1301/1271
f 988/1301/1271 941/1319/1289 942/1303/1273
f 981/1302/1272 943/1304/1274 974/1320/1290
f 974/1320/1290 943/1304/1274 944/1321/1291
f 974/1320/1290 944/1321/1291 967/1322/1292
f 967/1322/1292 944/1321/1291 945/1323/1293
f 967/1322/1292 945/1323/1293 960/1324/1294
f 960/1324/1294 945/1323/1293 946/1325/1295
f 960/1324/1294 946/1325/1295 953/1326/1296
f 953/1326/1296 946/1325/1295 348/1327/1297
f 953/1326/1296 348/1327/1297 952/1328/1298
f 952/1328/1298 348/1327/1297 951/1329/1299
f 952/1328/1298 951/1329/1299 958/1330/1300
f 958/1330/1300 951/1329/1299 957/1331/1301
f 958/1330/1300 957/1331/1301 964/1332/1302
f 964/1332/1302 957/1331/1301 963/1286/1256
f 964/1332/1302 963/1286/1256 970/1288/1258
f 951/1329/1299 348/1327/1297 950/1333/1303
f 950/1333/1303 348/1327/1297 347/1280/1250
f 950/1333/1303 347/1280/1250 949/1282/1252
f 994/1299/1269 995/1317/1287 988/1301/1271
f 957/1331/1301 951/1329/1299 950/1333/1303
f 957/1331/1301 950/1333/1303 956/1284/1254
f 956/1284/1254 950/1333/1303 949/1282/1252
f 953/1326/1296 952/1328/1298 959/1334/1304
f 959/1334/1304 952/1328/1298 958/1330/1300
f 959/1334/1304 958/1330/1300 965/1335/1305
f 965/1335/1305 958/1330/1300 964/1332/1302
f 965/1335/1305 964/1332/1302 971/1336/1306
f 971/1336/1306 964/1332/1302 970/1288/1258
f 971/1336/1306 970/1288/1258 977/1290/1260
f 963/1286/1256 957/1331/1301 956/1284/1254
f 953/1326/1296 959/1334/1304 960/1324/1294
f 960/1324/1294 959/1334/1304 966/1337/1307
f 960/1324/1294 966/1337/1307 967/1322/1292
f 967/1322/1292 966/1337/1307 973/1338/1308
f 967/1322/1292 973/1338/1308 974/1320/1290
f 974/1320/1290 973/1338/1308 980/1339/1309
f 974/1320/1290 980/1339/1309 981/1302/1272
f 981/1302/1272 980/1339/1309 987/1300/1270
f 966/1337/1307 959/1334/1304 965/1335/1305
f 966/1337/1307 965/1335/1305 972/1340/1310
f 972/1340/1310 965/1335/1305 971/1336/1306
f 972/1340/1310 971/1336/1306 978/1341/1311
f 978/1341/1311 971/1336/1306 977/1290/1260
f 978/1341/1311 977/1290/1260 984/1292/1262
f 966/1337/1307 972/1340/1310 973/1338/1308
f 973/1338/1308 972/1340/1310 979/1342/1312
f 973/1338/1308 979/1342/1312 980/1339/1309
f 980/1339/1309 979/1342/1312 986/1343/1313
f 980/1339/1309 986/1343/1313 987/1300/1270
f 987/1300/1270 986/1343/1313 993/1298/1268
f 979/1342/1312 972/1340/1310 978/1341/1311
f 979/1342/1312 978/1341/1311 985/1344/1314
f 985/1344/1314 978/1341/1311 984/1292/1262
f 985/1344/1314 984/1292/1262 991/1294/1264
f 979/1342/1312 985/1344/1314 986/1343/1313
f 986/1343/1313 985/1344/1314 992/1296/1266
f 986/1343/1313 992/1296/1266 993/1298/1268
f 992/1296/1266 985/1344/1314 991/1294/1264
f 314/1345/1315 348/1346/1316 1006/1347/1317
f 1006/1347/1317 348/1346/1316 946/1348/1318
f 1006/1347/1317 946/1348/1318 1005/1349/1319
f 1005/1349/1319 946/1348/1318 1004/1350/1320
f 1004/1350/1320 946/1348/1318 945/1351/1321
f 1004/1350/1320 945/1351/1321 1003/1352/1322
f 1003/1352/1322 945/1351/1321 944/1353/1323
f 1003/1352/1322 944/1353/1323 1002/1354/1324
f 1002/1354/1324 944/1353/1323 1001/1355/1325
f 1001/1355/1325 944/1353/1323 943/1356/1326
f 1001/1355/1325 943/1356/1326 1000/1357/1327
f 1000/1357/1327 943/1356/1326 999/1358/1328
f 999/1358/1328 943/1356/1326 942/1359/1329
f 999/1358/1328 942/1359/1329 998/1360/1330
f 998/1360/1330 942/1359/1329 941/1361/1331
f 998/1360/1330 941/1361/1331 997/1362/1332
f 997/1362/1332 941/1361/1331 940/1363/1333
f 997/1362/1332 940/1363/1333 996/1364/1334
f 996/1364/1334 940/1363/1333 255/1365/1335
f 996/1364/1334 255/1365/1335 254/1366/1336
f 314/1367/1337 1006/1368/1338 315/1369/492
f 315/1369/492 1006/1368/1338 1005/1370/1339
f 315/1369/492 1005/1370/1339 316/1371/493
f 316/1371/493 1005/1370/1339 1004/1372/1340
f 316/1371/493 1004/1372/1340 1003/1373/1341
f 316/1371/493 1003/1373/1341 317/1374/494
f 317/1374/494 1003/1373/1341 1002/1375/1342
f 317/1374/494 1002/1375/1342 1001/1376/1343
f 317/1374/494 1001/1376/1343 318/1377/475
f 318/1377/475 1001/1376/1343 1000/1378/1344
f 318/1377/475 1000/1378/1344 224/1379/1345
f 224/1379/1345 1000/1378/1344 999/1380/1346
f 224/1379/1345 999/1380/1346 998/1381/1347
f 224/1379/1345 998/1381/1347 1008/1382/1348
f 1008/1382/1348 998/1381/1347 997/1383/1349
f 1008/1382/1348 997/1383/1349 1007/1384/1350
f 1007/1384/1350 997/1383/1349 996/1385/1351
f 1007/1384/1350 996/1385/1351 254/1386/1352
f 225/1387/1353 224/1388/1354 1013/1389/1355
f 1013/1389/1355 224/1388/1354 1008/1390/1356
f 1013/1389/1355 1008/1390/1356 1011/1391/1357
f 1011/1391/1357 1008/1390/1356 1007/1392/1358
f 1011/1391/1357 1007/1392/1358 1022/1393/1359
f 1022/1393/1359 1007/1392/1358 1017/1394/1360
f 1022/1393/1359 1017/1394/1360 1018/1395/1361
f 1018/1395/1361 1017/1394/1360 1026/1396/1362
f 1018/1395/1361 1026/1396/1362 1010/1397/1363
f 1010/1397/1363 1026/1396/1362 1023/1398/1364
f 1010/1397/1363 1023/1398/1364 245/1399/1365
f 245/1399/1365 1023/1398/1364 246/1400/1366
f 246/1400/1366 1023/1398/1364 247/1401/1367
f 247/1401/1367 1023/1398/1364 248/1402/1368
f 248/1402/1368 1023/1398/1364 1024/1403/1369
f 248/1402/1368 1024/1403/1369 249/1404/1370
f 249/1404/1370 1024/1403/1369 250/1405/1371
f 250/1405/1371 1024/1403/1369 251/1406/1372
f 251/1406/1372 1024/1403/1369 1025/1407/1373
f 251/1406/1372 1025/1407/1373 252/1408/1374
f 252/1408/1374 1025/1407/1373 253/1409/1375
f 253/1409/1375 1025/1407/1373 1009/1410/1376
f 253/1409/1375 1009/1410/1376 254/1411/1377
f 254/1411/1377 1009/1410/1376 1007/1392/1358
f 1007/1392/1358 1009/1410/1376 1017/1394/1360
f 245/1399/1365 239/1412/1378 1010/1397/1363
f 1010/1397/1363 239/1412/1378 238/1413/1379
f 1010/1397/1363 238/1413/1379 1019/1414/1380
f 1019/1414/1380 238/1413/1379 1020/1415/1381
f 1019/1414/1380 1020/1415/1381 1021/1416/1382
f 1021/1416/1382 1020/1415/1381 1016/1417/1383
f 1021/1416/1382 1016/1417/1383 1011/1391/1357
f 1011/1391/1357 1016/1417/1383 1013/1389/1355
f 1020/1415/1381 238/1413/1379 1012/1418/1384
f 1012/1418/1384 238/1413/1379 237/1419/1385
f 1012/1418/1384 237/1419/1385 1014/1420/1386
f 1014/1420/1386 237/1419/1385 232/1421/1387
f 1014/1420/1386 232/1421/1387 231/1422/1388
f 231/1422/1388 230/1423/1389 1014/1420/1386
f 1014/1420/1386 230/1423/1389 229/1424/1390
f 1014/1420/1386 229/1424/1390 1015/1425/1391
f 1015/1425/1391 229/1424/1390 228/1426/1392
f 1015/1425/1391 228/1426/1392 227/1427/1393
f 227/1427/1393 226/1428/1394 1015/1425/1391
f 1015/1425/1391 226/1428/1394 225/1387/1353
f 1015/1425/1391 225/1387/1353 1013/1389/1355
f 1018/1395/1361 1010/1397/1363 1019/1414/1380
f 1021/1416/1382 1011/1391/1357 1022/1393/1359
f 1012/1418/1384 1014/1420/1386 1015/1425/1391
f 1012/1418/1384 1015/1425/1391 1016/1417/1383
f 1016/1417/1383 1015/1425/1391 1013/1389/1355
f 1020/1415/1381 1012/1418/1384 1016/1417/1383
f 1021/1416/1382 1022/1393/1359 1018/1395/1361
f 1018/1395/1361 1019/1414/1380 1021/1416/1382
f 1009/1410/1376 1025/1407/1373 1024/1403/1369
f 1009/1410/1376 1024/1403/1369 1026/1396/1362
f 1026/1396/1362 1024/1403/1369 1023/1398/1364
f 1017/1394/1360 1009/1410/1376 1026/1396/1362
f 159/1429/1395 1027/1430/1396 160/1431/1397
f 160/1431/1397 1027/1430/1396 1028/1432/1398
f 160/1431/1397 1028/1432/1398 307/1433/1399
f 1027/1434/1400 159/1435/1401 308/1436/1402
f 308/1436/1402 159/1435/1401 158/1437/1403
f 308/1436/1402 158/1437/1403 157/1438/1404
f 308/1436/1402 157/1438/1404 309/1439/1405
f 309/1439/1405 157/1438/1404 156/1440/1406
f 309/1439/1405 156/1440/1406 310/1441/1407
f 310/1441/1407 156/1440/1406 155/1442/1408
f 310/1441/1407 155/1442/1408 311/1443/1409
f 311/1443/1409 155/1442/1408 154/1444/1410
f 311/1443/1409 154/1444/1410 153/1445/1411
f 311/1443/1409 153/1445/1411 312/1446/1412
f 312/1446/1412 153/1445/1411 152/1447/1413
f 312/1446/1412 152/1447/1413 313/1448/1414
f 313/1448/1414 152/1447/1413 151/1449/1415
f 313/1448/1414 151/1449/1415 150/1450/1416
f 307/1451/1417 1028/1452/1418 308/1436/1402
f 308/1436/1402 1028/1452/1418 1027/1434/1400
f 495/1453/1419 494/1454/1420 1033/1455/1421
f 1033/1455/1421 494/1454/1420 493/1456/1422
f 1033/1455/1421 493/1456/1422 1032/1457/1423
f 1032/1457/1423 493/1456/1422 492/1458/1424
f 1032/1457/1423 492/1458/1424 1031/1459/1425
f 1031/1459/1425 492/1458/1424 491/1460/1426
f 1031/1459/1425 491/1460/1426 1030/1461/1427
f 1030/1461/1427 491/1460/1426 1029/1462/1428
f 1029/1462/1428 491/1460/1426 490/1463/1429
f 1029/1462/1428 490/1463/1429 489/1464/1430
f 476/1465/1431 475/1466/1432 1037/1467/1433
f 1037/1467/1433 475/1466/1432 1036/1468/1434
f 1036/1468/1434 475/1466/1432 474/1469/1435
f 1036/1468/1434 474/1469/1435 1035/1470/1436
f 1035/1470/1436 474/1469/1435 473/1471/1437
f 1035/1470/1436 473/1471/1437 1034/1472/1438
f 1034/1472/1438 473/1471/1437 472/1473/1439
f 1034/1472/1438 472/1473/1439 471/1474/1440
f 135/1475/1441 222/1476/1442 80/1477/1443
f 80/1477/1443 222/1476/1442 221/1478/1444
f 80/1477/1443 221/1478/1444 220/1479/1445
f 220/1479/1445 219/1480/1446 80/1477/1443
f 80/1477/1443 219/1480/1446 218/1481/1447
f 80/1477/1443 218/1481/1447 217/1482/1448
f 217/1482/1448 223/1483/1449 80/1477/1443
f 80/1477/1443 223/1483/1449 236/1484/1450
f 80/1477/1443 236/1484/1450 235/1485/1451
f 234/1486/1452 280/1487/1453 235/1485/1451
f 235/1485/1451 280/1487/1453 81/1488/1454
f 235/1485/1451 81/1488/1454 80/1477/1443
f 280/1487/1453 234/1486/1452 281/1489/1455
f 281/1489/1455 234/1486/1452 233/1490/1456
f 281/1489/1455 233/1490/1456 277/1491/1457
f 277/1491/1457 233/1490/1456 241/1492/1458
f 277/1491/1457 241/1492/1458 258/1493/1459
f 233/1490/1456 240/1494/1460 241/1492/1458
f 241/1492/1458 240/1494/1460 244/1495/1461
f 241/1492/1458 244/1495/1461 243/1496/1462
f 243/1496/1462 242/1497/1463 241/1492/1458
f 263/1498/1464 262/1499/1465 258/1493/1459
f 258/1493/1459 262/1499/1465 261/1500/1466
f 258/1493/1459 261/1500/1466 260/1501/1467
f 260/1501/1467 277/1491/1457 258/1493/1459
f 280/1487/1453 279/1502/1468 81/1488/1454
f 81/1488/1454 279/1502/1468 278/1503/1469
f 81/1488/1454 278/1503/1469 285/1504/1470
f 285/1504/1470 1038/1505/1471 81/1488/1454
f 81/1488/1454 1038/1505/1471 1039/1506/1472
f 81/1488/1454 1039/1506/1472 1040/1507/1473
f 1040/1507/1473 1041/1508/1474 81/1488/1454
f 81/1488/1454 1041/1508/1474 1042/1509/1475
f 81/1488/1454 1042/1509/1475 1043/1510/1476
f 1043/1510/1476 1044/1511/1477 81/1488/1454
f 1064/1512/1478 1045/1513/1479 1066/1514/1480
f 1066/1514/1480 1045/1513/1479 1046/1515/1481
f 1066/1514/1480 1046/1515/1481 1065/1516/1482
f 1065/1516/1482 1046/1515/1481 1047/1517/1483
f 1065/1516/1482 1047/1517/1483 1048/1518/1484
f 1048/1518/1484 1049/1519/1485 1065/1516/1482
f 1065/1516/1482 1049/1519/1485 1050/1520/1486
f 1065/1516/1482 1050/1520/1486 1067/1521/1487
f 1067/1521/1487 1050/1520/1486 1051/1522/1488
f 1067/1521/1487 1051/1522/1488 1070/1523/1489
f 1070/1523/1489 1051/1522/1488 1052/1524/1490
f 1070/1523/1489 1052/1524/1490 1073/1525/1491
f 1073/1525/1491 1052/1524/1490 1053/1526/1492
f 1073/1525/1491 1053/1526/1492 1077/1527/1493
f 1077/1527/1493 1053/1526/1492 1054/1528/1494
f 1077/1527/1493 1054/1528/1494 1055/1529/1495
f 1077/1527/1493 1055/1529/1495 1078/1530/1496
f 1078/1530/1496 1055/1529/1495 1056/1531/1497
f 1078/1530/1496 1056/1531/1497 1079/1532/1498
f 1079/1532/1498 1056/1531/1497 1057/1533/1499
f 1079/1532/1498 1057/1533/1499 1080/1534/1500
f 1080/1534/1500 1057/1533/1499 1058/1535/1501
f 1080/1534/1500 1058/1535/1501 1059/1536/1502
f 1059/1536/1502 1060/1537/1503 1080/1534/1500
f 1080/1534/1500 1060/1537/1503 1076/1538/1504
f 1080/1534/1500 1076/1538/1504 1075/1539/1505
f 1075/1539/1505 1076/1538/1504 1072/1540/1506
f 1075/1539/1505 1072/1540/1506 1071/1541/1507
f 1071/1541/1507 1072/1540/1506 1068/1542/1508
f 1071/1541/1507 1068/1542/1508 1067/1521/1487
f 1067/1521/1487 1068/1542/1508 1065/1516/1482
f 1060/1537/1503 1061/1543/1509 1076/1538/1504
f 1076/1538/1504 1061/1543/1509 1062/1544/1510
f 1076/1538/1504 1062/1544/1510 1072/1540/1506
f 1072/1540/1506 1062/1544/1510 1069/1545/1511
f 1072/1540/1506 1069/1545/1511 1068/1542/1508
f 1068/1542/1508 1069/1545/1511 1064/1512/1478
f 1068/1542/1508 1064/1512/1478 1066/1514/1480
f 1062/1544/1510 1063/1546/1512 1069/1545/1511
f 1069/1545/1511 1063/1546/1512 1064/1512/1478
f 1068/1542/1508 1066/1514/1480 1065/1516/1482
f 1067/1521/1487 1070/1523/1489 1071/1541/1507
f 1071/1541/1507 1070/1523/1489 1074/1547/1513
f 1071/1541/1507 1074/1547/1513 1075/1539/1505
f 1075/1539/1505 1074/1547/1513 1079/1532/1498
f 1075/1539/1505 1079/1532/1498 1080/1534/1500
f 1070/1523/1489 1073/1525/1491 1074/1547/1513
f 1074/1547/1513 1073/1525/1491 1078/1530/1496
f 1074/1547/1513 1078/1530/1496 1079/1532/1498
f 1077/1527/1493 1078/1530/1496 1073/1525/1491
f 1082/1548/1514 1062/1549/1515 1081/1550/1516
f 1081/1550/1516 1062/1549/1515 1061/1551/1509
f 1081/1550/1516 1061/1551/1509 1087/1552/1517
f 1087/1552/1517 1061/1551/1509 1060/1553/1503
f 1087/1552/1517 1060/1553/1503 1086/1554/1518
f 1086/1554/1518 1060/1553/1503 1059/1555/1519
f 1086/1554/1518 1059/1555/1519 1085/1556/1520
f 1062/1549/1515 1082/1548/1514 1063/1557/1521
f 1063/1557/1521 1082/1548/1514 1083/1558/1522
f 1063/1557/1521 1083/1558/1522 1064/1559/1523
f 1064/1559/1523 1083/1558/1522 1084/1560/1524
f 1064/1559/1523 1084/1560/1524 1045/1561/1525
f 1088/1562/1526 1089/1563/1527 1094/1564/1528
f 1094/1564/1528 1089/1563/1527 1090/1565/1529
f 1094/1564/1528 1090/1565/1529 1095/1566/1530
f 1095/1566/1530 1090/1565/1529 1091/1567/1531
f 1095/1566/1530 1091/1567/1531 1097/1568/1532
f 1097/1568/1532 1091/1567/1531 1087/1569/1517
f 1097/1568/1532 1087/1569/1517 1086/1570/1518
f 1091/1567/1531 1081/1571/1516 1087/1569/1517
f 1097/1568/1532 1086/1570/1518 1098/1572/1533
f 1098/1572/1533 1086/1570/1518 1085/1573/1534
f 1098/1572/1533 1085/1573/1534 1092/1574/1535
f 1098/1572/1533 1092/1574/1535 1096/1575/1536
f 1096/1575/1536 1092/1574/1535 1093/1576/1537
f 1096/1575/1536 1093/1576/1537 1095/1566/1530
f 1095/1566/1530 1093/1576/1537 1094/1564/1528
f 1098/1572/1533 1096/1575/1536 1095/1566/1530
f 1097/1568/1532 1098/1572/1533 1095/1566/1530
f 1099/1577/1538 1100/1578/1539 1109/1579/1540
f 1109/1579/1540 1100/1578/1539 1108/1580/1541
f 1108/1580/1541 1100/1578/1539 1101/1581/1542
f 1108/1580/1541 1101/1581/1542 1107/1582/1543
f 1107/1582/1543 1101/1581/1542 1102/1583/1544
f 1107/1582/1543 1102/1583/1544 1088/1584/1545
f 1107/1582/1543 1088/1584/1545 1106/1585/1546
f 1106/1585/1546 1088/1584/1545 1094/1586/1547
f 1106/1585/1546 1094/1586/1547 1105/1587/1548
f 1105/1587/1548 1094/1586/1547 1093/1588/1537
f 1105/1587/1548 1093/1588/1537 1104/1589/1549
f 1104/1589/1549 1093/1588/1537 1092/1590/1535
f 1104/1589/1549 1092/1590/1535 1103/1591/1550
f 1103/1591/1550 1092/1590/1535 1085/1592/1551
f 1099/1593/1552 1109/1594/1553 101/1595/1554
f 101/1595/1554 1109/1594/1553 89/1596/1555
f 89/1596/1555 1109/1594/1553 1110/1597/1556
f 89/1596/1555 1110/1597/1556 83/1598/1557
f 83/1598/1557 1110/1597/1556 111/1599/1558
f 1130/1600/1559 114/1601/1560 1111/1602/1561
f 1111/1602/1561 114/1601/1560 113/1603/1562
f 1111/1602/1561 113/1603/1562 112/1604/1563
f 111/1605/1564 1110/1606/1565 112/1604/1563
f 112/1604/1563 1110/1606/1565 1111/1602/1561
f 1111/1602/1561 1112/1607/1566 1130/1600/1559
f 1130/1600/1559 1112/1607/1566 1129/1608/1567
f 1129/1608/1567 1112/1607/1566 1113/1609/1568
f 1129/1608/1567 1113/1609/1568 1128/1610/1569
f 1128/1610/1569 1113/1609/1568 1114/1611/1570
f 1128/1610/1569 1114/1611/1570 1127/1612/1571
f 1127/1612/1571 1114/1611/1570 1115/1613/1572
f 1127/1612/1571 1115/1613/1572 1126/1614/1573
f 1126/1614/1573 1115/1613/1572 1116/1615/1574
f 1126/1614/1573 1116/1615/1574 1125/1616/1575
f 1125/1616/1575 1116/1615/1574 1117/1617/1576
f 1125/1616/1575 1117/1617/1576 1124/1618/1577
f 1124/1618/1577 1117/1617/1576 1118/1619/1578
f 1124/1618/1577 1118/1619/1578 1123/1620/1579
f 1123/1620/1579 1118/1619/1578 1122/1621/1580
f 1122/1621/1580 1118/1619/1578 1119/1622/1581
f 1122/1621/1580 1119/1622/1581 1121/1623/1582
f 1121/1623/1582 1119/1622/1581 1120/1624/1583
f 1138/1625/1584 125/1626/1585 1142/1627/1586
f 1142/1627/1586 125/1626/1585 124/1628/1587
f 1142/1627/1586 124/1628/1587 123/1629/1588
f 1142/1627/1586 123/1629/1588 1147/1630/1589
f 1147/1630/1589 123/1629/1588 122/1631/1590
f 1147/1630/1589 122/1631/1590 1153/1632/1591
f 1153/1632/1591 122/1631/1590 121/1633/1592
f 1153/1632/1591 121/1633/1592 1159/1634/1593
f 1159/1634/1593 121/1633/1592 1158/1635/1594
f 1159/1634/1593 1158/1635/1594 1166/1636/1595
f 1166/1636/1595 1158/1635/1594 1165/1637/1596
f 1166/1636/1595 1165/1637/1596 1173/1638/1597
f 1173/1638/1597 1165/1637/1596 1172/1639/1598
f 1173/1638/1597 1172/1639/1598 1181/1640/1599
f 1181/1640/1599 1172/1639/1598 1180/1641/1600
f 1181/1640/1599 1180/1641/1600 1130/1642/1601
f 1130/1642/1601 1180/1641/1600 114/1643/1602
f 114/1643/1602 1180/1641/1600 115/1644/1603
f 115/1644/1603 1180/1641/1600 116/1645/1604
f 116/1645/1604 1180/1641/1600 117/1646/1605
f 117/1646/1605 1180/1641/1600 1172/1639/1598
f 117/1646/1605 1172/1639/1598 118/1647/1606
f 118/1647/1606 1172/1639/1598 1165/1637/1596
f 118/1647/1606 1165/1637/1596 119/1648/1607
f 119/1648/1607 1165/1637/1596 120/1649/1608
f 120/1649/1608 1165/1637/1596 1158/1635/1594
f 120/1649/1608 1158/1635/1594 121/1633/1592
f 1181/1640/1599 1130/1642/1601 1182/1650/1609
f 1182/1650/1609 1130/1642/1601 1129/1651/1610
f 1182/1650/1609 1129/1651/1610 1183/1652/1611
f 1183/1652/1611 1129/1651/1610 1128/1653/1612
f 1183/1652/1611 1128/1653/1612 1184/1654/1613
f 1184/1654/1613 1128/1653/1612 1127/1655/1614
f 1184/1654/1613 1127/1655/1614 1185/1656/1615
f 1185/1656/1615 1127/1655/1614 1126/1657/1616
f 1185/1656/1615 1126/1657/1616 1186/1658/1617
f 1186/1658/1617 1126/1657/1616 1139/1659/1618
f 1186/1658/1617 1139/1659/1618 1178/1660/1619
f 1178/1660/1619 1139/1659/1618 1179/1661/1620
f 1178/1660/1619 1179/1661/1620 1171/1662/1621
f 1171/1662/1621 1179/1661/1620 1140/1663/1622
f 1171/1662/1621 1140/1663/1622 1164/1664/1623
f 1164/1664/1623 1140/1663/1622 1132/1665/1624
f 1164/1664/1623 1132/1665/1624 1141/1666/1625
f 1141/1666/1625 1132/1665/1624 1133/1667/1626
f 1141/1666/1625 1133/1667/1626 1152/1668/1627
f 1152/1668/1627 1133/1667/1626 1151/1669/1628
f 1152/1668/1627 1151/1669/1628 1141/1666/1625
f 1141/1666/1625 1151/1669/1628 1157/1670/1629
f 1141/1666/1625 1157/1670/1629 1164/1664/1623
f 1164/1664/1623 1157/1670/1629 1163/1671/1630
f 1164/1664/1623 1163/1671/1630 1171/1662/1621
f 1171/1662/1621 1163/1671/1630 1170/1672/1631
f 1171/1662/1621 1170/1672/1631 1178/1660/1619
f 1178/1660/1619 1170/1672/1631 1177/1673/1632
f 1178/1660/1619 1177/1673/1632 1186/1658/1617
f 1186/1658/1617 1177/1673/1632 1185/1656/1615
f 1126/1657/1616 1125/1674/1633 1139/1659/1618
f 1139/1659/1618 1125/1674/1633 1124/1675/1634
f 1139/1659/1618 1124/1675/1634 1131/1676/1635
f 1132/1665/1624 1140/1663/1622 1131/1676/1635
f 1131/1676/1635 1140/1663/1622 1179/1661/1620
f 1131/1676/1635 1179/1661/1620 1139/1659/1618
f 1151/1669/1628 1133/1667/1626 1146/1677/1636
f 1146/1677/1636 1133/1667/1626 1134/1678/1637
f 1146/1677/1636 1134/1678/1637 1145/1679/1638
f 1145/1679/1638 1134/1678/1637 1136/1680/1639
f 1145/1679/1638 1136/1680/1639 1144/1681/1640
f 1144/1681/1640 1136/1680/1639 1137/1682/1641
f 1144/1681/1640 1137/1682/1641 1143/1683/1642
f 1143/1683/1642 1137/1682/1641 1138/1625/1584
f 1143/1683/1642 1138/1625/1584 1142/1627/1586
f 1134/1678/1637 1135/1684/1643 1136/1680/1639
f 1143/1683/1642 1142/1627/1586 1148/1685/1644
f 1148/1685/1644 1142/1627/1586 1147/1630/1589
f 1148/1685/1644 1147/1630/1589 1154/1686/1645
f 1154/1686/1645 1147/1630/1589 1153/1632/1591
f 1154/1686/1645 1153/1632/1591 1160/1687/1646
f 1160/1687/1646 1153/1632/1591 1159/1634/1593
f 1160/1687/1646 1159/1634/1593 1167/1688/1647
f 1167/1688/1647 1159/1634/1593 1166/1636/1595
f 1167/1688/1647 1166/1636/1595 1174/1689/1648
f 1174/1689/1648 1166/1636/1595 1173/1638/1597
f 1174/1689/1648 1173/1638/1597 1182/1650/1609
f 1182/1650/1609 1173/1638/1597 1181/1640/1599
f 1144/1681/1640 1143/1683/1642 1149/1690/1649
f 1149/1690/1649 1143/1683/1642 1148/1685/1644
f 1149/1690/1649 1148/1685/1644 1155/1691/1650
f 1155/1691/1650 1148/1685/1644 1154/1686/1645
f 1155/1691/1650 1154/1686/1645 1161/1692/1651
f 1161/1692/1651 1154/1686/1645 1160/1687/1646
f 1161/1692/1651 1160/1687/1646 1168/1693/1652
f 1168/1693/1652 1160/1687/1646 1167/1688/1647
f 1168/1693/1652 1167/1688/1647 1175/1694/1653
f 1175/1694/1653 1167/1688/1647 1174/1689/1648
f 1175/1694/1653 1174/1689/1648 1183/1652/1611
f 1183/1652/1611 1174/1689/1648 1182/1650/1609
f 1151/1669/1628 1146/1677/1636 1145/1679/1638
f 1145/1679/1638 1144/1681/1640 1150/1695/1654
f 1150/1695/1654 1144/1681/1640 1149/1690/1649
f 1150/1695/1654 1149/1690/1649 1156/1696/1655
f 1156/1696/1655 1149/1690/1649 1155/1691/1650
f 1156/1696/1655 1155/1691/1650 1162/1697/1656
f 1162/1697/1656 1155/1691/1650 1161/1692/1651
f 1162/1697/1656 1161/1692/1651 1169/1698/1657
f 1169/1698/1657 1161/1692/1651 1168/1693/1652
f 1169/1698/1657 1168/1693/1652 1176/1699/1658
f 1176/1699/1658 1168/1693/1652 1175/1694/1653
f 1176/1699/1658 1175/1694/1653 1184/1654/1613
f 1184/1654/1613 1175/1694/1653 1183/1652/1611
f 1157/1670/1629 1151/1669/1628 1150/1695/1654
f 1150/1695/1654 1151/1669/1628 1145/1679/1638
f 1157/1670/1629 1150/1695/1654 1156/1696/1655
f 1163/1671/1630 1157/1670/1629 1156/1696/1655
f 1163/1671/1630 1156/1696/1655 1162/1697/1656
f 1170/1672/1631 1163/1671/1630 1162/1697/1656
f 1170/1672/1631 1162/1697/1656 1169/1698/1657
f 1177/1673/1632 1170/1672/1631 1169/1698/1657
f 1177/1673/1632 1169/1698/1657 1176/1699/1658
f 1185/1656/1615 1177/1673/1632 1176/1699/1658
f 1185/1656/1615 1176/1699/1658 1184/1654/1613
f 125/1700/1659 1138/1701/1660 126/1702/1661
f 126/1702/1661 1138/1701/1660 1137/1703/1662
f 126/1702/1661 1137/1703/1662 1136/1704/1663
f 1136/1704/1663 1135/1705/1664 126/1702/1661
f 132/1706/1665 131/1707/1666 1122/1708/1667
f 1122/1708/1667 131/1707/1666 1123/1709/1668
f 1123/1709/1668 131/1707/1666 130/1710/1669
f 1123/1709/1668 130/1710/1669 1124/1711/1670
f 1124/1711/1670 130/1710/1669 129/1712/1671
f 1124/1711/1670 129/1712/1671 1131/1713/1672
f 1131/1713/1672 129/1712/1671 128/1714/1673
f 1131/1713/1672 128/1714/1673 1132/1715/1674
f 1132/1715/1674 128/1714/1673 127/1716/1675
f 1132/1715/1674 127/1716/1675 1133/1717/1676
f 1133/1717/1676 127/1716/1675 1134/1718/1677
f 1134/1718/1677 127/1716/1675 126/1719/1678
f 1134/1718/1677 126/1719/1678 1135/1720/1679
f 132/1721/1665 1122/1722/1680 84/1723/1681
f 84/1723/1681 1122/1722/1680 1121/1724/1682
f 84/1723/1681 1121/1724/1682 1120/1725/1683
f 1120/1725/1683 1187/1726/1684 84/1723/1681
f 84/1723/1681 1187/1726/1684 1188/1727/1685
f 84/1723/1681 1188/1727/1685 1190/1728/1686
f 1190/1728/1686 1188/1727/1685 1189/1729/1687
f 1190/1728/1686 1189/1729/1687 327/1730/1688
f 327/1730/1688 1189/1729/1687 328/1731/1689
f 327/1730/1688 495/1732/1690 1190/1728/1686
f 1190/1728/1686 92/1733/1691 84/1723/1681
f 90/1734/1692 99/1735/1693 1197/1736/1694
f 1197/1736/1694 99/1735/1693 1196/1737/1695
f 1196/1737/1695 99/1735/1693 98/1738/1696
f 1196/1737/1695 98/1738/1696 1195/1739/1697
f 1195/1739/1697 98/1738/1696 97/1740/1698
f 1195/1739/1697 97/1740/1698 1194/1741/1699
f 1194/1741/1699 97/1740/1698 96/1742/1700
f 1194/1741/1699 96/1742/1700 1193/1743/1701
f 1193/1743/1701 96/1742/1700 95/1744/1702
f 1193/1743/1701 95/1744/1702 1192/1745/1703
f 1192/1745/1703 95/1744/1702 94/1746/1704
f 1192/1745/1703 94/1746/1704 1191/1747/1705
f 1191/1747/1705 94/1746/1704 93/1748/1706
f 1191/1747/1705 93/1748/1706 1190/1749/1686
f 1190/1749/1686 93/1748/1706 92/1750/1707
f 90/1751/1692 1197/1752/1694 91/1753/1708
f 91/1753/1708 1197/1752/1694 103/1754/1709
f 1201/1755/1710 107/1756/1711 1200/1757/1712
f 1200/1757/1712 107/1756/1711 106/1758/1713
f 1200/1757/1712 106/1758/1713 1199/1759/1714
f 1199/1759/1714 106/1758/1713 105/1760/1715
f 1199/1759/1714 105/1760/1715 1198/1761/1716
f 1198/1761/1716 105/1760/1715 104/1762/1717
f 1198/1761/1716 104/1762/1717 1197/1763/1718
f 1197/1763/1718 104/1762/1717 103/1764/1719
f 107/1765/1711 1201/1766/1720 108/1767/1721
f 108/1767/1721 1201/1766/1720 337/1768/1722
f 337/1768/1722 1201/1766/1720 489/1769/1723
f 1059/1770/1502 1058/1771/1501 471/1772/1724
f 471/1772/1724 1058/1771/1501 1034/1773/1725
f 1034/1773/1725 1058/1771/1501 1057/1774/1499
f 1034/1773/1725 1057/1774/1499 1035/1775/1726
f 1035/1775/1726 1057/1774/1499 1036/1776/1727
f 1036/1776/1727 1057/1774/1499 1056/1777/1497
f 1036/1776/1727 1056/1777/1497 1037/1778/1728
f 1037/1778/1728 1056/1777/1497 1055/1779/1729
f 1037/1778/1728 1055/1779/1729 476/1780/1730
f 476/1780/1730 1055/1779/1729 1054/1781/1731
f 403/1782/1732 402/1783/1733 1205/1784/1734
f 1205/1784/1734 402/1783/1733 401/1785/1735
f 1205/1784/1734 401/1785/1735 1204/1786/1736
f 1204/1786/1736 401/1785/1735 400/1787/1737
f 1204/1786/1736 400/1787/1737 1203/1788/1738
f 1203/1788/1738 400/1787/1737 399/1789/1739
f 1203/1788/1738 399/1789/1739 1202/1790/1740
f 1202/1790/1740 399/1789/1739 398/1791/1741
f 1206/1792/1742 338/1793/1743 1219/1794/1744
f 1219/1794/1744 338/1793/1743 563/1795/1745
f 1219/1794/1744 563/1795/1745 1218/1796/1746
f 1218/1796/1746 563/1795/1745 562/1797/1747
f 1218/1796/1746 562/1797/1747 1217/1798/1748
f 1217/1798/1748 562/1797/1747 561/1799/1749
f 1217/1798/1748 561/1799/1749 1216/1800/1750
f 1216/1800/1750 561/1799/1749 560/1801/1751
f 1216/1800/1750 560/1801/1751 1215/1802/1752
f 1215/1802/1752 560/1801/1751 559/1803/1753
f 1215/1802/1752 559/1803/1753 1214/1804/1754
f 1214/1804/1754 559/1803/1753 558/1805/1755
f 1214/1804/1754 558/1805/1755 1213/1806/1756
f 1213/1806/1756 558/1805/1755 557/1807/1757
f 1213/1806/1756 557/1807/1757 1212/1808/1758
f 1212/1808/1758 557/1807/1757 556/1809/1759
f 1212/1808/1758 556/1809/1759 1211/1810/1760
f 1211/1810/1760 556/1809/1759 555/1811/1761
f 1211/1810/1760 555/1811/1761 1210/1812/1762
f 1210/1812/1762 555/1811/1761 554/1813/1763
f 1210/1812/1762 554/1813/1763 1209/1814/1764
f 1209/1814/1764 554/1813/1763 553/1815/1765
f 1209/1814/1764 553/1815/1765 1208/1816/1766
f 1208/1816/1766 553/1815/1765 552/1817/1767
f 1208/1816/1766 552/1817/1767 1207/1818/1768
f 1207/1818/1768 552/1817/1767 551/1819/1769
f 1207/1818/1768 551/1819/1769 1189/1820/1770
f 1189/1820/1770 551/1819/1769 328/1821/1771
f 398/1822/1772 339/1823/1773 1220/1824/1774
f 1220/1824/1774 339/1823/1773 338/1825/1775
f 1220/1824/1774 338/1825/1775 1206/1826/1776
f 1103/1827/1550 1085/1828/1551 345/1829/1777
f 345/1829/1777 1085/1828/1551 1059/1830/1519
f 345/1829/1777 1059/1830/1519 471/1831/1778
f 345/1829/1777 344/1832/1779 1103/1827/1550
f 1103/1827/1550 344/1832/1779 403/1833/1780
f 1038/1834/1781 285/1835/1782 1054/1836/1494
f 1054/1836/1494 285/1835/1782 294/1837/1783
f 1054/1836/1494 294/1837/1783 476/1838/1784
f 1103/1839/1550 403/1840/1780 1224/1841/1785
f 1224/1841/1785 403/1840/1780 1205/1842/1786
f 1224/1841/1785 1205/1842/1786 1223/1843/1787
f 1223/1843/1787 1205/1842/1786 1204/1844/1788
f 1223/1843/1787 1204/1844/1788 1222/1845/1789
f 1222/1845/1789 1204/1844/1788 1203/1846/1790
f 1222/1845/1789 1203/1846/1790 1202/1847/1791
f 1222/1845/1789 1202/1847/1791 1221/1848/1792
f 1221/1848/1792 1202/1847/1791 398/1849/1793
f 1221/1848/1792 398/1849/1793 1220/1850/1794
f 1190/1851/1686 495/1852/1690 1229/1853/1795
f 1229/1853/1795 495/1852/1690 1033/1854/1796
f 1229/1853/1795 1033/1854/1796 1228/1855/1797
f 1228/1855/1797 1033/1854/1796 1032/1856/1798
f 1228/1855/1797 1032/1856/1798 1227/1857/1799
f 1227/1857/1799 1032/1856/1798 1031/1858/1800
f 1227/1857/1799 1031/1858/1800 1030/1859/1801
f 1227/1857/1799 1030/1859/1801 1226/1860/1802
f 1226/1860/1802 1030/1859/1801 1029/1861/1803
f 1226/1860/1802 1029/1861/1803 1225/1862/1804
f 1225/1862/1804 1029/1861/1803 489/1863/1723
f 1225/1862/1804 489/1863/1723 1201/1864/1720
f 1207/1865/1768 1189/1866/1805 1236/1867/1806
f 1236/1867/1806 1189/1866/1805 1188/1868/1807
f 1236/1867/1806 1188/1868/1807 1234/1869/1808
f 1234/1869/1808 1188/1868/1807 1238/1870/1809
f 1234/1869/1808 1238/1870/1809 1239/1871/1810
f 1239/1871/1810 1238/1870/1809 1243/1872/1811
f 1239/1871/1810 1243/1872/1811 1244/1873/1812
f 1244/1873/1812 1243/1872/1811 1248/1874/1813
f 1244/1873/1812 1248/1874/1813 1212/1875/1814
f 1212/1875/1814 1248/1874/1813 1213/1876/1815
f 1213/1876/1815 1248/1874/1813 1252/1877/1816
f 1213/1876/1815 1252/1877/1816 1214/1878/1817
f 1214/1878/1817 1252/1877/1816 1256/1879/1818
f 1214/1878/1817 1256/1879/1818 1215/1880/1819
f 1215/1880/1819 1256/1879/1818 1260/1881/1820
f 1215/1880/1819 1260/1881/1820 1216/1882/1821
f 1216/1882/1821 1260/1881/1820 1264/1883/1822
f 1216/1882/1821 1264/1883/1822 1217/1884/1823
f 1217/1884/1823 1264/1883/1822 1268/1885/1824
f 1217/1884/1823 1268/1885/1824 1218/1886/1825
f 1218/1886/1825 1268/1885/1824 1272/1887/1826
f 1218/1886/1825 1272/1887/1826 1219/1888/1827
f 1219/1888/1827 1272/1887/1826 1276/1889/1828
f 1219/1888/1827 1276/1889/1828 1206/1890/1829
f 1206/1890/1829 1276/1889/1828 1233/1891/1830
f 1233/1891/1830 1276/1889/1828 1275/1892/1831
f 1233/1891/1830 1275/1892/1831 1232/1893/1832
f 1232/1893/1832 1275/1892/1831 1274/1894/1833
f 1232/1893/1832 1274/1894/1833 1231/1895/1834
f 1231/1895/1834 1274/1894/1833 1273/1896/1835
f 1231/1895/1834 1273/1896/1835 1230/1897/1836
f 1230/1897/1836 1273/1896/1835 1111/1898/1837
f 1230/1897/1836 1111/1898/1837 1110/1899/1838
f 1188/1868/1807 1187/1900/1839 1238/1870/1809
f 1238/1870/1809 1187/1900/1839 1237/1901/1840
f 1238/1870/1809 1237/1901/1840 1242/1902/1841
f 1242/1902/1841 1237/1901/1840 1241/1903/1842
f 1242/1902/1841 1241/1903/1842 1246/1904/1843
f 1246/1904/1843 1241/1903/1842 1245/1905/1844
f 1246/1904/1843 1245/1905/1844 1250/1906/1845
f 1250/1906/1845 1245/1905/1844 1249/1907/1846
f 1250/1906/1845 1249/1907/1846 1254/1908/1847
f 1254/1908/1847 1249/1907/1846 1253/1909/1848
f 1254/1908/1847 1253/1909/1848 1258/1910/1849
f 1258/1910/1849 1253/1909/1848 1257/1911/1850
f 1258/1910/1849 1257/1911/1850 1262/1912/1851
f 1262/1912/1851 1257/1911/1850 1261/1913/1852
f 1262/1912/1851 1261/1913/1852 1266/1914/1853
f 1266/1914/1853 1261/1913/1852 1265/1915/1854
f 1266/1914/1853 1265/1915/1854 1270/1916/1855
f 1270/1916/1855 1265/1915/1854 1269/1917/1856
f 1270/1916/1855 1269/1917/1856 1274/1894/1833
f 1274/1894/1833 1269/1917/1856 1273/1896/1835
f 1187/1900/1839 1120/1918/1857 1237/1901/1840
f 1237/1901/1840 1120/1918/1857 1241/1903/1842
f 1120/1918/1857 1119/1919/1858 1241/1903/1842
f 1241/1903/1842 1119/1919/1858 1245/1905/1844
f 1119/1919/1858 1118/1920/1859 1245/1905/1844
f 1245/1905/1844 1118/1920/1859 1249/1907/1846
f 1118/1920/1859 1117/1921/1860 1249/1907/1846
f 1249/1907/1846 1117/1921/1860 1253/1909/1848
f 1117/1921/1860 1116/1922/1861 1253/1909/1848
f 1253/1909/1848 1116/1922/1861 1257/1911/1850
f 1116/1922/1861 1115/1923/1862 1257/1911/1850
f 1257/1911/1850 1115/1923/1862 1261/1913/1852
f 1115/1923/1862 1114/1924/1863 1261/1913/1852
f 1261/1913/1852 1114/1924/1863 1265/1915/1854
f 1114/1924/1863 1113/1925/1864 1265/1915/1854
f 1265/1915/1854 1113/1925/1864 1269/1917/1856
f 1113/1925/1864 1112/1926/1865 1269/1917/1856
f 1269/1917/1856 1112/1926/1865 1273/1896/1835
f 1112/1926/1865 1111/1898/1837 1273/1896/1835
f 1212/1875/1814 1211/1927/1866 1244/1873/1812
f 1244/1873/1812 1211/1927/1866 1240/1928/1867
f 1244/1873/1812 1240/1928/1867 1239/1871/1810
f 1239/1871/1810 1240/1928/1867 1234/1869/1808
f 1211/1927/1866 1210/1929/1868 1240/1928/1867
f 1240/1928/1867 1210/1929/1868 1235/1930/1869
f 1240/1928/1867 1235/1930/1869 1234/1869/1808
f 1234/1869/1808 1235/1930/1869 1236/1867/1806
f 1210/1929/1868 1209/1931/1870 1235/1930/1869
f 1235/1930/1869 1209/1931/1870 1236/1867/1806
f 1209/1931/1870 1208/1932/1871 1236/1867/1806
f 1236/1867/1806 1208/1932/1871 1207/1865/1768
f 1243/1872/1811 1238/1870/1809 1242/1902/1841
f 1243/1872/1811 1242/1902/1841 1247/1933/1872
f 1247/1933/1872 1242/1902/1841 1246/1904/1843
f 1247/1933/1872 1246/1904/1843 1251/1934/1873
f 1251/1934/1873 1246/1904/1843 1250/1906/1845
f 1251/1934/1873 1250/1906/1845 1255/1935/1874
f 1255/1935/1874 1250/1906/1845 1254/1908/1847
f 1255/1935/1874 1254/1908/1847 1259/1936/1875
f 1259/1936/1875 1254/1908/1847 1258/1910/1849
f 1259/1936/1875 1258/1910/1849 1263/1937/1876
f 1263/1937/1876 1258/1910/1849 1262/1912/1851
f 1263/1937/1876 1262/1912/1851 1267/1938/1877
f 1267/1938/1877 1262/1912/1851 1266/1914/1853
f 1267/1938/1877 1266/1914/1853 1271/1939/1878
f 1271/1939/1878 1266/1914/1853 1270/1916/1855
f 1271/1939/1878 1270/1916/1855 1275/1892/1831
f 1275/1892/1831 1270/1916/1855 1274/1894/1833
f 1252/1877/1816 1248/1874/1813 1247/1933/1872
f 1247/1933/1872 1248/1874/1813 1243/1872/1811
f 1252/1877/1816 1247/1933/1872 1251/1934/1873
f 1256/1879/1818 1252/1877/1816 1251/1934/1873
f 1256/1879/1818 1251/1934/1873 1255/1935/1874
f 1260/1881/1820 1256/1879/1818 1255/1935/1874
f 1260/1881/1820 1255/1935/1874 1259/1936/1875
f 1264/1883/1822 1260/1881/1820 1259/1936/1875
f 1264/1883/1822 1259/1936/1875 1263/1937/1876
f 1268/1885/1824 1264/1883/1822 1263/1937/1876
f 1268/1885/1824 1263/1937/1876 1267/1938/1877
f 1272/1887/1826 1268/1885/1824 1267/1938/1877
f 1272/1887/1826 1267/1938/1877 1271/1939/1878
f 1276/1889/1828 1272/1887/1826 1271/1939/1878
f 1276/1889/1828 1271/1939/1878 1275/1892/1831
f 1233/1940/1879 1281/1941/1880 1206/1942/1776
f 1206/1942/1776 1281/1941/1880 1282/1943/1881
f 1206/1942/1776 1282/1943/1881 1283/1944/1882
f 1283/1944/1882 1282/1943/1881 1291/1945/1883
f 1283/1944/1882 1291/1945/1883 1292/1946/1884
f 1292/1946/1884 1291/1945/1883 1300/1947/1885
f 1292/1946/1884 1300/1947/1885 1301/1948/1886
f 1301/1948/1886 1300/1947/1885 1309/1949/1887
f 1301/1948/1886 1309/1949/1887 1310/1950/1888
f 1310/1950/1888 1309/1949/1887 1109/1951/1889
f 1310/1950/1888 1109/1951/1889 1311/1952/1890
f 1311/1952/1890 1109/1951/1889 1312/1953/1891
f 1311/1952/1890 1312/1953/1891 1303/1954/1892
f 1303/1954/1892 1312/1953/1891 1304/1955/1893
f 1303/1954/1892 1304/1955/1893 1295/1956/1894
f 1295/1956/1894 1304/1955/1893 1296/1957/1895
f 1295/1956/1894 1296/1957/1895 1287/1958/1896
f 1287/1958/1896 1296/1957/1895 1288/1959/1897
f 1287/1958/1896 1288/1959/1897 1220/1960/1898
f 1220/1960/1898 1288/1959/1897 1280/1961/1899
f 1280/1961/1899 1288/1959/1897 1279/1962/1900
f 1279/1962/1900 1288/1959/1897 1296/1957/1895
f 1279/1962/1900 1296/1957/1895 1278/1963/1901
f 1278/1963/1901 1296/1957/1895 1304/1955/1893
f 1278/1963/1901 1304/1955/1893 1277/1964/1902
f 1277/1964/1902 1304/1955/1893 1312/1953/1891
f 1277/1964/1902 1312/1953/1891 1109/1951/1889
f 1281/1941/1880 1233/1940/1879 1289/1965/1903
f 1289/1965/1903 1233/1940/1879 1232/1966/1904
f 1289/1965/1903 1232/1966/1904 1297/1967/1905
f 1297/1967/1905 1232/1966/1904 1231/1968/1906
f 1297/1967/1905 1231/1968/1906 1305/1969/1907
f 1305/1969/1907 1231/1968/1906 1230/1970/1908
f 1305/1969/1907 1230/1970/1908 1110/1971/1556
f 1109/1951/1889 1308/1972/1909 1110/1971/1556
f 1110/1971/1556 1308/1972/1909 1307/1973/1910
f 1110/1971/1556 1307/1973/1910 1306/1974/1911
f 1306/1974/1911 1307/1973/1910 1298/1975/1912
f 1306/1974/1911 1298/1975/1912 1297/1967/1905
f 1297/1967/1905 1298/1975/1912 1289/1965/1903
f 1206/1942/1776 1285/1976/1913 1220/1960/1898
f 1220/1960/1898 1285/1976/1913 1286/1977/1914
f 1220/1960/1898 1286/1977/1914 1287/1958/1896
f 1287/1958/1896 1286/1977/1914 1295/1956/1894
f 1282/1943/1881 1281/1941/1880 1290/1978/1915
f 1290/1978/1915 1281/1941/1880 1289/1965/1903
f 1290/1978/1915 1289/1965/1903 1298/1975/1912
f 1285/1976/1913 1206/1942/1776 1284/1979/1916
f 1284/1979/1916 1206/1942/1776 1283/1944/1882
f 1284/1979/1916 1283/1944/1882 1292/1946/1884
f 1285/1976/1913 1284/1979/1916 1293/1980/1917
f 1293/1980/1917 1284/1979/1916 1292/1946/1884
f 1293/1980/1917 1292/1946/1884 1301/1948/1886
f 1286/1977/1914 1285/1976/1913 1294/1981/1918
f 1294/1981/1918 1285/1976/1913 1293/1980/1917
f 1294/1981/1918 1293/1980/1917 1302/1982/1919
f 1302/1982/1919 1293/1980/1917 1301/1948/1886
f 1302/1982/1919 1301/1948/1886 1310/1950/1888
f 1282/1943/1881 1290/1978/1915 1291/1945/1883
f 1291/1945/1883 1290/1978/1915 1299/1983/1920
f 1291/1945/1883 1299/1983/1920 1300/1947/1885
f 1300/1947/1885 1299/1983/1920 1308/1972/1909
f 1300/1947/1885 1308/1972/1909 1309/1949/1887
f 1309/1949/1887 1308/1972/1909 1109/1951/1889
f 1299/1983/1920 1290/1978/1915 1298/1975/1912
f 1303/1954/1892 1295/1956/1894 1294/1981/1918
f 1294/1981/1918 1295/1956/1894 1286/1977/1914
f 1303/1954/1892 1294/1981/1918 1302/1982/1919
f 1306/1974/1911 1297/1967/1905 1305/1969/1907
f 1308/1972/1909 1299/1983/1920 1307/1973/1910
f 1307/1973/1910 1299/1983/1920 1298/1975/1912
f 1311/1952/1890 1303/1954/1892 1302/1982/1919
f 1311/1952/1890 1302/1982/1919 1310/1950/1888
f 1110/1971/1556 1306/1974/1911 1305/1969/1907
f 1221/1984/1921 1220/1985/1774 1313/1986/1922
f 1313/1986/1922 1220/1985/1774 1280/1987/1899
f 1313/1986/1922 1280/1987/1899 1317/1988/1923
f 1317/1988/1923 1280/1987/1899 1279/1989/1924
f 1317/1988/1923 1279/1989/1924 1321/1990/1925
f 1321/1990/1925 1279/1989/1924 1278/1991/1901
f 1321/1990/1925 1278/1991/1901 1324/1992/1926
f 1324/1992/1926 1278/1991/1901 1277/1993/1902
f 1324/1992/1926 1277/1993/1902 1108/1994/1927
f 1108/1994/1927 1277/1993/1902 1109/1995/1889
f 1108/1994/1927 1107/1996/1928 1324/1992/1926
f 1324/1992/1926 1107/1996/1928 1321/1990/1925
f 1321/1990/1925 1107/1996/1928 1322/1997/1929
f 1322/1997/1929 1107/1996/1928 1106/1998/1930
f 1322/1997/1929 1106/1998/1930 1323/1999/1931
f 1323/1999/1931 1106/1998/1930 1105/2000/1932
f 1323/1999/1931 1105/2000/1932 1319/2001/1933
f 1319/2001/1933 1105/2000/1932 1320/2002/1934
f 1319/2001/1933 1320/2002/1934 1315/2003/1935
f 1315/2003/1935 1320/2002/1934 1316/2004/1936
f 1315/2003/1935 1316/2004/1936 1223/2005/1937
f 1223/2005/1937 1316/2004/1936 1224/2006/1938
f 1224/2006/1938 1316/2004/1936 1103/2007/1939
f 1103/2007/1939 1316/2004/1936 1104/2008/1940
f 1104/2008/1940 1316/2004/1936 1320/2002/1934
f 1104/2008/1940 1320/2002/1934 1105/2000/1932
f 1223/2005/1937 1222/2009/1941 1315/2003/1935
f 1315/2003/1935 1222/2009/1941 1314/2010/1942
f 1315/2003/1935 1314/2010/1942 1319/2001/1933
f 1319/2001/1933 1314/2010/1942 1318/2011/1943
f 1319/2001/1933 1318/2011/1943 1323/1999/1931
f 1323/1999/1931 1318/2011/1943 1322/1997/1929
f 1222/2009/1941 1221/1984/1921 1314/2010/1942
f 1314/2010/1942 1221/1984/1921 1313/1986/1922
f 1314/2010/1942 1313/1986/1922 1318/2011/1943
f 1318/2011/1943 1313/1986/1922 1317/1988/1923
f 1318/2011/1943 1317/1988/1923 1322/1997/1929
f 1322/1997/1929 1317/1988/1923 1321/1990/1925
f 1048/2012/1944 1325/2013/1945 1049/2014/1946
f 1049/2014/1946 1325/2013/1945 1043/2015/1947
f 1049/2014/1946 1043/2015/1947 1042/2016/1948
f 1325/2013/1945 1044/2017/1949 1043/2015/1947
f 1049/2014/1946 1042/2016/1948 1050/2018/1950
f 1050/2018/1950 1042/2016/1948 1041/2019/1951
f 1050/2018/1950 1041/2019/1951 1051/2020/1952
f 1051/2020/1952 1041/2019/1951 1040/2021/1953
f 1051/2020/1952 1040/2021/1953 1052/2022/1954
f 1052/2022/1954 1040/2021/1953 1039/2023/1955
f 1052/2022/1954 1039/2023/1955 1053/2024/1492
f 1053/2024/1492 1039/2023/1955 1038/2025/1781
f 1053/2024/1492 1038/2025/1781 1054/2026/1494
f 1201/2027/1956 1200/2028/1712 1225/2029/1957
f 1225/2029/1957 1200/2028/1712 1326/2030/1958
f 1225/2029/1957 1326/2030/1958 1226/2031/1959
f 1226/2031/1959 1326/2030/1958 1327/2032/1960
f 1226/2031/1959 1327/2032/1960 1227/2033/1799
f 1227/2033/1799 1327/2032/1960 1328/2034/1961
f 1227/2033/1799 1328/2034/1961 1228/2035/1797
f 1228/2035/1797 1328/2034/1961 1329/2036/1962
f 1228/2035/1797 1329/2036/1962 1229/2037/1795
f 1229/2037/1795 1329/2036/1962 1330/2038/1963
f 1229/2037/1795 1330/2038/1963 1190/2039/1964
f 1190/2039/1964 1330/2038/1963 1191/2040/1965
f 1191/2040/1965 1330/2038/1963 1192/2041/1966
f 1192/2041/1966 1330/2038/1963 1329/2036/1962
f 1192/2041/1966 1329/2036/1962 1334/2042/1967
f 1334/2042/1967 1329/2036/1962 1328/2034/1961
f 1334/2042/1967 1328/2034/1961 1333/2043/1968
f 1333/2043/1968 1328/2034/1961 1327/2032/1960
f 1333/2043/1968 1327/2032/1960 1332/2044/1969
f 1332/2044/1969 1327/2032/1960 1326/2030/1958
f 1332/2044/1969 1326/2030/1958 1331/2045/1970
f 1331/2045/1970 1326/2030/1958 1200/2028/1712
f 1331/2045/1970 1200/2028/1712 1199/2046/1971
f 1331/2045/1970 1199/2046/1971 1335/2047/1972
f 1335/2047/1972 1199/2046/1971 1198/2048/1973
f 1335/2047/1972 1198/2048/1973 1196/2049/1974
f 1196/2049/1974 1198/2048/1973 1197/2050/1975
f 1196/2049/1974 1195/2051/1976 1335/2047/1972
f 1335/2047/1972 1195/2051/1976 1336/2052/1977
f 1335/2047/1972 1336/2052/1977 1331/2045/1970
f 1331/2045/1970 1336/2052/1977 1332/2044/1969
f 1195/2051/1976 1194/2053/1978 1336/2052/1977
f 1336/2052/1977 1194/2053/1978 1332/2044/1969
f 1332/2044/1969 1194/2053/1978 1333/2043/1968
f 1333/2043/1968 1194/2053/1978 1193/2054/1979
f 1333/2043/1968 1193/2054/1979 1334/2042/1967
f 1334/2042/1967 1193/2054/1979 1192/2041/1966
f 101/2055/1980 76/2056/1981 1099/2057/1982
f 1099/2057/1982 76/2056/1981 1100/2058/1983
f 1100/2058/1983 76/2056/1981 1101/2059/1984
f 1101/2059/1984 76/2056/1981 1102/2060/1985
f 1102/2060/1985 76/2056/1981 1088/2061/1986
f 1088/2061/1986 76/2056/1981 1089/2062/1987
f 1089/2062/1987 76/2056/1981 1090/2063/1988
f 1090/2063/1988 76/2056/1981 1091/2064/1989
f 1091/2064/1989 76/2056/1981 1081/2065/1990
f 1081/2065/1990 76/2056/1981 1082/2066/1991
f 1082/2066/1991 76/2056/1981 1083/2067/1992
f 1083/2067/1992 76/2056/1981 1084/2068/1993
f 1084/2068/1993 76/2056/1981 1045/2069/1994
f 1045/2069/1994 76/2056/1981 1046/2070/1995
f 1046/2070/1995 76/2056/1981 1047/2071/1996
f 1047/2071/1996 76/2056/1981 1048/2072/1997
f 1048/2072/1997 76/2056/1981 81/2073/1998
f 1048/2072/1997 81/2073/1998 1325/2074/1999
f 1325/2074/1999 81/2073/1998 1044/2075/2000
f 73/2076/2001 72/2077/2002 11/2078/2003
f 11/2078/2003 72/2077/2002 8/2079/2004
f 74/2080/2005 73/2081/2006 10/2082/2007
f 10/2082/2007 73/2081/2006 11/2083/2008
f 42/2084/2009 21/2085/2010 43/2086/2011
f 43/2086/2011 21/2085/2010 18/2087/2012
f 43/2086/2011 18/2087/2012 27/2088/2013
f 21/2085/2010 19/2089/2014 18/2087/2012
f 27/2088/2013 26/2090/2015 43/2086/2011
f 20/2091/2016 22/2092/2017 17/2093/2018
f 17/2093/2018 22/2092/2017 23/2094/2019
f 17/2093/2018 23/2094/2019 36/2095/2020
f 36/2095/2020 37/2096/2021 17/2093/2018
f 41/2097/2022 55/2098/2023 42/2099/2024
f 42/2099/2024 55/2098/2023 23/2100/2025
f 42/2099/2024 23/2100/2025 22/2101/2026
f 23/2100/2025 55/2098/2023 54/2102/2027
f 54/2102/2027 55/2098/2023 57/2103/2028
f 54/2102/2027 57/2103/2028 56/2104/2029
f 54/2102/2027 53/2105/2030 23/2100/2025
f 23/2100/2025 53/2105/2030 63/2106/2031
f 23/2100/2025 63/2106/2031 62/2107/2032
f 62/2107/2032 52/2108/2033 23/2100/2025
f 23/2100/2025 52/2108/2033 24/2109/2034
f 22/2101/2026 21/2110/2035 42/2099/2024
f 1344/2111/2036 2/2112/2037 1339/2113/2038
f 1339/2113/2038 2/2112/2037 1/2114/2039
f 1339/2113/2038 1/2114/2039 12/2115/2040
f 1337/2116/2041 1338/2117/2042 12/2115/2040
f 12/2115/2040 1338/2117/2042 1339/2113/2038
f 1340/2118/2043 1341/2119/2044 1339/2113/2038
f 1339/2113/2038 1341/2119/2044 1343/2120/2045
f 1339/2113/2038 1343/2120/2045 1344/2111/2036
f 1341/2119/2044 1342/2121/2046 1343/2120/2045
f 1346/2122/2047 1347/2123/2048 1345/2124/2049
f 1345/2124/2049 1347/2123/2048 1348/2125/2050
f 1350/2126/2051 1351/2127/2052 1349/2128/2053
f 1349/2128/2053 1351/2127/2052 1352/2129/2054
f 1354/2130/2055 1356/2131/2056 1353/2132/2057
f 1353/2132/2057 1356/2131/2056 1351/2133/2058
f 1353/2132/2057 1351/2133/2058 1350/2134/2059
f 1354/2130/2055 1355/2135/2060 1356/2131/2056
f 1350/2134/2059 1357/2136/2061 1353/2132/2057
f 1341/2137/2062 1358/2138/2063 1342/2139/2064
f 1342/2139/2064 1358/2138/2063 1359/2140/2065
f 1342/2139/2064 1359/2140/2065 1364/2141/2066
f 1364/2141/2066 1359/2140/2065 1360/2142/2067
f 1364/2141/2066 1360/2142/2067 1362/2143/2068
f 1362/2143/2068 1360/2142/2067 1361/2144/2069
f 1362/2143/2068 1363/2145/2070 1364/2141/2066
f 1365/2146/2071 1366/2147/2072 1368/2148/2073
f 1368/2148/2073 1366/2147/2072 1367/2149/2074
f 1369/2150/2075 1365/2151/2076 1368/2152/2077
f 1370/2153/2078 1371/2154/2079 1375/2155/2080
f 1375/2155/2080 1371/2154/2079 1374/2156/2081
f 1374/2156/2081 1371/2154/2079 1372/2157/2082
f 1374/2156/2081 1372/2157/2082 1373/2158/2083
f 1377/2159/2084 1378/2160/2085 1376/2161/2086
f 1376/2161/2086 1378/2160/2085 1379/2162/2087
f 1376/2161/2086 1379/2162/2087 1381/2163/2088
f 1381/2163/2088 1379/2162/2087 1380/2164/2089
f 1383/2165/2090 1384/2166/2091 1382/2167/2092
f 1382/2167/2092 1384/2166/2091 1385/2168/2093
f 1381/2169/2094 1372/2170/2095 1376/2171/2096
f 1376/2171/2096 1372/2170/2095 1371/2172/2097
f 1376/2171/2096 1371/2172/2097 1386/2173/2098
f 1386/2173/2098 1371/2172/2097 1385/2174/2099
f 1386/2173/2098 1385/2174/2099 1384/2175/2100
f 1386/2173/2098 1360/2176/2101 1376/2171/2096
f 1376/2171/2096 1360/2176/2101 1359/2177/2102
f 1375/2178/2103 1378/2179/2104 1370/2180/2105
f 1370/2180/2105 1378/2179/2104 1377/2181/2106
f 1387/2182/2107 1358/2183/2108 1340/2184/2109
f 1340/2184/2109 1358/2183/2108 1341/2185/2110
f 1388/2186/2111 1363/2187/2112 1362/2188/2113
f 1389/2189/2114 1390/2190/2115 1392/2191/2116
f 1392/2191/2116 1390/2190/2115 1391/2192/2117
f 1347/2193/2118 1393/2194/2119 1348/2195/2120
f 1348/2195/2120 1393/2194/2119 1394/2196/2121
f 1348/2197/2122 1394/2198/2123 1345/2199/2124
f 1345/2199/2124 1394/2198/2123 1395/2200/2125
f 2/2201/2126 1344/2202/2127 3/2203/2128
f 3/2203/2128 1344/2202/2127 1393/2204/2129
f 3/2203/2128 1393/2204/2129 1337/2205/2130
f 1337/2205/2130 1393/2204/2129 1402/2206/2131
f 1337/2205/2130 1402/2206/2131 1403/2207/2132
f 1393/2204/2129 1344/2202/2127 1394/2208/2133
f 1394/2208/2133 1344/2202/2127 1396/2209/2134
f 1394/2208/2133 1396/2209/2134 1395/2210/2135
f 1395/2210/2135 1396/2209/2134 1397/2211/2136
f 1395/2210/2135 1397/2211/2136 1404/2212/2137
f 1404/2212/2137 1397/2211/2136 1392/2213/2138
f 1404/2212/2137 1392/2213/2138 1402/2206/2131
f 1402/2206/2131 1392/2213/2138 1391/2214/2139
f 1402/2206/2131 1391/2214/2139 1401/2215/2140
f 1401/2215/2140 1391/2214/2139 1399/2216/2141
f 1401/2215/2140 1399/2216/2141 1400/2217/2142
f 1397/2211/2136 1398/2218/2143 1392/2213/2138
f 1337/2205/2130 12/2219/2144 3/2203/2128
f 1393/2204/2129 1404/2212/2137 1402/2206/2131
f 1337/2220/2145 1403/2221/2146 1338/2222/2147
f 1338/2222/2147 1403/2221/2146 1405/2223/2148
f 1405/2224/2149 1403/2225/2150 1409/2226/2151
f 1409/2226/2151 1403/2225/2150 1402/2227/2152
f 1409/2226/2151 1402/2227/2152 1406/2228/2153
f 1406/2228/2153 1407/2229/2154 1409/2226/2151
f 1409/2226/2151 1407/2229/2154 1408/2230/2155
f 1410/2231/2156 1406/2232/2157 1401/2233/2158
f 1401/2233/2158 1406/2232/2157 1402/2234/2159
f 1411/2235/2160 1399/2236/2161 1390/2237/2162
f 1390/2237/2162 1399/2236/2161 1391/2238/2163
f 1413/2239/2164 1414/2240/2165 1412/2241/2166
f 1412/2241/2166 1414/2240/2165 1410/2242/2167
f 1410/2242/2167 1414/2240/2165 1411/2243/2168
f 1410/2242/2167 1411/2243/2168 1390/2244/2169
f 1410/2242/2167 1390/2244/2169 1406/2245/2170
f 1406/2245/2170 1390/2244/2169 1389/2246/2171
f 1406/2245/2170 1389/2246/2171 1407/2247/2172
f 1407/2247/2172 1389/2246/2171 1416/2248/2173
f 1407/2247/2172 1416/2248/2173 1417/2249/2174
f 1389/2246/2171 1415/2250/2175 1416/2248/2173
f 1342/2251/2176 1364/2252/2177 1343/2253/2178
f 1418/2254/2179 1354/2255/2180 1419/2256/2181
f 1419/2256/2181 1354/2255/2180 1353/2257/2182
f 1353/2258/2183 1357/2259/2184 1419/2260/2185
f 1419/2260/2185 1357/2259/2184 1396/2261/2186
f 1396/2261/2186 1357/2259/2184 1397/2262/2187
f 1397/2262/2187 1357/2259/2184 1417/2263/2188
f 1397/2262/2187 1417/2263/2188 1416/2264/2189
f 1364/2265/2190 1363/2266/2191 1343/2267/2192
f 1343/2267/2192 1363/2266/2191 1344/2268/2193
f 1344/2268/2193 1363/2266/2191 1396/2269/2194
f 1396/2269/2194 1363/2266/2191 1388/2270/2195
f 1396/2269/2194 1388/2270/2195 1419/2271/2196
f 1419/2271/2196 1388/2270/2195 1418/2272/2197
f 1420/2273/2198 1412/2274/2199 1421/2275/2200
f 1421/2275/2200 1412/2274/2199 1410/2276/2201
f 1421/2275/2200 1410/2276/2201 1401/2277/2202
f 1401/2277/2202 1400/2278/2203 1421/2275/2200
f 1422/2279/2204 1423/2280/2205 1425/2281/2206
f 1425/2281/2206 1423/2280/2205 1424/2282/2207
f 1422/2283/2208 1425/2284/2209 1426/2285/2210
f 1426/2285/2210 1425/2284/2209 1427/2286/2211
f 1426/2287/2212 1427/2288/2213 1428/2289/2214
f 1428/2289/2214 1427/2288/2213 1429/2290/2215
f 1423/2291/2216 1428/2292/2217 1424/2293/2218
f 1424/2293/2218 1428/2292/2217 1429/2294/2219
f 1380/2295/2220 1373/2296/2221 1424/2297/2222
f 1424/2297/2222 1373/2296/2221 1372/2298/2223
f 1424/2297/2222 1372/2298/2223 1425/2299/2224
f 1425/2299/2224 1372/2298/2223 1381/2300/2225
f 1425/2299/2224 1381/2300/2225 1427/2301/2226
f 1427/2301/2226 1381/2300/2225 1429/2302/2227
f 1429/2302/2227 1381/2300/2225 1380/2295/2220
f 1429/2302/2227 1380/2295/2220 1424/2297/2222
f 1428/2303/2228 1423/2304/2229 1426/2305/2230
f 1426/2305/2230 1423/2304/2229 1422/2306/2231
f 1430/2307/2232 1386/2308/2233 1352/2309/2234
f 1352/2309/2234 1386/2308/2233 1384/2310/2235
f 1352/2309/2234 1384/2310/2235 1383/2311/2236
f 1383/2311/2236 1349/2312/2237 1352/2309/2234
f 1356/2313/2238 1430/2314/2239 1351/2315/2240
f 1351/2315/2240 1430/2314/2239 1352/2316/2241
f 1386/2317/2242 1431/2318/2243 1360/2319/2244
f 1360/2319/2244 1431/2318/2243 1433/2320/2245
f 1360/2319/2244 1433/2320/2245 1361/2321/2246
f 1361/2321/2246 1433/2320/2245 1434/2322/2247
f 1430/2323/2248 1356/2324/2249 1386/2317/2242
f 1386/2317/2242 1356/2324/2249 1431/2318/2243
f 1431/2318/2243 1432/2325/2250 1433/2320/2245
f 1434/2326/2251 1433/2327/2252 1388/2328/2253
f 1388/2328/2253 1433/2327/2252 1418/2329/2254
f 1361/2330/2255 1434/2331/2256 1362/2332/2257
f 1362/2332/2257 1434/2331/2256 1388/2333/2258
f 1432/2334/2259 1431/2335/2260 1354/2336/2261
f 1354/2336/2261 1431/2335/2260 1355/2337/2262
f 1433/2338/2263 1432/2339/2264 1418/2340/2265
f 1418/2340/2265 1432/2339/2264 1354/2341/2266
f 1356/2342/2267 1355/2343/2268 1431/2344/2269
f 1379/2345/2270 1374/2346/2271 1380/2347/2272
f 1380/2347/2272 1374/2346/2271 1373/2348/2273
f 1436/2349/2274 1405/2350/2275 1435/2351/2276
f 1435/2351/2276 1405/2350/2275 1409/2352/2277
f 1435/2351/2276 1409/2352/2277 1421/2353/2278
f 1436/2349/2274 1339/2354/2279 1405/2350/2275
f 1405/2350/2275 1339/2354/2279 1338/2355/2280
f 1421/2353/2278 1437/2356/2281 1435/2351/2276
f 1374/2357/2282 1379/2358/2283 1435/2359/2284
f 1435/2359/2284 1379/2358/2283 1436/2360/2285
f 1379/2361/2286 1378/2362/2287 1436/2363/2288
f 1436/2363/2288 1378/2362/2287 1387/2364/2289
f 1436/2363/2288 1387/2364/2289 1339/2365/2290
f 1339/2365/2290 1387/2364/2289 1340/2366/2291
f 1378/2362/2287 1438/2367/2292 1387/2364/2289
f 1374/2368/2293 1435/2369/2294 1375/2370/2295
f 1375/2370/2295 1435/2369/2294 1437/2371/2296
f 1375/2370/2295 1437/2371/2296 1414/2372/2297
f 1414/2372/2297 1439/2373/2298 1375/2370/2295
f 1414/2374/2299 1437/2375/2300 1411/2376/2301
f 1411/2376/2301 1437/2375/2300 1399/2377/2302
f 1399/2377/2302 1437/2375/2300 1400/2378/2303
f 1400/2378/2303 1437/2375/2300 1421/2379/2304
f 1413/2380/2305 1412/2381/2306 1440/2382/2307
f 1440/2382/2307 1412/2381/2306 1407/2383/2308
f 1440/2382/2307 1407/2383/2308 1349/2384/2309
f 1349/2384/2309 1407/2383/2308 1417/2385/2310
f 1349/2384/2309 1417/2385/2310 1350/2386/2311
f 1350/2386/2311 1417/2385/2310 1357/2387/2312
f 1412/2381/2306 1420/2388/2313 1407/2383/2308
f 1407/2383/2308 1420/2388/2313 1408/2389/2314
f 1440/2382/2307 1349/2384/2309 1369/2390/2315
f 1369/2390/2315 1349/2384/2309 1383/2391/2316
f 1369/2390/2315 1383/2391/2316 1365/2392/2317
f 1365/2392/2317 1383/2391/2316 1382/2393/2318
f 1365/2392/2317 1382/2393/2318 1366/2394/2319
f 1441/2395/2320 1440/2396/2321 1367/2397/2322
f 1367/2397/2322 1440/2396/2321 1368/2398/2323
f 1368/2398/2323 1440/2396/2321 1369/2399/2324
f 1442/2400/2325 1441/2401/2326 1367/2402/2327
f 1387/2403/2328 1438/2404/2329 1358/2405/2330
f 1358/2405/2330 1438/2404/2329 1377/2406/2331
f 1358/2405/2330 1377/2406/2331 1359/2407/2332
f 1359/2407/2332 1377/2406/2331 1376/2408/2333
f 1438/2404/2329 1443/2409/2334 1377/2406/2331
f 1377/2406/2331 1443/2409/2334 1370/2410/2335
f 1370/2410/2335 1443/2409/2334 1367/2411/2336
f 1370/2410/2335 1367/2411/2336 1366/2412/2337
f 1443/2409/2334 1442/2413/2338 1367/2411/2336
f 1366/2412/2337 1382/2414/2339 1370/2410/2335
f 1370/2410/2335 1382/2414/2339 1385/2415/2340
f 1370/2410/2335 1385/2415/2340 1371/2416/2341
f 1442/2417/2342 1443/2418/2343 1441/2419/2344
f 1441/2419/2344 1443/2418/2343 1439/2420/2345
f 1441/2419/2344 1439/2420/2345 1414/2421/2346
f 1413/2422/2347 1440/2423/2348 1414/2421/2346
f 1414/2421/2346 1440/2423/2348 1441/2419/2344
f 1409/2424/2349 1408/2425/2350 1421/2426/2351
f 1421/2426/2351 1408/2425/2350 1420/2427/2352
f 1375/2428/2353 1439/2429/2354 1378/2430/2355
f 1378/2430/2355 1439/2429/2354 1443/2431/2356
f 1378/2430/2355 1443/2431/2356 1438/2432/2357
f 1404/2433/2358 1346/2434/2359 1395/2435/2360
f 1395/2435/2360 1346/2434/2359 1345/2436/2361
f 1393/2437/2362 1347/2438/2363 1404/2439/2364
f 1404/2439/2364 1347/2438/2363 1346/2440/2365
f 1397/2441/2366 1416/2442/2367 1398/2443/2368
f 1398/2443/2368 1416/2442/2367 1415/2444/2369
f 1392/2445/2370 1398/2446/2371 1389/2447/2372
f 1389/2447/2372 1398/2446/2371 1415/2448/2373
f 1444/2449/2374 1445/2450/2375 1446/2451/2376
f 1447/2452/2377 1444/2453/2378 1448/2454/2379
f 1448/2454/2379 1444/2453/2378 1446/2455/2380
f 1449/2456/2381 1447/2457/2382 1448/2458/2383
f 1449/2459/2384 1448/2460/2385 1445/2461/2386
f 1445/2461/2386 1448/2460/2385 1446/2462/2387
f 1447/2463/2388 1449/2464/2389 1444/2465/2390
f 1444/2465/2390 1449/2464/2389 1445/2466/2391
# 1449 vertices
# 2466 texture params
# 2391 normals
# 2898 facets

# 1 groups
